INFO - [♥] Lovely 0.9.0
INFO - [♥] Game directory is at "/Users/abhipoluri/Library/Application Support/Steam/steamapps/common/Balatro/Balatro.app/Contents/MacOS"
INFO - [♥] Writing logs to "/Users/abhipoluri/Library/Application Support/Balatro/Mods/lovely/log"
INFO - [♥] Using mod directory at "/Users/abhipoluri/Library/Application Support/Balatro/Mods"
INFO - [♥] No blacklist.txt in Mods/lovely.
INFO - [♥] Initialization complete in 25ms
INFO - [♥] Applied 1 patch to '=[love "wrap_GraphicsShader.lua"]'
INFO - [♥] Applied 1 patch to '=[lovely SMODS.preflight.core "src/preflight/core.lua"]'
INFO - [G] Failed to connect to the debug server
INFO - [G] 2026-09-13 17:04:34 :: DEBUG :: DebugConsole :: Steamodded Debug Socket started !
INFO - [G] [stage]	Loading APIs
INFO - [G] [stage]	Processing Mod Files
INFO - [G] /Users/abhipoluri/Library/Application Support/Balatro/Mods	balatrobot	1
INFO - [G] 2026-09-13 17:04:34 :: WARN  :: Utils :: Trailing dot found in version "1.~".
INFO - [G] 2026-09-13 17:04:34 :: INFO  :: Loader :: Valid JSON file found
INFO - [G] 2026-09-13 17:04:34 :: DEBUG :: loader :: Blacklist file does not exist
INFO - [G] /Users/abhipoluri/Library/Application Support/Balatro/Mods	lovely	1
INFO - [G] /Users/abhipoluri/Library/Application Support/Balatro/Mods	smods	1
INFO - [G] 2026-09-13 17:04:34 :: INFO  :: Steamodded :: Preflight loaded after 0.0058183333333335
INFO - [♥] Applied 13 patches to 'main.lua'
INFO - [♥] Applied 6 patches to 'engine/controller.lua'
INFO - [♥] Applied 16 patches to 'back.lua'
INFO - [♥] Applied 10 patches to 'tag.lua'
INFO - [♥] Applied 5 patches to 'engine/event.lua'
INFO - [♥] Applied 1 patch to 'engine/node.lua'
INFO - [♥] Applied 2 patches to 'engine/moveable.lua'
INFO - [♥] Applied 4 patches to 'engine/sprite.lua'
INFO - [♥] Applied 4 patches to 'engine/animatedsprite.lua'
INFO - [♥] Applied 78 patches to 'functions/misc_functions.lua'
INFO - [♥] Applied 65 patches to 'game.lua'
INFO - [♥] Applied 4 patches to 'globals.lua'
INFO - [♥] Applied 15 patches to 'engine/ui.lua'
WARN - [♥] Pattern '{n=G.UIT.O, config={draw_layer = 1, object = DynaText({scale = args.scale, string = args.text, maxw = args.maxw, colours = {args.colour},float = true, shadow = true, silent = not args.noisy, args.scale, pop_in = 0, pop_in_rate = 6, rotate = args.rotate or nil})}},\n' on target 'functions/UI_definitions.lua' for pattern patch from smods/lovely/calc_returns.toml resulted in no matches
INFO - [♥] Applied 141 patches to 'functions/UI_definitions.lua'
INFO - [♥] Applied 63 patches to 'functions/state_events.lua'
INFO - [♥] Applied 148 patches to 'functions/common_events.lua'
INFO - [♥] Applied 65 patches to 'functions/button_callbacks.lua'
INFO - [♥] Applied 238 patches to 'card.lua'
INFO - [♥] Applied 21 patches to 'cardarea.lua'
INFO - [♥] Applied 41 patches to 'blind.lua'
INFO - [♥] Applied 10 patches to 'card_character.lua'
INFO - [♥] Applied 24 patches to 'engine/text.lua'
INFO - [G] 2026-09-13 17:04:34 :: INFO  :: SMODS :: Steamodded v1.0.0~BETA-1814a
INFO - [♥] Applied 9 patches to 'engine/sound_manager.lua'
INFO - [♥] Applied 1 patch to 'engine/save_manager.lua'
INFO - [♥] Applied 1 patch to 'CRT.fs'
INFO - [♥] Applied 2 patches to 'flame.fs'
INFO - [G] 2026-09-13 17:04:36 :: DEBUG :: BB.SETTINGS :: Patched love.update with dt=0.016666666666667
INFO - [G] 2026-09-13 17:04:36 :: DEBUG :: BB.SERVER :: Loaded OpenRPC spec from /Users/abhipoluri/Library/Application Support/Balatro/Mods/balatrobot/src/lua/utils/openrpc.json
INFO - [G] 2026-09-13 17:04:36 :: DEBUG :: BB.SERVER :: HTTP server listening on http://127.0.0.1:12346
INFO - [G] 2026-09-13 17:04:36 :: DEBUG :: BB.DISPATCHER :: Loading endpoint: src/lua/endpoints/health.lua
INFO - [G] 2026-09-13 17:04:36 :: DEBUG :: BB.DISPATCHER :: Registered endpoint: health
INFO - [G] 2026-09-13 17:04:36 :: DEBUG :: BB.DISPATCHER :: Loading endpoint: src/lua/endpoints/gamestate.lua
INFO - [G] 2026-09-13 17:04:36 :: DEBUG :: BB.DISPATCHER :: Registered endpoint: gamestate
INFO - [G] 2026-09-13 17:04:36 :: DEBUG :: BB.DISPATCHER :: Loading endpoint: src/lua/endpoints/save.lua
INFO - [G] 2026-09-13 17:04:36 :: DEBUG :: BB.DISPATCHER :: Registered endpoint: save
INFO - [G] 2026-09-13 17:04:36 :: DEBUG :: BB.DISPATCHER :: Loading endpoint: src/lua/endpoints/load.lua
INFO - [G] 2026-09-13 17:04:36 :: DEBUG :: BB.DISPATCHER :: Registered endpoint: load
INFO - [G] 2026-09-13 17:04:36 :: DEBUG :: BB.DISPATCHER :: Loading endpoint: src/lua/endpoints/screenshot.lua
INFO - [G] 2026-09-13 17:04:36 :: DEBUG :: BB.DISPATCHER :: Registered endpoint: screenshot
INFO - [G] 2026-09-13 17:04:36 :: DEBUG :: BB.DISPATCHER :: Loading endpoint: src/lua/endpoints/set.lua
INFO - [G] 2026-09-13 17:04:36 :: DEBUG :: BB.DISPATCHER :: Registered endpoint: set
INFO - [G] 2026-09-13 17:04:36 :: DEBUG :: BB.DISPATCHER :: Loading endpoint: src/lua/endpoints/add.lua
INFO - [G] 2026-09-13 17:04:36 :: DEBUG :: BB.DISPATCHER :: Registered endpoint: add
INFO - [G] 2026-09-13 17:04:36 :: DEBUG :: BB.DISPATCHER :: Loading endpoint: src/lua/endpoints/menu.lua
INFO - [G] 2026-09-13 17:04:36 :: DEBUG :: BB.DISPATCHER :: Registered endpoint: menu
INFO - [G] 2026-09-13 17:04:36 :: DEBUG :: BB.DISPATCHER :: Loading endpoint: src/lua/endpoints/start.lua
INFO - [G] 2026-09-13 17:04:36 :: DEBUG :: BB.DISPATCHER :: Registered endpoint: start
INFO - [G] 2026-09-13 17:04:36 :: DEBUG :: BB.DISPATCHER :: Loading endpoint: src/lua/endpoints/skip.lua
INFO - [G] 2026-09-13 17:04:36 :: DEBUG :: BB.DISPATCHER :: Registered endpoint: skip
INFO - [G] 2026-09-13 17:04:36 :: DEBUG :: BB.DISPATCHER :: Loading endpoint: src/lua/endpoints/select.lua
INFO - [G] 2026-09-13 17:04:36 :: DEBUG :: BB.DISPATCHER :: Registered endpoint: select
INFO - [G] 2026-09-13 17:04:36 :: DEBUG :: BB.DISPATCHER :: Loading endpoint: src/lua/endpoints/play.lua
INFO - [G] 2026-09-13 17:04:36 :: DEBUG :: BB.DISPATCHER :: Registered endpoint: play
INFO - [G] 2026-09-13 17:04:36 :: DEBUG :: BB.DISPATCHER :: Loading endpoint: src/lua/endpoints/discard.lua
INFO - [G] 2026-09-13 17:04:36 :: DEBUG :: BB.DISPATCHER :: Registered endpoint: discard
INFO - [G] 2026-09-13 17:04:36 :: DEBUG :: BB.DISPATCHER :: Loading endpoint: src/lua/endpoints/cash_out.lua
INFO - [G] 2026-09-13 17:04:36 :: DEBUG :: BB.DISPATCHER :: Registered endpoint: cash_out
INFO - [G] 2026-09-13 17:04:36 :: DEBUG :: BB.DISPATCHER :: Loading endpoint: src/lua/endpoints/next_round.lua
INFO - [G] 2026-09-13 17:04:36 :: DEBUG :: BB.DISPATCHER :: Registered endpoint: next_round
INFO - [G] 2026-09-13 17:04:36 :: DEBUG :: BB.DISPATCHER :: Loading endpoint: src/lua/endpoints/reroll.lua
INFO - [G] 2026-09-13 17:04:36 :: DEBUG :: BB.DISPATCHER :: Registered endpoint: reroll
INFO - [G] 2026-09-13 17:04:36 :: DEBUG :: BB.DISPATCHER :: Loading endpoint: src/lua/endpoints/buy.lua
INFO - [G] 2026-09-13 17:04:36 :: DEBUG :: BB.DISPATCHER :: Registered endpoint: buy
INFO - [G] 2026-09-13 17:04:36 :: DEBUG :: BB.DISPATCHER :: Loading endpoint: src/lua/endpoints/pack.lua
INFO - [G] 2026-09-13 17:04:36 :: DEBUG :: BB.DISPATCHER :: Registered endpoint: pack
INFO - [G] 2026-09-13 17:04:36 :: DEBUG :: BB.DISPATCHER :: Loading endpoint: src/lua/endpoints/rearrange.lua
INFO - [G] 2026-09-13 17:04:36 :: DEBUG :: BB.DISPATCHER :: Registered endpoint: rearrange
INFO - [G] 2026-09-13 17:04:36 :: DEBUG :: BB.DISPATCHER :: Loading endpoint: src/lua/endpoints/sell.lua
INFO - [G] 2026-09-13 17:04:36 :: DEBUG :: BB.DISPATCHER :: Registered endpoint: sell
INFO - [G] 2026-09-13 17:04:36 :: DEBUG :: BB.DISPATCHER :: Loading endpoint: src/lua/endpoints/use.lua
INFO - [G] 2026-09-13 17:04:36 :: DEBUG :: BB.DISPATCHER :: Registered endpoint: use
INFO - [G] 2026-09-13 17:04:36 :: DEBUG :: BB.DISPATCHER :: Loaded 21 endpoint(s)
INFO - [G] 2026-09-13 17:04:36 :: DEBUG :: BB.DISPATCHER :: Dispatcher initialized successfully
INFO - [G] 2026-09-13 17:04:36 :: INFO  :: BB.BALATROBOT :: BalatroBot loaded - version 1.5.2
INFO - [G] 2026-09-13 17:04:36 :: INFO  :: TIMER :: [0000] Injected Fonts in 0.001 ms
INFO - [G] 2026-09-13 17:04:36 :: INFO  :: TIMER :: [0000] Injected DynaTextEffects in 0.001 ms
INFO - [G] 2026-09-13 17:04:36 :: INFO  :: TIMER :: [0000] Injected Language in 0.001 ms
INFO - [G] 2026-09-13 17:04:36 :: INFO  :: TIMER :: [0064] Injected Attribute in 0.081 ms
INFO - [G] 2026-09-13 17:04:36 :: INFO  :: TIMER :: [0000] Injected [INTERNAL] in 1.344 ms
INFO - [G] 2026-09-13 17:04:36 :: INFO  :: TIMER :: [0003] Injected Atlas in 84.745 ms
INFO - [G] 2026-09-13 17:04:36 :: INFO  :: TIMER :: [0003] Injected Sound in 1.399 ms
INFO - [G] 2026-09-13 17:04:36 :: INFO  :: TIMER :: [0002] Injected nil in 0.009 ms
INFO - [G] 2026-09-13 17:04:36 :: INFO  :: TIMER :: [0008] Injected Stake in 0.121 ms
INFO - [G] 2026-09-13 17:04:36 :: INFO  :: TIMER :: [0004] Injected Rarity in 0.012 ms
INFO - [G] 2026-09-13 17:04:36 :: INFO  :: TIMER :: [0004] Injected ObjectType in 0.023 ms
INFO - [G] 2026-09-13 17:04:36 :: INFO  :: TIMER :: [0050] Injected Center in 0.177 ms
INFO - [G] 2026-09-13 17:04:36 :: INFO  :: TIMER :: [0007] Injected Undiscovered Sprite in 0.006 ms
INFO - [G] 2026-09-13 17:04:36 :: INFO  :: TIMER :: [0002] Injected Blind in 0.008 ms
INFO - [G] 2026-09-13 17:04:36 :: INFO  :: TIMER :: [0004] Injected Seal in 0.040 ms
INFO - [G] 2026-09-13 17:04:36 :: INFO  :: TIMER :: [0004] Injected Suit in 0.071 ms
INFO - [G] 2026-09-13 17:04:36 :: INFO  :: TIMER :: [0013] Injected Rank in 0.041 ms
INFO - [G] 2026-09-13 17:04:36 :: INFO  :: TIMER :: [0028] Injected DeckSkin in 0.090 ms
INFO - [G] 2026-09-13 17:04:36 :: INFO  :: TIMER :: [0017] Injected JimboQuip in 0.019 ms
INFO - [G] 2026-09-13 17:04:36 :: INFO  :: TIMER :: [0012] Injected PokerHand in 0.025 ms
INFO - [G] 2026-09-13 17:04:36 :: INFO  :: TIMER :: [0020] Injected Challenge in 0.023 ms
INFO - [G] 2026-09-13 17:04:36 :: INFO  :: TIMER :: [0000] Injected Tag in 0.000 ms
INFO - [G] 2026-09-13 17:04:36 :: INFO  :: TIMER :: [0004] Injected Sticker in 0.047 ms
INFO - [G] 2026-09-13 17:04:36 :: INFO  :: TIMER :: [0000] Injected Shader in 0.000 ms
INFO - [G] 2026-09-13 17:04:36 :: INFO  :: TIMER :: [0001] Injected ScreenShader in 0.003 ms
INFO - [G] 2026-09-13 17:04:36 :: INFO  :: TIMER :: [0002] Injected Keybind in 0.005 ms
INFO - [G] 2026-09-13 17:04:36 :: INFO  :: TIMER :: [0000] Injected Achievement in 0.027 ms
INFO - [G] 2026-09-13 17:04:36 :: INFO  :: TIMER :: [0002] Injected Scoring_Parameters in 0.041 ms
INFO - [G] 2026-09-13 17:04:36 :: INFO  :: TIMER :: [0003] Injected Scoring_Calculations in 0.006 ms
INFO - [G] 2026-09-13 17:04:36 :: INFO  :: TIMER :: [0022] Injected Draw Step in 0.035 ms
INFO - [G] 2026-09-13 17:04:36 :: INFO  :: TIMER :: [0000] Injected [INTERNAL] in 0.069 ms
[S_API] SteamAPI_Init(): Loaded '/Users/abhipoluri/Library/Application Support/Steam/Steam.AppBundle/Steam/Contents/MacOS/steamclient.dylib' OK.
Setting breakpad minidump AppID = 2379780
SteamInternal_SetMinidumpSteamID:  Caching Steam ID:  76561199008564685 [API loaded no]
INFO - [G] 2026-09-13 17:04:37 :: DEBUG :: BB.SERVER :: Client connected
INFO - [G] 2026-09-13 17:04:37 :: DEBUG :: BB.REQUEST :: health()
INFO - [G] 2026-09-13 17:04:37 :: DEBUG :: BB.ENDPOINTS :: Init health()
INFO - [G] 2026-09-13 17:04:37 :: DEBUG :: BB.ENDPOINTS :: Return health()
INFO - [G] 2026-09-13 17:04:37 :: DEBUG :: BB.RESPONSE :: health OK (0ms)
INFO - [G] 2026-09-13 17:04:37 :: DEBUG :: BB.SERVER :: Client connected
INFO - [G] 2026-09-13 17:04:37 :: DEBUG :: BB.REQUEST :: health()
INFO - [G] 2026-09-13 17:04:37 :: DEBUG :: BB.ENDPOINTS :: Init health()
INFO - [G] 2026-09-13 17:04:37 :: DEBUG :: BB.ENDPOINTS :: Return health()
INFO - [G] 2026-09-13 17:04:37 :: DEBUG :: BB.RESPONSE :: health OK (0ms)
INFO - [G] 2026-09-13 17:04:51 :: DEBUG :: BB.SERVER :: Client connected
INFO - [G] 2026-09-13 17:04:51 :: DEBUG :: BB.REQUEST :: gamestate()
INFO - [G] 2026-09-13 17:04:51 :: DEBUG :: BB.ENDPOINTS :: Init gamestate()
INFO - [G] 2026-09-13 17:04:51 :: DEBUG :: BB.ENDPOINTS :: Return gamestate()
INFO - [G] 2026-09-13 17:04:51 :: DEBUG :: BB.RESPONSE :: gamestate OK (0ms)
INFO - [G] 2026-09-13 17:04:58 :: DEBUG :: BB.SERVER :: Client connected
INFO - [G] 2026-09-13 17:04:58 :: DEBUG :: BB.REQUEST :: gamestate()
INFO - [G] 2026-09-13 17:04:58 :: DEBUG :: BB.ENDPOINTS :: Init gamestate()
INFO - [G] 2026-09-13 17:04:58 :: DEBUG :: BB.ENDPOINTS :: Return gamestate()
INFO - [G] 2026-09-13 17:04:58 :: DEBUG :: BB.RESPONSE :: gamestate OK (0ms)
INFO - [G] 2026-09-13 17:05:06 :: DEBUG :: BB.SERVER :: Client connected
INFO - [G] 2026-09-13 17:05:06 :: DEBUG :: BB.REQUEST :: health()
INFO - [G] 2026-09-13 17:05:06 :: DEBUG :: BB.ENDPOINTS :: Init health()
INFO - [G] 2026-09-13 17:05:06 :: DEBUG :: BB.ENDPOINTS :: Return health()
INFO - [G] 2026-09-13 17:05:06 :: DEBUG :: BB.RESPONSE :: health OK (0ms)
INFO - [G] 2026-09-13 17:05:07 :: DEBUG :: BB.SERVER :: Client connected
INFO - [G] 2026-09-13 17:05:07 :: DEBUG :: BB.REQUEST :: menu()
INFO - [G] 2026-09-13 17:05:07 :: DEBUG :: BB.ENDPOINTS :: Init menu()
INFO - [G] 2026-09-13 17:05:07 :: DEBUG :: BB.ENDPOINTS :: Return menu()
INFO - [G] 2026-09-13 17:05:07 :: DEBUG :: BB.RESPONSE :: menu OK (17ms)
INFO - [G] 2026-09-13 17:05:07 :: DEBUG :: BB.SERVER :: Client connected
INFO - [G] 2026-09-13 17:05:07 :: DEBUG :: BB.REQUEST :: start({deck="RED", stake="WHITE"})
INFO - [G] 2026-09-13 17:05:07 :: DEBUG :: BB.ENDPOINTS :: Init start()
INFO - [G] 2026-09-13 17:05:07 :: DEBUG :: BB.ENDPOINTS :: Setting deck to: Red Deck (from enum: RED)
INFO - [G] 2026-09-13 17:05:07 :: DEBUG :: BB.ENDPOINTS :: Starting run with stake=1 (WHITE), seed=none
INFO - [G] 2026-09-13 17:05:10 :: DEBUG :: BB.ENDPOINTS :: Return start()
INFO - [G] 2026-09-13 17:05:10 :: DEBUG :: BB.RESPONSE :: start OK (3136ms)
INFO - [G] 2026-09-13 17:05:10 :: DEBUG :: BB.SERVER :: Client connected
INFO - [G] 2026-09-13 17:05:10 :: DEBUG :: BB.REQUEST :: gamestate()
INFO - [G] 2026-09-13 17:05:10 :: DEBUG :: BB.ENDPOINTS :: Init gamestate()
INFO - [G] 2026-09-13 17:05:10 :: DEBUG :: BB.ENDPOINTS :: Return gamestate()
INFO - [G] 2026-09-13 17:05:10 :: DEBUG :: BB.RESPONSE :: gamestate OK (1ms)
INFO - [G] 2026-09-13 17:05:10 :: DEBUG :: BB.SERVER :: Client connected
INFO - [G] 2026-09-13 17:05:10 :: DEBUG :: BB.REQUEST :: select()
INFO - [G] 2026-09-13 17:05:10 :: DEBUG :: BB.ENDPOINTS :: Init select()
INFO - [G] 2026-09-13 17:05:10 :: DEBUG :: BB.ENDPOINTS :: Selecting Small (Small Blind), chips required: ?
INFO - [G] 2026-09-13 17:05:14 :: DEBUG :: BB.ENDPOINTS :: Return select()
INFO - [G] 2026-09-13 17:05:14 :: DEBUG :: BB.RESPONSE :: select OK (4390ms)
INFO - [G] 2026-09-13 17:05:16 :: DEBUG :: BB.SERVER :: Client connected
INFO - [G] 2026-09-13 17:05:16 :: DEBUG :: BB.REQUEST :: gamestate()
INFO - [G] 2026-09-13 17:05:16 :: DEBUG :: BB.ENDPOINTS :: Init gamestate()
INFO - [G] 2026-09-13 17:05:16 :: DEBUG :: BB.ENDPOINTS :: Return gamestate()
INFO - [G] 2026-09-13 17:05:16 :: DEBUG :: BB.RESPONSE :: gamestate OK (1ms)
INFO - [G] 2026-09-13 17:05:34 :: DEBUG :: BB.SERVER :: Client connected
INFO - [G] 2026-09-13 17:05:34 :: DEBUG :: BB.REQUEST :: gamestate()
INFO - [G] 2026-09-13 17:05:34 :: DEBUG :: BB.ENDPOINTS :: Init gamestate()
INFO - [G] 2026-09-13 17:05:34 :: DEBUG :: BB.ENDPOINTS :: Return gamestate()
INFO - [G] 2026-09-13 17:05:34 :: DEBUG :: BB.RESPONSE :: gamestate OK (1ms)
INFO - [G] 2026-09-13 17:06:12 :: DEBUG :: BB.SERVER :: Client connected
INFO - [G] 2026-09-13 17:06:12 :: DEBUG :: BB.REQUEST :: gamestate()
INFO - [G] 2026-09-13 17:06:12 :: DEBUG :: BB.ENDPOINTS :: Init gamestate()
INFO - [G] 2026-09-13 17:06:12 :: DEBUG :: BB.ENDPOINTS :: Return gamestate()
INFO - [G] 2026-09-13 17:06:12 :: DEBUG :: BB.RESPONSE :: gamestate OK (1ms)
INFO - [G] 2026-09-13 17:06:17 :: DEBUG :: BB.SERVER :: Client connected
INFO - [G] 2026-09-13 17:06:17 :: DEBUG :: BB.REQUEST :: gamestate()
INFO - [G] 2026-09-13 17:06:17 :: DEBUG :: BB.ENDPOINTS :: Init gamestate()
INFO - [G] 2026-09-13 17:06:17 :: DEBUG :: BB.ENDPOINTS :: Return gamestate()
INFO - [G] 2026-09-13 17:06:17 :: DEBUG :: BB.RESPONSE :: gamestate OK (1ms)
INFO - [G] 2026-09-13 17:06:27 :: DEBUG :: BB.SERVER :: Client connected
INFO - [G] 2026-09-13 17:06:27 :: DEBUG :: BB.REQUEST :: health()
INFO - [G] 2026-09-13 17:06:27 :: DEBUG :: BB.ENDPOINTS :: Init health()
INFO - [G] 2026-09-13 17:06:27 :: DEBUG :: BB.ENDPOINTS :: Return health()
INFO - [G] 2026-09-13 17:06:27 :: DEBUG :: BB.RESPONSE :: health OK (0ms)
INFO - [G] 2026-09-13 17:06:28 :: DEBUG :: BB.SERVER :: Client connected
INFO - [G] 2026-09-13 17:06:28 :: DEBUG :: BB.REQUEST :: gamestate()
INFO - [G] 2026-09-13 17:06:28 :: DEBUG :: BB.ENDPOINTS :: Init gamestate()
INFO - [G] 2026-09-13 17:06:28 :: DEBUG :: BB.ENDPOINTS :: Return gamestate()
INFO - [G] 2026-09-13 17:06:28 :: DEBUG :: BB.RESPONSE :: gamestate OK (1ms)
INFO - [G] 2026-09-13 17:06:28 :: DEBUG :: BB.SERVER :: Client connected
INFO - [G] 2026-09-13 17:06:28 :: DEBUG :: BB.REQUEST :: gamestate()
INFO - [G] 2026-09-13 17:06:28 :: DEBUG :: BB.ENDPOINTS :: Init gamestate()
INFO - [G] 2026-09-13 17:06:28 :: DEBUG :: BB.ENDPOINTS :: Return gamestate()
INFO - [G] 2026-09-13 17:06:28 :: DEBUG :: BB.RESPONSE :: gamestate OK (1ms)
INFO - [G] 2026-09-13 17:06:29 :: DEBUG :: BB.SERVER :: Client connected
INFO - [G] 2026-09-13 17:06:29 :: DEBUG :: BB.REQUEST :: gamestate()
INFO - [G] 2026-09-13 17:06:29 :: DEBUG :: BB.ENDPOINTS :: Init gamestate()
INFO - [G] 2026-09-13 17:06:29 :: DEBUG :: BB.ENDPOINTS :: Return gamestate()
INFO - [G] 2026-09-13 17:06:29 :: DEBUG :: BB.RESPONSE :: gamestate OK (1ms)
INFO - [G] 2026-09-13 17:06:29 :: DEBUG :: BB.SERVER :: Client connected
INFO - [G] 2026-09-13 17:06:29 :: DEBUG :: BB.REQUEST :: gamestate()
INFO - [G] 2026-09-13 17:06:29 :: DEBUG :: BB.ENDPOINTS :: Init gamestate()
INFO - [G] 2026-09-13 17:06:29 :: DEBUG :: BB.ENDPOINTS :: Return gamestate()
INFO - [G] 2026-09-13 17:06:29 :: DEBUG :: BB.RESPONSE :: gamestate OK (1ms)
INFO - [G] 2026-09-13 17:06:29 :: DEBUG :: BB.SERVER :: Client connected
INFO - [G] 2026-09-13 17:06:29 :: DEBUG :: BB.REQUEST :: gamestate()
INFO - [G] 2026-09-13 17:06:29 :: DEBUG :: BB.ENDPOINTS :: Init gamestate()
INFO - [G] 2026-09-13 17:06:29 :: DEBUG :: BB.ENDPOINTS :: Return gamestate()
INFO - [G] 2026-09-13 17:06:29 :: DEBUG :: BB.RESPONSE :: gamestate OK (1ms)
INFO - [G] 2026-09-13 17:06:29 :: DEBUG :: BB.SERVER :: Client connected
INFO - [G] 2026-09-13 17:06:29 :: DEBUG :: BB.REQUEST :: gamestate()
INFO - [G] 2026-09-13 17:06:29 :: DEBUG :: BB.ENDPOINTS :: Init gamestate()
INFO - [G] 2026-09-13 17:06:29 :: DEBUG :: BB.ENDPOINTS :: Return gamestate()
INFO - [G] 2026-09-13 17:06:29 :: DEBUG :: BB.RESPONSE :: gamestate OK (1ms)
INFO - [G] 2026-09-13 17:06:29 :: DEBUG :: BB.SERVER :: Client connected
INFO - [G] 2026-09-13 17:06:29 :: DEBUG :: BB.REQUEST :: gamestate()
INFO - [G] 2026-09-13 17:06:29 :: DEBUG :: BB.ENDPOINTS :: Init gamestate()
INFO - [G] 2026-09-13 17:06:29 :: DEBUG :: BB.ENDPOINTS :: Return gamestate()
INFO - [G] 2026-09-13 17:06:29 :: DEBUG :: BB.RESPONSE :: gamestate OK (1ms)
INFO - [G] 2026-09-13 17:06:29 :: DEBUG :: BB.SERVER :: Client connected
INFO - [G] 2026-09-13 17:06:29 :: DEBUG :: BB.REQUEST :: gamestate()
INFO - [G] 2026-09-13 17:06:29 :: DEBUG :: BB.ENDPOINTS :: Init gamestate()
INFO - [G] 2026-09-13 17:06:29 :: DEBUG :: BB.ENDPOINTS :: Return gamestate()
INFO - [G] 2026-09-13 17:06:29 :: DEBUG :: BB.RESPONSE :: gamestate OK (1ms)
INFO - [G] 2026-09-13 17:06:30 :: DEBUG :: BB.SERVER :: Client connected
INFO - [G] 2026-09-13 17:06:30 :: DEBUG :: BB.REQUEST :: gamestate()
INFO - [G] 2026-09-13 17:06:30 :: DEBUG :: BB.ENDPOINTS :: Init gamestate()
INFO - [G] 2026-09-13 17:06:30 :: DEBUG :: BB.ENDPOINTS :: Return gamestate()
INFO - [G] 2026-09-13 17:06:30 :: DEBUG :: BB.RESPONSE :: gamestate OK (1ms)
INFO - [G] 2026-09-13 17:06:30 :: DEBUG :: BB.SERVER :: Client connected
INFO - [G] 2026-09-13 17:06:30 :: DEBUG :: BB.REQUEST :: gamestate()
INFO - [G] 2026-09-13 17:06:30 :: DEBUG :: BB.ENDPOINTS :: Init gamestate()
INFO - [G] 2026-09-13 17:06:30 :: DEBUG :: BB.ENDPOINTS :: Return gamestate()
INFO - [G] 2026-09-13 17:06:30 :: DEBUG :: BB.RESPONSE :: gamestate OK (1ms)
INFO - [G] 2026-09-13 17:06:30 :: DEBUG :: BB.SERVER :: Client connected
INFO - [G] 2026-09-13 17:06:30 :: DEBUG :: BB.REQUEST :: gamestate()
INFO - [G] 2026-09-13 17:06:30 :: DEBUG :: BB.ENDPOINTS :: Init gamestate()
INFO - [G] 2026-09-13 17:06:30 :: DEBUG :: BB.ENDPOINTS :: Return gamestate()
INFO - [G] 2026-09-13 17:06:30 :: DEBUG :: BB.RESPONSE :: gamestate OK (1ms)
INFO - [G] 2026-09-13 17:06:30 :: DEBUG :: BB.SERVER :: Client connected
INFO - [G] 2026-09-13 17:06:30 :: DEBUG :: BB.REQUEST :: gamestate()
INFO - [G] 2026-09-13 17:06:30 :: DEBUG :: BB.ENDPOINTS :: Init gamestate()
INFO - [G] 2026-09-13 17:06:30 :: DEBUG :: BB.ENDPOINTS :: Return gamestate()
INFO - [G] 2026-09-13 17:06:30 :: DEBUG :: BB.RESPONSE :: gamestate OK (1ms)
INFO - [G] 2026-09-13 17:06:30 :: DEBUG :: BB.SERVER :: Client connected
INFO - [G] 2026-09-13 17:06:30 :: DEBUG :: BB.REQUEST :: gamestate()
INFO - [G] 2026-09-13 17:06:30 :: DEBUG :: BB.ENDPOINTS :: Init gamestate()
INFO - [G] 2026-09-13 17:06:30 :: DEBUG :: BB.ENDPOINTS :: Return gamestate()
INFO - [G] 2026-09-13 17:06:30 :: DEBUG :: BB.RESPONSE :: gamestate OK (1ms)
INFO - [G] 2026-09-13 17:06:30 :: DEBUG :: BB.SERVER :: Client connected
INFO - [G] 2026-09-13 17:06:30 :: DEBUG :: BB.REQUEST :: gamestate()
INFO - [G] 2026-09-13 17:06:30 :: DEBUG :: BB.ENDPOINTS :: Init gamestate()
INFO - [G] 2026-09-13 17:06:30 :: DEBUG :: BB.ENDPOINTS :: Return gamestate()
INFO - [G] 2026-09-13 17:06:30 :: DEBUG :: BB.RESPONSE :: gamestate OK (1ms)
INFO - [G] 2026-09-13 17:06:30 :: DEBUG :: BB.SERVER :: Client connected
INFO - [G] 2026-09-13 17:06:30 :: DEBUG :: BB.REQUEST :: gamestate()
INFO - [G] 2026-09-13 17:06:30 :: DEBUG :: BB.ENDPOINTS :: Init gamestate()
INFO - [G] 2026-09-13 17:06:30 :: DEBUG :: BB.ENDPOINTS :: Return gamestate()
INFO - [G] 2026-09-13 17:06:30 :: DEBUG :: BB.RESPONSE :: gamestate OK (1ms)
INFO - [G] 2026-09-13 17:06:31 :: DEBUG :: BB.SERVER :: Client connected
INFO - [G] 2026-09-13 17:06:31 :: DEBUG :: BB.REQUEST :: gamestate()
INFO - [G] 2026-09-13 17:06:31 :: DEBUG :: BB.ENDPOINTS :: Init gamestate()
INFO - [G] 2026-09-13 17:06:31 :: DEBUG :: BB.ENDPOINTS :: Return gamestate()
INFO - [G] 2026-09-13 17:06:31 :: DEBUG :: BB.RESPONSE :: gamestate OK (1ms)
INFO - [G] 2026-09-13 17:06:31 :: DEBUG :: BB.SERVER :: Client connected
INFO - [G] 2026-09-13 17:06:31 :: DEBUG :: BB.REQUEST :: gamestate()
INFO - [G] 2026-09-13 17:06:31 :: DEBUG :: BB.ENDPOINTS :: Init gamestate()
INFO - [G] 2026-09-13 17:06:31 :: DEBUG :: BB.ENDPOINTS :: Return gamestate()
INFO - [G] 2026-09-13 17:06:31 :: DEBUG :: BB.RESPONSE :: gamestate OK (1ms)
INFO - [G] 2026-09-13 17:06:31 :: DEBUG :: BB.SERVER :: Client connected
INFO - [G] 2026-09-13 17:06:31 :: DEBUG :: BB.REQUEST :: gamestate()
INFO - [G] 2026-09-13 17:06:31 :: DEBUG :: BB.ENDPOINTS :: Init gamestate()
INFO - [G] 2026-09-13 17:06:31 :: DEBUG :: BB.ENDPOINTS :: Return gamestate()
INFO - [G] 2026-09-13 17:06:31 :: DEBUG :: BB.RESPONSE :: gamestate OK (1ms)
INFO - [G] 2026-09-13 17:06:31 :: DEBUG :: BB.SERVER :: Client connected
INFO - [G] 2026-09-13 17:06:31 :: DEBUG :: BB.REQUEST :: gamestate()
INFO - [G] 2026-09-13 17:06:31 :: DEBUG :: BB.ENDPOINTS :: Init gamestate()
INFO - [G] 2026-09-13 17:06:31 :: DEBUG :: BB.ENDPOINTS :: Return gamestate()
INFO - [G] 2026-09-13 17:06:31 :: DEBUG :: BB.RESPONSE :: gamestate OK (1ms)
INFO - [G] 2026-09-13 17:06:31 :: DEBUG :: BB.SERVER :: Client connected
INFO - [G] 2026-09-13 17:06:31 :: DEBUG :: BB.REQUEST :: gamestate()
INFO - [G] 2026-09-13 17:06:31 :: DEBUG :: BB.ENDPOINTS :: Init gamestate()
INFO - [G] 2026-09-13 17:06:31 :: DEBUG :: BB.ENDPOINTS :: Return gamestate()
INFO - [G] 2026-09-13 17:06:31 :: DEBUG :: BB.RESPONSE :: gamestate OK (1ms)
INFO - [G] 2026-09-13 17:06:31 :: DEBUG :: BB.SERVER :: Client connected
INFO - [G] 2026-09-13 17:06:31 :: DEBUG :: BB.REQUEST :: gamestate()
INFO - [G] 2026-09-13 17:06:31 :: DEBUG :: BB.ENDPOINTS :: Init gamestate()
INFO - [G] 2026-09-13 17:06:31 :: DEBUG :: BB.ENDPOINTS :: Return gamestate()
INFO - [G] 2026-09-13 17:06:31 :: DEBUG :: BB.RESPONSE :: gamestate OK (1ms)
INFO - [G] 2026-09-13 17:06:31 :: DEBUG :: BB.SERVER :: Client connected
INFO - [G] 2026-09-13 17:06:31 :: DEBUG :: BB.REQUEST :: gamestate()
INFO - [G] 2026-09-13 17:06:31 :: DEBUG :: BB.ENDPOINTS :: Init gamestate()
INFO - [G] 2026-09-13 17:06:31 :: DEBUG :: BB.ENDPOINTS :: Return gamestate()
INFO - [G] 2026-09-13 17:06:31 :: DEBUG :: BB.RESPONSE :: gamestate OK (1ms)
INFO - [G] 2026-09-13 17:06:32 :: DEBUG :: BB.SERVER :: Client connected
INFO - [G] 2026-09-13 17:06:32 :: DEBUG :: BB.REQUEST :: gamestate()
INFO - [G] 2026-09-13 17:06:32 :: DEBUG :: BB.ENDPOINTS :: Init gamestate()
INFO - [G] 2026-09-13 17:06:32 :: DEBUG :: BB.ENDPOINTS :: Return gamestate()
INFO - [G] 2026-09-13 17:06:32 :: DEBUG :: BB.RESPONSE :: gamestate OK (1ms)
INFO - [G] 2026-09-13 17:06:32 :: DEBUG :: BB.SERVER :: Client connected
INFO - [G] 2026-09-13 17:06:32 :: DEBUG :: BB.REQUEST :: gamestate()
INFO - [G] 2026-09-13 17:06:32 :: DEBUG :: BB.ENDPOINTS :: Init gamestate()
INFO - [G] 2026-09-13 17:06:32 :: DEBUG :: BB.ENDPOINTS :: Return gamestate()
INFO - [G] 2026-09-13 17:06:32 :: DEBUG :: BB.RESPONSE :: gamestate OK (1ms)
INFO - [G] 2026-09-13 17:06:32 :: DEBUG :: BB.SERVER :: Client connected
INFO - [G] 2026-09-13 17:06:32 :: DEBUG :: BB.REQUEST :: gamestate()
INFO - [G] 2026-09-13 17:06:32 :: DEBUG :: BB.ENDPOINTS :: Init gamestate()
INFO - [G] 2026-09-13 17:06:32 :: DEBUG :: BB.ENDPOINTS :: Return gamestate()
INFO - [G] 2026-09-13 17:06:32 :: DEBUG :: BB.RESPONSE :: gamestate OK (1ms)
INFO - [G] 2026-09-13 17:06:32 :: DEBUG :: BB.SERVER :: Client connected
INFO - [G] 2026-09-13 17:06:32 :: DEBUG :: BB.REQUEST :: gamestate()
INFO - [G] 2026-09-13 17:06:32 :: DEBUG :: BB.ENDPOINTS :: Init gamestate()
INFO - [G] 2026-09-13 17:06:32 :: DEBUG :: BB.ENDPOINTS :: Return gamestate()
INFO - [G] 2026-09-13 17:06:32 :: DEBUG :: BB.RESPONSE :: gamestate OK (1ms)
INFO - [G] 2026-09-13 17:06:32 :: DEBUG :: BB.SERVER :: Client connected
INFO - [G] 2026-09-13 17:06:32 :: DEBUG :: BB.REQUEST :: gamestate()
INFO - [G] 2026-09-13 17:06:32 :: DEBUG :: BB.ENDPOINTS :: Init gamestate()
INFO - [G] 2026-09-13 17:06:32 :: DEBUG :: BB.ENDPOINTS :: Return gamestate()
INFO - [G] 2026-09-13 17:06:32 :: DEBUG :: BB.RESPONSE :: gamestate OK (1ms)
INFO - [G] 2026-09-13 17:06:32 :: DEBUG :: BB.SERVER :: Client connected
INFO - [G] 2026-09-13 17:06:32 :: DEBUG :: BB.REQUEST :: gamestate()
INFO - [G] 2026-09-13 17:06:32 :: DEBUG :: BB.ENDPOINTS :: Init gamestate()
INFO - [G] 2026-09-13 17:06:32 :: DEBUG :: BB.ENDPOINTS :: Return gamestate()
INFO - [G] 2026-09-13 17:06:32 :: DEBUG :: BB.RESPONSE :: gamestate OK (1ms)
INFO - [G] 2026-09-13 17:06:32 :: DEBUG :: BB.SERVER :: Client connected
INFO - [G] 2026-09-13 17:06:32 :: DEBUG :: BB.REQUEST :: gamestate()
INFO - [G] 2026-09-13 17:06:32 :: DEBUG :: BB.ENDPOINTS :: Init gamestate()
INFO - [G] 2026-09-13 17:06:32 :: DEBUG :: BB.ENDPOINTS :: Return gamestate()
INFO - [G] 2026-09-13 17:06:32 :: DEBUG :: BB.RESPONSE :: gamestate OK (1ms)
INFO - [G] 2026-09-13 17:06:33 :: DEBUG :: BB.SERVER :: Client connected
INFO - [G] 2026-09-13 17:06:33 :: DEBUG :: BB.REQUEST :: gamestate()
INFO - [G] 2026-09-13 17:06:33 :: DEBUG :: BB.ENDPOINTS :: Init gamestate()
INFO - [G] 2026-09-13 17:06:33 :: DEBUG :: BB.ENDPOINTS :: Return gamestate()
INFO - [G] 2026-09-13 17:06:33 :: DEBUG :: BB.RESPONSE :: gamestate OK (1ms)
INFO - [G] 2026-09-13 17:06:33 :: DEBUG :: BB.SERVER :: Client connected
INFO - [G] 2026-09-13 17:06:33 :: DEBUG :: BB.REQUEST :: gamestate()
INFO - [G] 2026-09-13 17:06:33 :: DEBUG :: BB.ENDPOINTS :: Init gamestate()
INFO - [G] 2026-09-13 17:06:33 :: DEBUG :: BB.ENDPOINTS :: Return gamestate()
INFO - [G] 2026-09-13 17:06:33 :: DEBUG :: BB.RESPONSE :: gamestate OK (1ms)
INFO - [G] 2026-09-13 17:06:33 :: DEBUG :: BB.SERVER :: Client connected
INFO - [G] 2026-09-13 17:06:33 :: DEBUG :: BB.REQUEST :: gamestate()
INFO - [G] 2026-09-13 17:06:33 :: DEBUG :: BB.ENDPOINTS :: Init gamestate()
INFO - [G] 2026-09-13 17:06:33 :: DEBUG :: BB.ENDPOINTS :: Return gamestate()
INFO - [G] 2026-09-13 17:06:33 :: DEBUG :: BB.RESPONSE :: gamestate OK (1ms)
INFO - [G] 2026-09-13 17:06:33 :: DEBUG :: BB.SERVER :: Client connected
INFO - [G] 2026-09-13 17:06:33 :: DEBUG :: BB.REQUEST :: gamestate()
INFO - [G] 2026-09-13 17:06:33 :: DEBUG :: BB.ENDPOINTS :: Init gamestate()
INFO - [G] 2026-09-13 17:06:33 :: DEBUG :: BB.ENDPOINTS :: Return gamestate()
INFO - [G] 2026-09-13 17:06:33 :: DEBUG :: BB.RESPONSE :: gamestate OK (1ms)
INFO - [G] 2026-09-13 17:06:33 :: DEBUG :: BB.SERVER :: Client connected
INFO - [G] 2026-09-13 17:06:33 :: DEBUG :: BB.REQUEST :: gamestate()
INFO - [G] 2026-09-13 17:06:33 :: DEBUG :: BB.ENDPOINTS :: Init gamestate()
INFO - [G] 2026-09-13 17:06:33 :: DEBUG :: BB.ENDPOINTS :: Return gamestate()
INFO - [G] 2026-09-13 17:06:33 :: DEBUG :: BB.RESPONSE :: gamestate OK (1ms)
INFO - [G] 2026-09-13 17:06:33 :: DEBUG :: BB.SERVER :: Client connected
INFO - [G] 2026-09-13 17:06:33 :: DEBUG :: BB.REQUEST :: gamestate()
INFO - [G] 2026-09-13 17:06:33 :: DEBUG :: BB.ENDPOINTS :: Init gamestate()
INFO - [G] 2026-09-13 17:06:33 :: DEBUG :: BB.ENDPOINTS :: Return gamestate()
INFO - [G] 2026-09-13 17:06:33 :: DEBUG :: BB.RESPONSE :: gamestate OK (1ms)
INFO - [G] 2026-09-13 17:06:33 :: DEBUG :: BB.SERVER :: Client connected
INFO - [G] 2026-09-13 17:06:33 :: DEBUG :: BB.REQUEST :: gamestate()
INFO - [G] 2026-09-13 17:06:33 :: DEBUG :: BB.ENDPOINTS :: Init gamestate()
INFO - [G] 2026-09-13 17:06:33 :: DEBUG :: BB.ENDPOINTS :: Return gamestate()
INFO - [G] 2026-09-13 17:06:33 :: DEBUG :: BB.RESPONSE :: gamestate OK (1ms)
INFO - [G] 2026-09-13 17:06:34 :: DEBUG :: BB.SERVER :: Client connected
INFO - [G] 2026-09-13 17:06:34 :: DEBUG :: BB.REQUEST :: gamestate()
INFO - [G] 2026-09-13 17:06:34 :: DEBUG :: BB.ENDPOINTS :: Init gamestate()
INFO - [G] 2026-09-13 17:06:34 :: DEBUG :: BB.ENDPOINTS :: Return gamestate()
INFO - [G] 2026-09-13 17:06:34 :: DEBUG :: BB.RESPONSE :: gamestate OK (1ms)
INFO - [G] 2026-09-13 17:06:34 :: DEBUG :: BB.SERVER :: Client connected
INFO - [G] 2026-09-13 17:06:34 :: DEBUG :: BB.REQUEST :: gamestate()
INFO - [G] 2026-09-13 17:06:34 :: DEBUG :: BB.ENDPOINTS :: Init gamestate()
INFO - [G] 2026-09-13 17:06:34 :: DEBUG :: BB.ENDPOINTS :: Return gamestate()
INFO - [G] 2026-09-13 17:06:34 :: DEBUG :: BB.RESPONSE :: gamestate OK (1ms)
INFO - [G] 2026-09-13 17:06:34 :: DEBUG :: BB.SERVER :: Client connected
INFO - [G] 2026-09-13 17:06:34 :: DEBUG :: BB.REQUEST :: gamestate()
INFO - [G] 2026-09-13 17:06:34 :: DEBUG :: BB.ENDPOINTS :: Init gamestate()
INFO - [G] 2026-09-13 17:06:34 :: DEBUG :: BB.ENDPOINTS :: Return gamestate()
INFO - [G] 2026-09-13 17:06:34 :: DEBUG :: BB.RESPONSE :: gamestate OK (1ms)
INFO - [G] 2026-09-13 17:06:34 :: DEBUG :: BB.SERVER :: Client connected
INFO - [G] 2026-09-13 17:06:34 :: DEBUG :: BB.REQUEST :: gamestate()
INFO - [G] 2026-09-13 17:06:34 :: DEBUG :: BB.ENDPOINTS :: Init gamestate()
INFO - [G] 2026-09-13 17:06:34 :: DEBUG :: BB.ENDPOINTS :: Return gamestate()
INFO - [G] 2026-09-13 17:06:34 :: DEBUG :: BB.RESPONSE :: gamestate OK (1ms)
INFO - [G] 2026-09-13 17:06:34 :: DEBUG :: BB.SERVER :: Client connected
INFO - [G] 2026-09-13 17:06:34 :: DEBUG :: BB.REQUEST :: gamestate()
INFO - [G] 2026-09-13 17:06:34 :: DEBUG :: BB.ENDPOINTS :: Init gamestate()
INFO - [G] 2026-09-13 17:06:34 :: DEBUG :: BB.ENDPOINTS :: Return gamestate()
INFO - [G] 2026-09-13 17:06:34 :: DEBUG :: BB.RESPONSE :: gamestate OK (1ms)
INFO - [G] 2026-09-13 17:06:34 :: DEBUG :: BB.SERVER :: Client connected
INFO - [G] 2026-09-13 17:06:34 :: DEBUG :: BB.REQUEST :: gamestate()
INFO - [G] 2026-09-13 17:06:34 :: DEBUG :: BB.ENDPOINTS :: Init gamestate()
INFO - [G] 2026-09-13 17:06:34 :: DEBUG :: BB.ENDPOINTS :: Return gamestate()
INFO - [G] 2026-09-13 17:06:34 :: DEBUG :: BB.RESPONSE :: gamestate OK (1ms)
INFO - [G] 2026-09-13 17:06:34 :: DEBUG :: BB.SERVER :: Client connected
INFO - [G] 2026-09-13 17:06:34 :: DEBUG :: BB.REQUEST :: gamestate()
INFO - [G] 2026-09-13 17:06:34 :: DEBUG :: BB.ENDPOINTS :: Init gamestate()
INFO - [G] 2026-09-13 17:06:34 :: DEBUG :: BB.ENDPOINTS :: Return gamestate()
INFO - [G] 2026-09-13 17:06:34 :: DEBUG :: BB.RESPONSE :: gamestate OK (1ms)
INFO - [G] 2026-09-13 17:06:34 :: DEBUG :: BB.SERVER :: Client connected
INFO - [G] 2026-09-13 17:06:34 :: DEBUG :: BB.REQUEST :: gamestate()
INFO - [G] 2026-09-13 17:06:34 :: DEBUG :: BB.ENDPOINTS :: Init gamestate()
INFO - [G] 2026-09-13 17:06:34 :: DEBUG :: BB.ENDPOINTS :: Return gamestate()
INFO - [G] 2026-09-13 17:06:34 :: DEBUG :: BB.RESPONSE :: gamestate OK (1ms)
INFO - [G] 2026-09-13 17:06:35 :: DEBUG :: BB.SERVER :: Client connected
INFO - [G] 2026-09-13 17:06:35 :: DEBUG :: BB.REQUEST :: gamestate()
INFO - [G] 2026-09-13 17:06:35 :: DEBUG :: BB.ENDPOINTS :: Init gamestate()
INFO - [G] 2026-09-13 17:06:35 :: DEBUG :: BB.ENDPOINTS :: Return gamestate()
INFO - [G] 2026-09-13 17:06:35 :: DEBUG :: BB.RESPONSE :: gamestate OK (1ms)
INFO - [G] 2026-09-13 17:06:35 :: DEBUG :: BB.SERVER :: Client connected
INFO - [G] 2026-09-13 17:06:35 :: DEBUG :: BB.REQUEST :: gamestate()
INFO - [G] 2026-09-13 17:06:35 :: DEBUG :: BB.ENDPOINTS :: Init gamestate()
INFO - [G] 2026-09-13 17:06:35 :: DEBUG :: BB.ENDPOINTS :: Return gamestate()
INFO - [G] 2026-09-13 17:06:35 :: DEBUG :: BB.RESPONSE :: gamestate OK (1ms)
INFO - [G] 2026-09-13 17:06:35 :: DEBUG :: BB.SERVER :: Client connected
INFO - [G] 2026-09-13 17:06:35 :: DEBUG :: BB.REQUEST :: gamestate()
INFO - [G] 2026-09-13 17:06:35 :: DEBUG :: BB.ENDPOINTS :: Init gamestate()
INFO - [G] 2026-09-13 17:06:35 :: DEBUG :: BB.ENDPOINTS :: Return gamestate()
INFO - [G] 2026-09-13 17:06:35 :: DEBUG :: BB.RESPONSE :: gamestate OK (1ms)
INFO - [G] 2026-09-13 17:06:35 :: DEBUG :: BB.SERVER :: Client connected
INFO - [G] 2026-09-13 17:06:35 :: DEBUG :: BB.REQUEST :: gamestate()
INFO - [G] 2026-09-13 17:06:35 :: DEBUG :: BB.ENDPOINTS :: Init gamestate()
INFO - [G] 2026-09-13 17:06:35 :: DEBUG :: BB.ENDPOINTS :: Return gamestate()
INFO - [G] 2026-09-13 17:06:35 :: DEBUG :: BB.RESPONSE :: gamestate OK (1ms)
INFO - [G] 2026-09-13 17:06:35 :: DEBUG :: BB.SERVER :: Client connected
INFO - [G] 2026-09-13 17:06:35 :: DEBUG :: BB.REQUEST :: gamestate()
INFO - [G] 2026-09-13 17:06:35 :: DEBUG :: BB.ENDPOINTS :: Init gamestate()
INFO - [G] 2026-09-13 17:06:35 :: DEBUG :: BB.ENDPOINTS :: Return gamestate()
INFO - [G] 2026-09-13 17:06:35 :: DEBUG :: BB.RESPONSE :: gamestate OK (1ms)
INFO - [G] 2026-09-13 17:06:35 :: DEBUG :: BB.SERVER :: Client connected
INFO - [G] 2026-09-13 17:06:35 :: DEBUG :: BB.REQUEST :: gamestate()
INFO - [G] 2026-09-13 17:06:35 :: DEBUG :: BB.ENDPOINTS :: Init gamestate()
INFO - [G] 2026-09-13 17:06:35 :: DEBUG :: BB.ENDPOINTS :: Return gamestate()
INFO - [G] 2026-09-13 17:06:35 :: DEBUG :: BB.RESPONSE :: gamestate OK (1ms)
INFO - [G] 2026-09-13 17:06:35 :: DEBUG :: BB.SERVER :: Client connected
INFO - [G] 2026-09-13 17:06:35 :: DEBUG :: BB.REQUEST :: gamestate()
INFO - [G] 2026-09-13 17:06:35 :: DEBUG :: BB.ENDPOINTS :: Init gamestate()
INFO - [G] 2026-09-13 17:06:35 :: DEBUG :: BB.ENDPOINTS :: Return gamestate()
INFO - [G] 2026-09-13 17:06:35 :: DEBUG :: BB.RESPONSE :: gamestate OK (1ms)
INFO - [G] 2026-09-13 17:06:36 :: DEBUG :: BB.SERVER :: Client connected
INFO - [G] 2026-09-13 17:06:36 :: DEBUG :: BB.REQUEST :: gamestate()
INFO - [G] 2026-09-13 17:06:36 :: DEBUG :: BB.ENDPOINTS :: Init gamestate()
INFO - [G] 2026-09-13 17:06:36 :: DEBUG :: BB.ENDPOINTS :: Return gamestate()
INFO - [G] 2026-09-13 17:06:36 :: DEBUG :: BB.RESPONSE :: gamestate OK (1ms)
INFO - [G] 2026-09-13 17:06:36 :: DEBUG :: BB.SERVER :: Client connected
INFO - [G] 2026-09-13 17:06:36 :: DEBUG :: BB.REQUEST :: gamestate()
INFO - [G] 2026-09-13 17:06:36 :: DEBUG :: BB.ENDPOINTS :: Init gamestate()
INFO - [G] 2026-09-13 17:06:36 :: DEBUG :: BB.ENDPOINTS :: Return gamestate()
INFO - [G] 2026-09-13 17:06:36 :: DEBUG :: BB.RESPONSE :: gamestate OK (1ms)
INFO - [G] 2026-09-13 17:06:36 :: DEBUG :: BB.SERVER :: Client connected
INFO - [G] 2026-09-13 17:06:36 :: DEBUG :: BB.REQUEST :: gamestate()
INFO - [G] 2026-09-13 17:06:36 :: DEBUG :: BB.ENDPOINTS :: Init gamestate()
INFO - [G] 2026-09-13 17:06:36 :: DEBUG :: BB.ENDPOINTS :: Return gamestate()
INFO - [G] 2026-09-13 17:06:36 :: DEBUG :: BB.RESPONSE :: gamestate OK (1ms)
INFO - [G] 2026-09-13 17:06:36 :: DEBUG :: BB.SERVER :: Client connected
INFO - [G] 2026-09-13 17:06:36 :: DEBUG :: BB.REQUEST :: gamestate()
INFO - [G] 2026-09-13 17:06:36 :: DEBUG :: BB.ENDPOINTS :: Init gamestate()
INFO - [G] 2026-09-13 17:06:36 :: DEBUG :: BB.ENDPOINTS :: Return gamestate()
INFO - [G] 2026-09-13 17:06:36 :: DEBUG :: BB.RESPONSE :: gamestate OK (1ms)
INFO - [G] 2026-09-13 17:06:36 :: DEBUG :: BB.SERVER :: Client connected
INFO - [G] 2026-09-13 17:06:36 :: DEBUG :: BB.REQUEST :: gamestate()
INFO - [G] 2026-09-13 17:06:36 :: DEBUG :: BB.ENDPOINTS :: Init gamestate()
INFO - [G] 2026-09-13 17:06:36 :: DEBUG :: BB.ENDPOINTS :: Return gamestate()
INFO - [G] 2026-09-13 17:06:36 :: DEBUG :: BB.RESPONSE :: gamestate OK (1ms)
INFO - [G] 2026-09-13 17:06:36 :: DEBUG :: BB.SERVER :: Client connected
INFO - [G] 2026-09-13 17:06:36 :: DEBUG :: BB.REQUEST :: gamestate()
INFO - [G] 2026-09-13 17:06:36 :: DEBUG :: BB.ENDPOINTS :: Init gamestate()
INFO - [G] 2026-09-13 17:06:36 :: DEBUG :: BB.ENDPOINTS :: Return gamestate()
INFO - [G] 2026-09-13 17:06:36 :: DEBUG :: BB.RESPONSE :: gamestate OK (1ms)
INFO - [G] 2026-09-13 17:06:36 :: DEBUG :: BB.SERVER :: Client connected
INFO - [G] 2026-09-13 17:06:36 :: DEBUG :: BB.REQUEST :: gamestate()
INFO - [G] 2026-09-13 17:06:36 :: DEBUG :: BB.ENDPOINTS :: Init gamestate()
INFO - [G] 2026-09-13 17:06:36 :: DEBUG :: BB.ENDPOINTS :: Return gamestate()
INFO - [G] 2026-09-13 17:06:36 :: DEBUG :: BB.RESPONSE :: gamestate OK (1ms)
INFO - [G] 2026-09-13 17:06:37 :: DEBUG :: BB.SERVER :: Client connected
INFO - [G] 2026-09-13 17:06:37 :: DEBUG :: BB.REQUEST :: gamestate()
INFO - [G] 2026-09-13 17:06:37 :: DEBUG :: BB.ENDPOINTS :: Init gamestate()
INFO - [G] 2026-09-13 17:06:37 :: DEBUG :: BB.ENDPOINTS :: Return gamestate()
INFO - [G] 2026-09-13 17:06:37 :: DEBUG :: BB.RESPONSE :: gamestate OK (1ms)
INFO - [G] 2026-09-13 17:06:37 :: DEBUG :: BB.SERVER :: Client connected
INFO - [G] 2026-09-13 17:06:37 :: DEBUG :: BB.REQUEST :: gamestate()
INFO - [G] 2026-09-13 17:06:37 :: DEBUG :: BB.ENDPOINTS :: Init gamestate()
INFO - [G] 2026-09-13 17:06:37 :: DEBUG :: BB.ENDPOINTS :: Return gamestate()
INFO - [G] 2026-09-13 17:06:37 :: DEBUG :: BB.RESPONSE :: gamestate OK (1ms)
INFO - [G] 2026-09-13 17:06:37 :: DEBUG :: BB.SERVER :: Client connected
INFO - [G] 2026-09-13 17:06:37 :: DEBUG :: BB.REQUEST :: gamestate()
INFO - [G] 2026-09-13 17:06:37 :: DEBUG :: BB.ENDPOINTS :: Init gamestate()
INFO - [G] 2026-09-13 17:06:37 :: DEBUG :: BB.ENDPOINTS :: Return gamestate()
INFO - [G] 2026-09-13 17:06:37 :: DEBUG :: BB.RESPONSE :: gamestate OK (1ms)
INFO - [G] 2026-09-13 17:06:37 :: DEBUG :: BB.SERVER :: Client connected
INFO - [G] 2026-09-13 17:06:37 :: DEBUG :: BB.REQUEST :: gamestate()
INFO - [G] 2026-09-13 17:06:37 :: DEBUG :: BB.ENDPOINTS :: Init gamestate()
INFO - [G] 2026-09-13 17:06:37 :: DEBUG :: BB.ENDPOINTS :: Return gamestate()
INFO - [G] 2026-09-13 17:06:37 :: DEBUG :: BB.RESPONSE :: gamestate OK (1ms)
INFO - [G] 2026-09-13 17:06:37 :: DEBUG :: BB.SERVER :: Client connected
INFO - [G] 2026-09-13 17:06:37 :: DEBUG :: BB.REQUEST :: gamestate()
INFO - [G] 2026-09-13 17:06:37 :: DEBUG :: BB.ENDPOINTS :: Init gamestate()
INFO - [G] 2026-09-13 17:06:37 :: DEBUG :: BB.ENDPOINTS :: Return gamestate()
INFO - [G] 2026-09-13 17:06:37 :: DEBUG :: BB.RESPONSE :: gamestate OK (1ms)
INFO - [G] 2026-09-13 17:06:37 :: DEBUG :: BB.SERVER :: Client connected
INFO - [G] 2026-09-13 17:06:37 :: DEBUG :: BB.REQUEST :: gamestate()
INFO - [G] 2026-09-13 17:06:37 :: DEBUG :: BB.ENDPOINTS :: Init gamestate()
INFO - [G] 2026-09-13 17:06:37 :: DEBUG :: BB.ENDPOINTS :: Return gamestate()
INFO - [G] 2026-09-13 17:06:37 :: DEBUG :: BB.RESPONSE :: gamestate OK (1ms)
INFO - [G] 2026-09-13 17:06:37 :: DEBUG :: BB.SERVER :: Client connected
INFO - [G] 2026-09-13 17:06:37 :: DEBUG :: BB.REQUEST :: gamestate()
INFO - [G] 2026-09-13 17:06:37 :: DEBUG :: BB.ENDPOINTS :: Init gamestate()
INFO - [G] 2026-09-13 17:06:37 :: DEBUG :: BB.ENDPOINTS :: Return gamestate()
INFO - [G] 2026-09-13 17:06:37 :: DEBUG :: BB.RESPONSE :: gamestate OK (1ms)
INFO - [G] 2026-09-13 17:06:38 :: DEBUG :: BB.SERVER :: Client connected
INFO - [G] 2026-09-13 17:06:38 :: DEBUG :: BB.REQUEST :: gamestate()
INFO - [G] 2026-09-13 17:06:38 :: DEBUG :: BB.ENDPOINTS :: Init gamestate()
INFO - [G] 2026-09-13 17:06:38 :: DEBUG :: BB.ENDPOINTS :: Return gamestate()
INFO - [G] 2026-09-13 17:06:38 :: DEBUG :: BB.RESPONSE :: gamestate OK (1ms)
INFO - [G] 2026-09-13 17:06:38 :: DEBUG :: BB.SERVER :: Client connected
INFO - [G] 2026-09-13 17:06:38 :: DEBUG :: BB.REQUEST :: gamestate()
INFO - [G] 2026-09-13 17:06:38 :: DEBUG :: BB.ENDPOINTS :: Init gamestate()
INFO - [G] 2026-09-13 17:06:38 :: DEBUG :: BB.ENDPOINTS :: Return gamestate()
INFO - [G] 2026-09-13 17:06:38 :: DEBUG :: BB.RESPONSE :: gamestate OK (1ms)
INFO - [G] 2026-09-13 17:06:38 :: DEBUG :: BB.SERVER :: Client connected
INFO - [G] 2026-09-13 17:06:38 :: DEBUG :: BB.REQUEST :: gamestate()
INFO - [G] 2026-09-13 17:06:38 :: DEBUG :: BB.ENDPOINTS :: Init gamestate()
INFO - [G] 2026-09-13 17:06:38 :: DEBUG :: BB.ENDPOINTS :: Return gamestate()
INFO - [G] 2026-09-13 17:06:38 :: DEBUG :: BB.RESPONSE :: gamestate OK (1ms)
INFO - [G] 2026-09-13 17:06:38 :: DEBUG :: BB.SERVER :: Client connected
INFO - [G] 2026-09-13 17:06:38 :: DEBUG :: BB.REQUEST :: gamestate()
INFO - [G] 2026-09-13 17:06:38 :: DEBUG :: BB.ENDPOINTS :: Init gamestate()
INFO - [G] 2026-09-13 17:06:38 :: DEBUG :: BB.ENDPOINTS :: Return gamestate()
INFO - [G] 2026-09-13 17:06:38 :: DEBUG :: BB.RESPONSE :: gamestate OK (1ms)
INFO - [G] 2026-09-13 17:06:38 :: DEBUG :: BB.SERVER :: Client connected
INFO - [G] 2026-09-13 17:06:38 :: DEBUG :: BB.REQUEST :: gamestate()
INFO - [G] 2026-09-13 17:06:38 :: DEBUG :: BB.ENDPOINTS :: Init gamestate()
INFO - [G] 2026-09-13 17:06:38 :: DEBUG :: BB.ENDPOINTS :: Return gamestate()
INFO - [G] 2026-09-13 17:06:38 :: DEBUG :: BB.RESPONSE :: gamestate OK (1ms)
INFO - [G] 2026-09-13 17:06:38 :: DEBUG :: BB.SERVER :: Client connected
INFO - [G] 2026-09-13 17:06:38 :: DEBUG :: BB.REQUEST :: gamestate()
INFO - [G] 2026-09-13 17:06:38 :: DEBUG :: BB.ENDPOINTS :: Init gamestate()
INFO - [G] 2026-09-13 17:06:38 :: DEBUG :: BB.ENDPOINTS :: Return gamestate()
INFO - [G] 2026-09-13 17:06:38 :: DEBUG :: BB.RESPONSE :: gamestate OK (1ms)
INFO - [G] 2026-09-13 17:06:38 :: DEBUG :: BB.SERVER :: Client connected
INFO - [G] 2026-09-13 17:06:38 :: DEBUG :: BB.REQUEST :: gamestate()
INFO - [G] 2026-09-13 17:06:38 :: DEBUG :: BB.ENDPOINTS :: Init gamestate()
INFO - [G] 2026-09-13 17:06:38 :: DEBUG :: BB.ENDPOINTS :: Return gamestate()
INFO - [G] 2026-09-13 17:06:38 :: DEBUG :: BB.RESPONSE :: gamestate OK (1ms)
INFO - [G] 2026-09-13 17:06:39 :: DEBUG :: BB.SERVER :: Client connected
INFO - [G] 2026-09-13 17:06:39 :: DEBUG :: BB.REQUEST :: gamestate()
INFO - [G] 2026-09-13 17:06:39 :: DEBUG :: BB.ENDPOINTS :: Init gamestate()
INFO - [G] 2026-09-13 17:06:39 :: DEBUG :: BB.ENDPOINTS :: Return gamestate()
INFO - [G] 2026-09-13 17:06:39 :: DEBUG :: BB.RESPONSE :: gamestate OK (1ms)
INFO - [G] 2026-09-13 17:06:39 :: DEBUG :: BB.SERVER :: Client connected
INFO - [G] 2026-09-13 17:06:39 :: DEBUG :: BB.REQUEST :: gamestate()
INFO - [G] 2026-09-13 17:06:39 :: DEBUG :: BB.ENDPOINTS :: Init gamestate()
INFO - [G] 2026-09-13 17:06:39 :: DEBUG :: BB.ENDPOINTS :: Return gamestate()
INFO - [G] 2026-09-13 17:06:39 :: DEBUG :: BB.RESPONSE :: gamestate OK (1ms)
INFO - [G] 2026-09-13 17:06:39 :: DEBUG :: BB.SERVER :: Client connected
INFO - [G] 2026-09-13 17:06:39 :: DEBUG :: BB.REQUEST :: gamestate()
INFO - [G] 2026-09-13 17:06:39 :: DEBUG :: BB.ENDPOINTS :: Init gamestate()
INFO - [G] 2026-09-13 17:06:39 :: DEBUG :: BB.ENDPOINTS :: Return gamestate()
INFO - [G] 2026-09-13 17:06:39 :: DEBUG :: BB.RESPONSE :: gamestate OK (1ms)
INFO - [G] 2026-09-13 17:06:39 :: DEBUG :: BB.SERVER :: Client connected
INFO - [G] 2026-09-13 17:06:39 :: DEBUG :: BB.REQUEST :: gamestate()
INFO - [G] 2026-09-13 17:06:39 :: DEBUG :: BB.ENDPOINTS :: Init gamestate()
INFO - [G] 2026-09-13 17:06:39 :: DEBUG :: BB.ENDPOINTS :: Return gamestate()
INFO - [G] 2026-09-13 17:06:39 :: DEBUG :: BB.RESPONSE :: gamestate OK (1ms)
INFO - [G] 2026-09-13 17:06:39 :: DEBUG :: BB.SERVER :: Client connected
INFO - [G] 2026-09-13 17:06:39 :: DEBUG :: BB.REQUEST :: gamestate()
INFO - [G] 2026-09-13 17:06:39 :: DEBUG :: BB.ENDPOINTS :: Init gamestate()
INFO - [G] 2026-09-13 17:06:39 :: DEBUG :: BB.ENDPOINTS :: Return gamestate()
INFO - [G] 2026-09-13 17:06:39 :: DEBUG :: BB.RESPONSE :: gamestate OK (1ms)
INFO - [G] 2026-09-13 17:06:39 :: DEBUG :: BB.SERVER :: Client connected
INFO - [G] 2026-09-13 17:06:39 :: DEBUG :: BB.REQUEST :: gamestate()
INFO - [G] 2026-09-13 17:06:39 :: DEBUG :: BB.ENDPOINTS :: Init gamestate()
INFO - [G] 2026-09-13 17:06:39 :: DEBUG :: BB.ENDPOINTS :: Return gamestate()
INFO - [G] 2026-09-13 17:06:39 :: DEBUG :: BB.RESPONSE :: gamestate OK (1ms)
INFO - [G] 2026-09-13 17:06:39 :: DEBUG :: BB.SERVER :: Client connected
INFO - [G] 2026-09-13 17:06:39 :: DEBUG :: BB.REQUEST :: gamestate()
INFO - [G] 2026-09-13 17:06:39 :: DEBUG :: BB.ENDPOINTS :: Init gamestate()
INFO - [G] 2026-09-13 17:06:39 :: DEBUG :: BB.ENDPOINTS :: Return gamestate()
INFO - [G] 2026-09-13 17:06:39 :: DEBUG :: BB.RESPONSE :: gamestate OK (1ms)
INFO - [G] 2026-09-13 17:06:40 :: DEBUG :: BB.SERVER :: Client connected
INFO - [G] 2026-09-13 17:06:40 :: DEBUG :: BB.REQUEST :: gamestate()
INFO - [G] 2026-09-13 17:06:40 :: DEBUG :: BB.ENDPOINTS :: Init gamestate()
INFO - [G] 2026-09-13 17:06:40 :: DEBUG :: BB.ENDPOINTS :: Return gamestate()
INFO - [G] 2026-09-13 17:06:40 :: DEBUG :: BB.RESPONSE :: gamestate OK (1ms)
INFO - [G] 2026-09-13 17:06:40 :: DEBUG :: BB.SERVER :: Client connected
INFO - [G] 2026-09-13 17:06:40 :: DEBUG :: BB.REQUEST :: gamestate()
INFO - [G] 2026-09-13 17:06:40 :: DEBUG :: BB.ENDPOINTS :: Init gamestate()
INFO - [G] 2026-09-13 17:06:40 :: DEBUG :: BB.ENDPOINTS :: Return gamestate()
INFO - [G] 2026-09-13 17:06:40 :: DEBUG :: BB.RESPONSE :: gamestate OK (1ms)
INFO - [G] 2026-09-13 17:06:40 :: DEBUG :: BB.SERVER :: Client connected
INFO - [G] 2026-09-13 17:06:40 :: DEBUG :: BB.REQUEST :: gamestate()
INFO - [G] 2026-09-13 17:06:40 :: DEBUG :: BB.ENDPOINTS :: Init gamestate()
INFO - [G] 2026-09-13 17:06:40 :: DEBUG :: BB.ENDPOINTS :: Return gamestate()
INFO - [G] 2026-09-13 17:06:40 :: DEBUG :: BB.RESPONSE :: gamestate OK (1ms)
INFO - [G] 2026-09-13 17:06:40 :: DEBUG :: BB.SERVER :: Client connected
INFO - [G] 2026-09-13 17:06:40 :: DEBUG :: BB.REQUEST :: gamestate()
INFO - [G] 2026-09-13 17:06:40 :: DEBUG :: BB.ENDPOINTS :: Init gamestate()
INFO - [G] 2026-09-13 17:06:40 :: DEBUG :: BB.ENDPOINTS :: Return gamestate()
INFO - [G] 2026-09-13 17:06:40 :: DEBUG :: BB.RESPONSE :: gamestate OK (1ms)
INFO - [G] 2026-09-13 17:06:40 :: DEBUG :: BB.SERVER :: Client connected
INFO - [G] 2026-09-13 17:06:40 :: DEBUG :: BB.REQUEST :: gamestate()
INFO - [G] 2026-09-13 17:06:40 :: DEBUG :: BB.ENDPOINTS :: Init gamestate()
INFO - [G] 2026-09-13 17:06:40 :: DEBUG :: BB.ENDPOINTS :: Return gamestate()
INFO - [G] 2026-09-13 17:06:40 :: DEBUG :: BB.RESPONSE :: gamestate OK (1ms)
INFO - [G] 2026-09-13 17:06:40 :: DEBUG :: BB.SERVER :: Client connected
INFO - [G] 2026-09-13 17:06:40 :: DEBUG :: BB.REQUEST :: gamestate()
INFO - [G] 2026-09-13 17:06:40 :: DEBUG :: BB.ENDPOINTS :: Init gamestate()
INFO - [G] 2026-09-13 17:06:40 :: DEBUG :: BB.ENDPOINTS :: Return gamestate()
INFO - [G] 2026-09-13 17:06:40 :: DEBUG :: BB.RESPONSE :: gamestate OK (1ms)
INFO - [G] 2026-09-13 17:06:40 :: DEBUG :: BB.SERVER :: Client connected
INFO - [G] 2026-09-13 17:06:40 :: DEBUG :: BB.REQUEST :: gamestate()
INFO - [G] 2026-09-13 17:06:40 :: DEBUG :: BB.ENDPOINTS :: Init gamestate()
INFO - [G] 2026-09-13 17:06:40 :: DEBUG :: BB.ENDPOINTS :: Return gamestate()
INFO - [G] 2026-09-13 17:06:40 :: DEBUG :: BB.RESPONSE :: gamestate OK (1ms)
INFO - [G] 2026-09-13 17:06:40 :: DEBUG :: BB.SERVER :: Client connected
INFO - [G] 2026-09-13 17:06:40 :: DEBUG :: BB.REQUEST :: gamestate()
INFO - [G] 2026-09-13 17:06:40 :: DEBUG :: BB.ENDPOINTS :: Init gamestate()
INFO - [G] 2026-09-13 17:06:40 :: DEBUG :: BB.ENDPOINTS :: Return gamestate()
INFO - [G] 2026-09-13 17:06:40 :: DEBUG :: BB.RESPONSE :: gamestate OK (1ms)
INFO - [G] 2026-09-13 17:06:41 :: DEBUG :: BB.SERVER :: Client connected
INFO - [G] 2026-09-13 17:06:41 :: DEBUG :: BB.REQUEST :: gamestate()
INFO - [G] 2026-09-13 17:06:41 :: DEBUG :: BB.ENDPOINTS :: Init gamestate()
INFO - [G] 2026-09-13 17:06:41 :: DEBUG :: BB.ENDPOINTS :: Return gamestate()
INFO - [G] 2026-09-13 17:06:41 :: DEBUG :: BB.RESPONSE :: gamestate OK (1ms)
INFO - [G] 2026-09-13 17:06:41 :: DEBUG :: BB.SERVER :: Client connected
INFO - [G] 2026-09-13 17:06:41 :: DEBUG :: BB.REQUEST :: gamestate()
INFO - [G] 2026-09-13 17:06:41 :: DEBUG :: BB.ENDPOINTS :: Init gamestate()
INFO - [G] 2026-09-13 17:06:41 :: DEBUG :: BB.ENDPOINTS :: Return gamestate()
INFO - [G] 2026-09-13 17:06:41 :: DEBUG :: BB.RESPONSE :: gamestate OK (1ms)
INFO - [G] 2026-09-13 17:06:41 :: DEBUG :: BB.SERVER :: Client connected
INFO - [G] 2026-09-13 17:06:41 :: DEBUG :: BB.REQUEST :: gamestate()
INFO - [G] 2026-09-13 17:06:41 :: DEBUG :: BB.ENDPOINTS :: Init gamestate()
INFO - [G] 2026-09-13 17:06:41 :: DEBUG :: BB.ENDPOINTS :: Return gamestate()
INFO - [G] 2026-09-13 17:06:41 :: DEBUG :: BB.RESPONSE :: gamestate OK (1ms)
INFO - [G] 2026-09-13 17:06:41 :: DEBUG :: BB.SERVER :: Client connected
INFO - [G] 2026-09-13 17:06:41 :: DEBUG :: BB.REQUEST :: gamestate()
INFO - [G] 2026-09-13 17:06:41 :: DEBUG :: BB.ENDPOINTS :: Init gamestate()
INFO - [G] 2026-09-13 17:06:41 :: DEBUG :: BB.ENDPOINTS :: Return gamestate()
INFO - [G] 2026-09-13 17:06:41 :: DEBUG :: BB.RESPONSE :: gamestate OK (1ms)
INFO - [G] 2026-09-13 17:06:41 :: DEBUG :: BB.SERVER :: Client connected
INFO - [G] 2026-09-13 17:06:41 :: DEBUG :: BB.REQUEST :: gamestate()
INFO - [G] 2026-09-13 17:06:41 :: DEBUG :: BB.ENDPOINTS :: Init gamestate()
INFO - [G] 2026-09-13 17:06:41 :: DEBUG :: BB.ENDPOINTS :: Return gamestate()
INFO - [G] 2026-09-13 17:06:41 :: DEBUG :: BB.RESPONSE :: gamestate OK (1ms)
INFO - [G] 2026-09-13 17:06:41 :: DEBUG :: BB.SERVER :: Client connected
INFO - [G] 2026-09-13 17:06:41 :: DEBUG :: BB.REQUEST :: gamestate()
INFO - [G] 2026-09-13 17:06:41 :: DEBUG :: BB.ENDPOINTS :: Init gamestate()
INFO - [G] 2026-09-13 17:06:41 :: DEBUG :: BB.ENDPOINTS :: Return gamestate()
INFO - [G] 2026-09-13 17:06:41 :: DEBUG :: BB.RESPONSE :: gamestate OK (1ms)
INFO - [G] 2026-09-13 17:06:41 :: DEBUG :: BB.SERVER :: Client connected
INFO - [G] 2026-09-13 17:06:41 :: DEBUG :: BB.REQUEST :: gamestate()
INFO - [G] 2026-09-13 17:06:41 :: DEBUG :: BB.ENDPOINTS :: Init gamestate()
INFO - [G] 2026-09-13 17:06:41 :: DEBUG :: BB.ENDPOINTS :: Return gamestate()
INFO - [G] 2026-09-13 17:06:41 :: DEBUG :: BB.RESPONSE :: gamestate OK (1ms)
INFO - [G] 2026-09-13 17:06:42 :: DEBUG :: BB.SERVER :: Client connected
INFO - [G] 2026-09-13 17:06:42 :: DEBUG :: BB.REQUEST :: gamestate()
INFO - [G] 2026-09-13 17:06:42 :: DEBUG :: BB.ENDPOINTS :: Init gamestate()
INFO - [G] 2026-09-13 17:06:42 :: DEBUG :: BB.ENDPOINTS :: Return gamestate()
INFO - [G] 2026-09-13 17:06:42 :: DEBUG :: BB.RESPONSE :: gamestate OK (1ms)
INFO - [G] 2026-09-13 17:06:42 :: DEBUG :: BB.SERVER :: Client connected
INFO - [G] 2026-09-13 17:06:42 :: DEBUG :: BB.REQUEST :: gamestate()
INFO - [G] 2026-09-13 17:06:42 :: DEBUG :: BB.ENDPOINTS :: Init gamestate()
INFO - [G] 2026-09-13 17:06:42 :: DEBUG :: BB.ENDPOINTS :: Return gamestate()
INFO - [G] 2026-09-13 17:06:42 :: DEBUG :: BB.RESPONSE :: gamestate OK (1ms)
INFO - [G] 2026-09-13 17:06:42 :: DEBUG :: BB.SERVER :: Client connected
INFO - [G] 2026-09-13 17:06:42 :: DEBUG :: BB.REQUEST :: gamestate()
INFO - [G] 2026-09-13 17:06:42 :: DEBUG :: BB.ENDPOINTS :: Init gamestate()
INFO - [G] 2026-09-13 17:06:42 :: DEBUG :: BB.ENDPOINTS :: Return gamestate()
INFO - [G] 2026-09-13 17:06:42 :: DEBUG :: BB.RESPONSE :: gamestate OK (1ms)
INFO - [G] 2026-09-13 17:06:42 :: DEBUG :: BB.SERVER :: Client connected
INFO - [G] 2026-09-13 17:06:42 :: DEBUG :: BB.REQUEST :: gamestate()
INFO - [G] 2026-09-13 17:06:42 :: DEBUG :: BB.ENDPOINTS :: Init gamestate()
INFO - [G] 2026-09-13 17:06:42 :: DEBUG :: BB.ENDPOINTS :: Return gamestate()
INFO - [G] 2026-09-13 17:06:42 :: DEBUG :: BB.RESPONSE :: gamestate OK (1ms)
INFO - [G] 2026-09-13 17:06:42 :: DEBUG :: BB.SERVER :: Client connected
INFO - [G] 2026-09-13 17:06:42 :: DEBUG :: BB.REQUEST :: gamestate()
INFO - [G] 2026-09-13 17:06:42 :: DEBUG :: BB.ENDPOINTS :: Init gamestate()
INFO - [G] 2026-09-13 17:06:42 :: DEBUG :: BB.ENDPOINTS :: Return gamestate()
INFO - [G] 2026-09-13 17:06:42 :: DEBUG :: BB.RESPONSE :: gamestate OK (1ms)
INFO - [G] 2026-09-13 17:06:42 :: DEBUG :: BB.SERVER :: Client connected
INFO - [G] 2026-09-13 17:06:42 :: DEBUG :: BB.REQUEST :: gamestate()
INFO - [G] 2026-09-13 17:06:42 :: DEBUG :: BB.ENDPOINTS :: Init gamestate()
INFO - [G] 2026-09-13 17:06:42 :: DEBUG :: BB.ENDPOINTS :: Return gamestate()
INFO - [G] 2026-09-13 17:06:42 :: DEBUG :: BB.RESPONSE :: gamestate OK (1ms)
INFO - [G] 2026-09-13 17:06:42 :: DEBUG :: BB.SERVER :: Client connected
INFO - [G] 2026-09-13 17:06:42 :: DEBUG :: BB.REQUEST :: gamestate()
INFO - [G] 2026-09-13 17:06:42 :: DEBUG :: BB.ENDPOINTS :: Init gamestate()
INFO - [G] 2026-09-13 17:06:42 :: DEBUG :: BB.ENDPOINTS :: Return gamestate()
INFO - [G] 2026-09-13 17:06:42 :: DEBUG :: BB.RESPONSE :: gamestate OK (1ms)
INFO - [G] 2026-09-13 17:06:43 :: DEBUG :: BB.SERVER :: Client connected
INFO - [G] 2026-09-13 17:06:43 :: DEBUG :: BB.REQUEST :: gamestate()
INFO - [G] 2026-09-13 17:06:43 :: DEBUG :: BB.ENDPOINTS :: Init gamestate()
INFO - [G] 2026-09-13 17:06:43 :: DEBUG :: BB.ENDPOINTS :: Return gamestate()
INFO - [G] 2026-09-13 17:06:43 :: DEBUG :: BB.RESPONSE :: gamestate OK (1ms)
INFO - [G] 2026-09-13 17:06:43 :: DEBUG :: BB.SERVER :: Client connected
INFO - [G] 2026-09-13 17:06:43 :: DEBUG :: BB.REQUEST :: gamestate()
INFO - [G] 2026-09-13 17:06:43 :: DEBUG :: BB.ENDPOINTS :: Init gamestate()
INFO - [G] 2026-09-13 17:06:43 :: DEBUG :: BB.ENDPOINTS :: Return gamestate()
INFO - [G] 2026-09-13 17:06:43 :: DEBUG :: BB.RESPONSE :: gamestate OK (1ms)
INFO - [G] 2026-09-13 17:06:43 :: DEBUG :: BB.SERVER :: Client connected
INFO - [G] 2026-09-13 17:06:43 :: DEBUG :: BB.REQUEST :: gamestate()
INFO - [G] 2026-09-13 17:06:43 :: DEBUG :: BB.ENDPOINTS :: Init gamestate()
INFO - [G] 2026-09-13 17:06:43 :: DEBUG :: BB.ENDPOINTS :: Return gamestate()
INFO - [G] 2026-09-13 17:06:43 :: DEBUG :: BB.RESPONSE :: gamestate OK (1ms)
INFO - [G] 2026-09-13 17:06:43 :: DEBUG :: BB.SERVER :: Client connected
INFO - [G] 2026-09-13 17:06:43 :: DEBUG :: BB.REQUEST :: gamestate()
INFO - [G] 2026-09-13 17:06:43 :: DEBUG :: BB.ENDPOINTS :: Init gamestate()
INFO - [G] 2026-09-13 17:06:43 :: DEBUG :: BB.ENDPOINTS :: Return gamestate()
INFO - [G] 2026-09-13 17:06:43 :: DEBUG :: BB.RESPONSE :: gamestate OK (1ms)
INFO - [G] 2026-09-13 17:06:43 :: DEBUG :: BB.SERVER :: Client connected
INFO - [G] 2026-09-13 17:06:43 :: DEBUG :: BB.REQUEST :: gamestate()
INFO - [G] 2026-09-13 17:06:43 :: DEBUG :: BB.ENDPOINTS :: Init gamestate()
INFO - [G] 2026-09-13 17:06:43 :: DEBUG :: BB.ENDPOINTS :: Return gamestate()
INFO - [G] 2026-09-13 17:06:43 :: DEBUG :: BB.RESPONSE :: gamestate OK (1ms)
INFO - [G] 2026-09-13 17:06:43 :: DEBUG :: BB.SERVER :: Client connected
INFO - [G] 2026-09-13 17:06:43 :: DEBUG :: BB.REQUEST :: gamestate()
INFO - [G] 2026-09-13 17:06:43 :: DEBUG :: BB.ENDPOINTS :: Init gamestate()
INFO - [G] 2026-09-13 17:06:43 :: DEBUG :: BB.ENDPOINTS :: Return gamestate()
INFO - [G] 2026-09-13 17:06:43 :: DEBUG :: BB.RESPONSE :: gamestate OK (1ms)
INFO - [G] 2026-09-13 17:06:43 :: DEBUG :: BB.SERVER :: Client connected
INFO - [G] 2026-09-13 17:06:43 :: DEBUG :: BB.REQUEST :: gamestate()
INFO - [G] 2026-09-13 17:06:43 :: DEBUG :: BB.ENDPOINTS :: Init gamestate()
INFO - [G] 2026-09-13 17:06:43 :: DEBUG :: BB.ENDPOINTS :: Return gamestate()
INFO - [G] 2026-09-13 17:06:43 :: DEBUG :: BB.RESPONSE :: gamestate OK (1ms)
INFO - [G] 2026-09-13 17:06:44 :: DEBUG :: BB.SERVER :: Client connected
INFO - [G] 2026-09-13 17:06:44 :: DEBUG :: BB.REQUEST :: gamestate()
INFO - [G] 2026-09-13 17:06:44 :: DEBUG :: BB.ENDPOINTS :: Init gamestate()
INFO - [G] 2026-09-13 17:06:44 :: DEBUG :: BB.ENDPOINTS :: Return gamestate()
INFO - [G] 2026-09-13 17:06:44 :: DEBUG :: BB.RESPONSE :: gamestate OK (1ms)
INFO - [G] 2026-09-13 17:06:44 :: DEBUG :: BB.SERVER :: Client connected
INFO - [G] 2026-09-13 17:06:44 :: DEBUG :: BB.REQUEST :: gamestate()
INFO - [G] 2026-09-13 17:06:44 :: DEBUG :: BB.ENDPOINTS :: Init gamestate()
INFO - [G] 2026-09-13 17:06:44 :: DEBUG :: BB.ENDPOINTS :: Return gamestate()
INFO - [G] 2026-09-13 17:06:44 :: DEBUG :: BB.RESPONSE :: gamestate OK (1ms)
INFO - [G] 2026-09-13 17:06:44 :: DEBUG :: BB.SERVER :: Client connected
INFO - [G] 2026-09-13 17:06:44 :: DEBUG :: BB.REQUEST :: gamestate()
INFO - [G] 2026-09-13 17:06:44 :: DEBUG :: BB.ENDPOINTS :: Init gamestate()
INFO - [G] 2026-09-13 17:06:44 :: DEBUG :: BB.ENDPOINTS :: Return gamestate()
INFO - [G] 2026-09-13 17:06:44 :: DEBUG :: BB.RESPONSE :: gamestate OK (1ms)
INFO - [G] 2026-09-13 17:06:44 :: DEBUG :: BB.SERVER :: Client connected
INFO - [G] 2026-09-13 17:06:44 :: DEBUG :: BB.REQUEST :: gamestate()
INFO - [G] 2026-09-13 17:06:44 :: DEBUG :: BB.ENDPOINTS :: Init gamestate()
INFO - [G] 2026-09-13 17:06:44 :: DEBUG :: BB.ENDPOINTS :: Return gamestate()
INFO - [G] 2026-09-13 17:06:44 :: DEBUG :: BB.RESPONSE :: gamestate OK (1ms)
INFO - [G] 2026-09-13 17:06:44 :: DEBUG :: BB.SERVER :: Client connected
INFO - [G] 2026-09-13 17:06:44 :: DEBUG :: BB.REQUEST :: gamestate()
INFO - [G] 2026-09-13 17:06:44 :: DEBUG :: BB.ENDPOINTS :: Init gamestate()
INFO - [G] 2026-09-13 17:06:44 :: DEBUG :: BB.ENDPOINTS :: Return gamestate()
INFO - [G] 2026-09-13 17:06:44 :: DEBUG :: BB.RESPONSE :: gamestate OK (1ms)
INFO - [G] 2026-09-13 17:06:44 :: DEBUG :: BB.SERVER :: Client connected
INFO - [G] 2026-09-13 17:06:44 :: DEBUG :: BB.REQUEST :: gamestate()
INFO - [G] 2026-09-13 17:06:44 :: DEBUG :: BB.ENDPOINTS :: Init gamestate()
INFO - [G] 2026-09-13 17:06:44 :: DEBUG :: BB.ENDPOINTS :: Return gamestate()
INFO - [G] 2026-09-13 17:06:44 :: DEBUG :: BB.RESPONSE :: gamestate OK (1ms)
INFO - [G] 2026-09-13 17:06:44 :: DEBUG :: BB.SERVER :: Client connected
INFO - [G] 2026-09-13 17:06:44 :: DEBUG :: BB.REQUEST :: gamestate()
INFO - [G] 2026-09-13 17:06:44 :: DEBUG :: BB.ENDPOINTS :: Init gamestate()
INFO - [G] 2026-09-13 17:06:44 :: DEBUG :: BB.ENDPOINTS :: Return gamestate()
INFO - [G] 2026-09-13 17:06:44 :: DEBUG :: BB.RESPONSE :: gamestate OK (1ms)
INFO - [G] 2026-09-13 17:06:44 :: DEBUG :: BB.SERVER :: Client connected
INFO - [G] 2026-09-13 17:06:45 :: DEBUG :: BB.REQUEST :: gamestate()
INFO - [G] 2026-09-13 17:06:45 :: DEBUG :: BB.ENDPOINTS :: Init gamestate()
INFO - [G] 2026-09-13 17:06:45 :: DEBUG :: BB.ENDPOINTS :: Return gamestate()
INFO - [G] 2026-09-13 17:06:45 :: DEBUG :: BB.RESPONSE :: gamestate OK (1ms)
INFO - [G] 2026-09-13 17:06:45 :: DEBUG :: BB.SERVER :: Client connected
INFO - [G] 2026-09-13 17:06:45 :: DEBUG :: BB.REQUEST :: gamestate()
INFO - [G] 2026-09-13 17:06:45 :: DEBUG :: BB.ENDPOINTS :: Init gamestate()
INFO - [G] 2026-09-13 17:06:45 :: DEBUG :: BB.ENDPOINTS :: Return gamestate()
INFO - [G] 2026-09-13 17:06:45 :: DEBUG :: BB.RESPONSE :: gamestate OK (1ms)
INFO - [G] 2026-09-13 17:06:45 :: DEBUG :: BB.SERVER :: Client connected
INFO - [G] 2026-09-13 17:06:45 :: DEBUG :: BB.REQUEST :: gamestate()
INFO - [G] 2026-09-13 17:06:45 :: DEBUG :: BB.ENDPOINTS :: Init gamestate()
INFO - [G] 2026-09-13 17:06:45 :: DEBUG :: BB.ENDPOINTS :: Return gamestate()
INFO - [G] 2026-09-13 17:06:45 :: DEBUG :: BB.RESPONSE :: gamestate OK (1ms)
INFO - [G] 2026-09-13 17:06:45 :: DEBUG :: BB.SERVER :: Client connected
INFO - [G] 2026-09-13 17:06:45 :: DEBUG :: BB.REQUEST :: gamestate()
INFO - [G] 2026-09-13 17:06:45 :: DEBUG :: BB.ENDPOINTS :: Init gamestate()
INFO - [G] 2026-09-13 17:06:45 :: DEBUG :: BB.ENDPOINTS :: Return gamestate()
INFO - [G] 2026-09-13 17:06:45 :: DEBUG :: BB.RESPONSE :: gamestate OK (1ms)
INFO - [G] 2026-09-13 17:06:45 :: DEBUG :: BB.SERVER :: Client connected
INFO - [G] 2026-09-13 17:06:45 :: DEBUG :: BB.REQUEST :: gamestate()
INFO - [G] 2026-09-13 17:06:45 :: DEBUG :: BB.ENDPOINTS :: Init gamestate()
INFO - [G] 2026-09-13 17:06:45 :: DEBUG :: BB.ENDPOINTS :: Return gamestate()
INFO - [G] 2026-09-13 17:06:45 :: DEBUG :: BB.RESPONSE :: gamestate OK (1ms)
INFO - [G] 2026-09-13 17:06:45 :: DEBUG :: BB.SERVER :: Client connected
INFO - [G] 2026-09-13 17:06:45 :: DEBUG :: BB.REQUEST :: gamestate()
INFO - [G] 2026-09-13 17:06:45 :: DEBUG :: BB.ENDPOINTS :: Init gamestate()
INFO - [G] 2026-09-13 17:06:45 :: DEBUG :: BB.ENDPOINTS :: Return gamestate()
INFO - [G] 2026-09-13 17:06:45 :: DEBUG :: BB.RESPONSE :: gamestate OK (1ms)
INFO - [G] 2026-09-13 17:06:45 :: DEBUG :: BB.SERVER :: Client connected
INFO - [G] 2026-09-13 17:06:45 :: DEBUG :: BB.REQUEST :: gamestate()
INFO - [G] 2026-09-13 17:06:45 :: DEBUG :: BB.ENDPOINTS :: Init gamestate()
INFO - [G] 2026-09-13 17:06:45 :: DEBUG :: BB.ENDPOINTS :: Return gamestate()
INFO - [G] 2026-09-13 17:06:45 :: DEBUG :: BB.RESPONSE :: gamestate OK (1ms)
INFO - [G] 2026-09-13 17:06:45 :: DEBUG :: BB.SERVER :: Client connected
INFO - [G] 2026-09-13 17:06:45 :: DEBUG :: BB.REQUEST :: gamestate()
INFO - [G] 2026-09-13 17:06:45 :: DEBUG :: BB.ENDPOINTS :: Init gamestate()
INFO - [G] 2026-09-13 17:06:45 :: DEBUG :: BB.ENDPOINTS :: Return gamestate()
INFO - [G] 2026-09-13 17:06:45 :: DEBUG :: BB.RESPONSE :: gamestate OK (1ms)
INFO - [G] 2026-09-13 17:06:46 :: DEBUG :: BB.SERVER :: Client connected
INFO - [G] 2026-09-13 17:06:46 :: DEBUG :: BB.REQUEST :: gamestate()
INFO - [G] 2026-09-13 17:06:46 :: DEBUG :: BB.ENDPOINTS :: Init gamestate()
INFO - [G] 2026-09-13 17:06:46 :: DEBUG :: BB.ENDPOINTS :: Return gamestate()
INFO - [G] 2026-09-13 17:06:46 :: DEBUG :: BB.RESPONSE :: gamestate OK (1ms)
INFO - [G] 2026-09-13 17:06:46 :: DEBUG :: BB.SERVER :: Client connected
INFO - [G] 2026-09-13 17:06:46 :: DEBUG :: BB.REQUEST :: gamestate()
INFO - [G] 2026-09-13 17:06:46 :: DEBUG :: BB.ENDPOINTS :: Init gamestate()
INFO - [G] 2026-09-13 17:06:46 :: DEBUG :: BB.ENDPOINTS :: Return gamestate()
INFO - [G] 2026-09-13 17:06:46 :: DEBUG :: BB.RESPONSE :: gamestate OK (1ms)
INFO - [G] 2026-09-13 17:06:46 :: DEBUG :: BB.SERVER :: Client connected
INFO - [G] 2026-09-13 17:06:46 :: DEBUG :: BB.REQUEST :: gamestate()
INFO - [G] 2026-09-13 17:06:46 :: DEBUG :: BB.ENDPOINTS :: Init gamestate()
INFO - [G] 2026-09-13 17:06:46 :: DEBUG :: BB.ENDPOINTS :: Return gamestate()
INFO - [G] 2026-09-13 17:06:46 :: DEBUG :: BB.RESPONSE :: gamestate OK (1ms)
INFO - [G] 2026-09-13 17:06:46 :: DEBUG :: BB.SERVER :: Client connected
INFO - [G] 2026-09-13 17:06:46 :: DEBUG :: BB.REQUEST :: gamestate()
INFO - [G] 2026-09-13 17:06:46 :: DEBUG :: BB.ENDPOINTS :: Init gamestate()
INFO - [G] 2026-09-13 17:06:46 :: DEBUG :: BB.ENDPOINTS :: Return gamestate()
INFO - [G] 2026-09-13 17:06:46 :: DEBUG :: BB.RESPONSE :: gamestate OK (1ms)
INFO - [G] 2026-09-13 17:06:46 :: DEBUG :: BB.SERVER :: Client connected
INFO - [G] 2026-09-13 17:06:46 :: DEBUG :: BB.REQUEST :: gamestate()
INFO - [G] 2026-09-13 17:06:46 :: DEBUG :: BB.ENDPOINTS :: Init gamestate()
INFO - [G] 2026-09-13 17:06:46 :: DEBUG :: BB.ENDPOINTS :: Return gamestate()
INFO - [G] 2026-09-13 17:06:46 :: DEBUG :: BB.RESPONSE :: gamestate OK (1ms)
INFO - [G] 2026-09-13 17:06:46 :: DEBUG :: BB.SERVER :: Client connected
INFO - [G] 2026-09-13 17:06:46 :: DEBUG :: BB.REQUEST :: gamestate()
INFO - [G] 2026-09-13 17:06:46 :: DEBUG :: BB.ENDPOINTS :: Init gamestate()
INFO - [G] 2026-09-13 17:06:46 :: DEBUG :: BB.ENDPOINTS :: Return gamestate()
INFO - [G] 2026-09-13 17:06:46 :: DEBUG :: BB.RESPONSE :: gamestate OK (1ms)
INFO - [G] 2026-09-13 17:06:46 :: DEBUG :: BB.SERVER :: Client connected
INFO - [G] 2026-09-13 17:06:46 :: DEBUG :: BB.REQUEST :: gamestate()
INFO - [G] 2026-09-13 17:06:46 :: DEBUG :: BB.ENDPOINTS :: Init gamestate()
INFO - [G] 2026-09-13 17:06:46 :: DEBUG :: BB.ENDPOINTS :: Return gamestate()
INFO - [G] 2026-09-13 17:06:46 :: DEBUG :: BB.RESPONSE :: gamestate OK (1ms)
INFO - [G] 2026-09-13 17:06:47 :: DEBUG :: BB.SERVER :: Client connected
INFO - [G] 2026-09-13 17:06:47 :: DEBUG :: BB.REQUEST :: gamestate()
INFO - [G] 2026-09-13 17:06:47 :: DEBUG :: BB.ENDPOINTS :: Init gamestate()
INFO - [G] 2026-09-13 17:06:47 :: DEBUG :: BB.ENDPOINTS :: Return gamestate()
INFO - [G] 2026-09-13 17:06:47 :: DEBUG :: BB.RESPONSE :: gamestate OK (1ms)
INFO - [G] 2026-09-13 17:06:47 :: DEBUG :: BB.SERVER :: Client connected
INFO - [G] 2026-09-13 17:06:47 :: DEBUG :: BB.REQUEST :: gamestate()
INFO - [G] 2026-09-13 17:06:47 :: DEBUG :: BB.ENDPOINTS :: Init gamestate()
INFO - [G] 2026-09-13 17:06:47 :: DEBUG :: BB.ENDPOINTS :: Return gamestate()
INFO - [G] 2026-09-13 17:06:47 :: DEBUG :: BB.RESPONSE :: gamestate OK (1ms)
INFO - [G] 2026-09-13 17:06:47 :: DEBUG :: BB.SERVER :: Client connected
INFO - [G] 2026-09-13 17:06:47 :: DEBUG :: BB.REQUEST :: gamestate()
INFO - [G] 2026-09-13 17:06:47 :: DEBUG :: BB.ENDPOINTS :: Init gamestate()
INFO - [G] 2026-09-13 17:06:47 :: DEBUG :: BB.ENDPOINTS :: Return gamestate()
INFO - [G] 2026-09-13 17:06:47 :: DEBUG :: BB.RESPONSE :: gamestate OK (1ms)
INFO - [G] 2026-09-13 17:06:47 :: DEBUG :: BB.SERVER :: Client connected
INFO - [G] 2026-09-13 17:06:47 :: DEBUG :: BB.REQUEST :: gamestate()
INFO - [G] 2026-09-13 17:06:47 :: DEBUG :: BB.ENDPOINTS :: Init gamestate()
INFO - [G] 2026-09-13 17:06:47 :: DEBUG :: BB.ENDPOINTS :: Return gamestate()
INFO - [G] 2026-09-13 17:06:47 :: DEBUG :: BB.RESPONSE :: gamestate OK (1ms)
INFO - [G] 2026-09-13 17:06:47 :: DEBUG :: BB.SERVER :: Client connected
INFO - [G] 2026-09-13 17:06:47 :: DEBUG :: BB.REQUEST :: gamestate()
INFO - [G] 2026-09-13 17:06:47 :: DEBUG :: BB.ENDPOINTS :: Init gamestate()
INFO - [G] 2026-09-13 17:06:47 :: DEBUG :: BB.ENDPOINTS :: Return gamestate()
INFO - [G] 2026-09-13 17:06:47 :: DEBUG :: BB.RESPONSE :: gamestate OK (1ms)
INFO - [G] 2026-09-13 17:06:47 :: DEBUG :: BB.SERVER :: Client connected
INFO - [G] 2026-09-13 17:06:47 :: DEBUG :: BB.REQUEST :: gamestate()
INFO - [G] 2026-09-13 17:06:47 :: DEBUG :: BB.ENDPOINTS :: Init gamestate()
INFO - [G] 2026-09-13 17:06:47 :: DEBUG :: BB.ENDPOINTS :: Return gamestate()
INFO - [G] 2026-09-13 17:06:47 :: DEBUG :: BB.RESPONSE :: gamestate OK (1ms)
INFO - [G] 2026-09-13 17:06:47 :: DEBUG :: BB.SERVER :: Client connected
INFO - [G] 2026-09-13 17:06:47 :: DEBUG :: BB.REQUEST :: gamestate()
INFO - [G] 2026-09-13 17:06:47 :: DEBUG :: BB.ENDPOINTS :: Init gamestate()
INFO - [G] 2026-09-13 17:06:47 :: DEBUG :: BB.ENDPOINTS :: Return gamestate()
INFO - [G] 2026-09-13 17:06:47 :: DEBUG :: BB.RESPONSE :: gamestate OK (1ms)
INFO - [G] 2026-09-13 17:06:48 :: DEBUG :: BB.SERVER :: Client connected
INFO - [G] 2026-09-13 17:06:48 :: DEBUG :: BB.REQUEST :: gamestate()
INFO - [G] 2026-09-13 17:06:48 :: DEBUG :: BB.ENDPOINTS :: Init gamestate()
INFO - [G] 2026-09-13 17:06:48 :: DEBUG :: BB.ENDPOINTS :: Return gamestate()
INFO - [G] 2026-09-13 17:06:48 :: DEBUG :: BB.RESPONSE :: gamestate OK (1ms)
INFO - [G] 2026-09-13 17:06:48 :: DEBUG :: BB.SERVER :: Client connected
INFO - [G] 2026-09-13 17:06:48 :: DEBUG :: BB.REQUEST :: gamestate()
INFO - [G] 2026-09-13 17:06:48 :: DEBUG :: BB.ENDPOINTS :: Init gamestate()
INFO - [G] 2026-09-13 17:06:48 :: DEBUG :: BB.ENDPOINTS :: Return gamestate()
INFO - [G] 2026-09-13 17:06:48 :: DEBUG :: BB.RESPONSE :: gamestate OK (1ms)
INFO - [G] 2026-09-13 17:06:48 :: DEBUG :: BB.SERVER :: Client connected
INFO - [G] 2026-09-13 17:06:48 :: DEBUG :: BB.REQUEST :: gamestate()
INFO - [G] 2026-09-13 17:06:48 :: DEBUG :: BB.ENDPOINTS :: Init gamestate()
INFO - [G] 2026-09-13 17:06:48 :: DEBUG :: BB.ENDPOINTS :: Return gamestate()
INFO - [G] 2026-09-13 17:06:48 :: DEBUG :: BB.RESPONSE :: gamestate OK (1ms)
INFO - [G] 2026-09-13 17:06:48 :: DEBUG :: BB.SERVER :: Client connected
INFO - [G] 2026-09-13 17:06:48 :: DEBUG :: BB.REQUEST :: gamestate()
INFO - [G] 2026-09-13 17:06:48 :: DEBUG :: BB.ENDPOINTS :: Init gamestate()
INFO - [G] 2026-09-13 17:06:48 :: DEBUG :: BB.ENDPOINTS :: Return gamestate()
INFO - [G] 2026-09-13 17:06:48 :: DEBUG :: BB.RESPONSE :: gamestate OK (1ms)
INFO - [G] 2026-09-13 17:06:48 :: DEBUG :: BB.SERVER :: Client connected
INFO - [G] 2026-09-13 17:06:48 :: DEBUG :: BB.REQUEST :: gamestate()
INFO - [G] 2026-09-13 17:06:48 :: DEBUG :: BB.ENDPOINTS :: Init gamestate()
INFO - [G] 2026-09-13 17:06:48 :: DEBUG :: BB.ENDPOINTS :: Return gamestate()
INFO - [G] 2026-09-13 17:06:48 :: DEBUG :: BB.RESPONSE :: gamestate OK (1ms)
INFO - [G] 2026-09-13 17:06:48 :: DEBUG :: BB.SERVER :: Client connected
INFO - [G] 2026-09-13 17:06:48 :: DEBUG :: BB.REQUEST :: gamestate()
INFO - [G] 2026-09-13 17:06:48 :: DEBUG :: BB.ENDPOINTS :: Init gamestate()
INFO - [G] 2026-09-13 17:06:48 :: DEBUG :: BB.ENDPOINTS :: Return gamestate()
INFO - [G] 2026-09-13 17:06:48 :: DEBUG :: BB.RESPONSE :: gamestate OK (1ms)
INFO - [G] 2026-09-13 17:06:48 :: DEBUG :: BB.SERVER :: Client connected
INFO - [G] 2026-09-13 17:06:48 :: DEBUG :: BB.REQUEST :: gamestate()
INFO - [G] 2026-09-13 17:06:48 :: DEBUG :: BB.ENDPOINTS :: Init gamestate()
INFO - [G] 2026-09-13 17:06:48 :: DEBUG :: BB.ENDPOINTS :: Return gamestate()
INFO - [G] 2026-09-13 17:06:48 :: DEBUG :: BB.RESPONSE :: gamestate OK (1ms)
INFO - [G] 2026-09-13 17:06:49 :: DEBUG :: BB.SERVER :: Client connected
INFO - [G] 2026-09-13 17:06:49 :: DEBUG :: BB.REQUEST :: gamestate()
INFO - [G] 2026-09-13 17:06:49 :: DEBUG :: BB.ENDPOINTS :: Init gamestate()
INFO - [G] 2026-09-13 17:06:49 :: DEBUG :: BB.ENDPOINTS :: Return gamestate()
INFO - [G] 2026-09-13 17:06:49 :: DEBUG :: BB.RESPONSE :: gamestate OK (1ms)
INFO - [G] 2026-09-13 17:06:49 :: DEBUG :: BB.SERVER :: Client connected
INFO - [G] 2026-09-13 17:06:49 :: DEBUG :: BB.REQUEST :: gamestate()
INFO - [G] 2026-09-13 17:06:49 :: DEBUG :: BB.ENDPOINTS :: Init gamestate()
INFO - [G] 2026-09-13 17:06:49 :: DEBUG :: BB.ENDPOINTS :: Return gamestate()
INFO - [G] 2026-09-13 17:06:49 :: DEBUG :: BB.RESPONSE :: gamestate OK (1ms)
INFO - [G] 2026-09-13 17:06:49 :: DEBUG :: BB.SERVER :: Client connected
INFO - [G] 2026-09-13 17:06:49 :: DEBUG :: BB.REQUEST :: gamestate()
INFO - [G] 2026-09-13 17:06:49 :: DEBUG :: BB.ENDPOINTS :: Init gamestate()
INFO - [G] 2026-09-13 17:06:49 :: DEBUG :: BB.ENDPOINTS :: Return gamestate()
INFO - [G] 2026-09-13 17:06:49 :: DEBUG :: BB.RESPONSE :: gamestate OK (1ms)
INFO - [G] 2026-09-13 17:06:49 :: DEBUG :: BB.SERVER :: Client connected
INFO - [G] 2026-09-13 17:06:49 :: DEBUG :: BB.REQUEST :: gamestate()
INFO - [G] 2026-09-13 17:06:49 :: DEBUG :: BB.ENDPOINTS :: Init gamestate()
INFO - [G] 2026-09-13 17:06:49 :: DEBUG :: BB.ENDPOINTS :: Return gamestate()
INFO - [G] 2026-09-13 17:06:49 :: DEBUG :: BB.RESPONSE :: gamestate OK (1ms)
INFO - [G] 2026-09-13 17:06:49 :: DEBUG :: BB.SERVER :: Client connected
INFO - [G] 2026-09-13 17:06:49 :: DEBUG :: BB.REQUEST :: gamestate()
INFO - [G] 2026-09-13 17:06:49 :: DEBUG :: BB.ENDPOINTS :: Init gamestate()
INFO - [G] 2026-09-13 17:06:49 :: DEBUG :: BB.ENDPOINTS :: Return gamestate()
INFO - [G] 2026-09-13 17:06:49 :: DEBUG :: BB.RESPONSE :: gamestate OK (1ms)
INFO - [G] 2026-09-13 17:06:49 :: DEBUG :: BB.SERVER :: Client connected
INFO - [G] 2026-09-13 17:06:49 :: DEBUG :: BB.REQUEST :: gamestate()
INFO - [G] 2026-09-13 17:06:49 :: DEBUG :: BB.ENDPOINTS :: Init gamestate()
INFO - [G] 2026-09-13 17:06:49 :: DEBUG :: BB.ENDPOINTS :: Return gamestate()
INFO - [G] 2026-09-13 17:06:49 :: DEBUG :: BB.RESPONSE :: gamestate OK (1ms)
INFO - [G] 2026-09-13 17:06:49 :: DEBUG :: BB.SERVER :: Client connected
INFO - [G] 2026-09-13 17:06:49 :: DEBUG :: BB.REQUEST :: gamestate()
INFO - [G] 2026-09-13 17:06:49 :: DEBUG :: BB.ENDPOINTS :: Init gamestate()
INFO - [G] 2026-09-13 17:06:49 :: DEBUG :: BB.ENDPOINTS :: Return gamestate()
INFO - [G] 2026-09-13 17:06:49 :: DEBUG :: BB.RESPONSE :: gamestate OK (1ms)
INFO - [G] 2026-09-13 17:06:49 :: DEBUG :: BB.SERVER :: Client connected
INFO - [G] 2026-09-13 17:06:49 :: DEBUG :: BB.REQUEST :: gamestate()
INFO - [G] 2026-09-13 17:06:49 :: DEBUG :: BB.ENDPOINTS :: Init gamestate()
INFO - [G] 2026-09-13 17:06:49 :: DEBUG :: BB.ENDPOINTS :: Return gamestate()
INFO - [G] 2026-09-13 17:06:49 :: DEBUG :: BB.RESPONSE :: gamestate OK (1ms)
INFO - [G] 2026-09-13 17:06:50 :: DEBUG :: BB.SERVER :: Client connected
INFO - [G] 2026-09-13 17:06:50 :: DEBUG :: BB.REQUEST :: gamestate()
INFO - [G] 2026-09-13 17:06:50 :: DEBUG :: BB.ENDPOINTS :: Init gamestate()
INFO - [G] 2026-09-13 17:06:50 :: DEBUG :: BB.ENDPOINTS :: Return gamestate()
INFO - [G] 2026-09-13 17:06:50 :: DEBUG :: BB.RESPONSE :: gamestate OK (1ms)
INFO - [G] 2026-09-13 17:06:50 :: DEBUG :: BB.SERVER :: Client connected
INFO - [G] 2026-09-13 17:06:50 :: DEBUG :: BB.REQUEST :: gamestate()
INFO - [G] 2026-09-13 17:06:50 :: DEBUG :: BB.ENDPOINTS :: Init gamestate()
INFO - [G] 2026-09-13 17:06:50 :: DEBUG :: BB.ENDPOINTS :: Return gamestate()
INFO - [G] 2026-09-13 17:06:50 :: DEBUG :: BB.RESPONSE :: gamestate OK (1ms)
INFO - [G] 2026-09-13 17:06:50 :: DEBUG :: BB.SERVER :: Client connected
INFO - [G] 2026-09-13 17:06:50 :: DEBUG :: BB.REQUEST :: gamestate()
INFO - [G] 2026-09-13 17:06:50 :: DEBUG :: BB.ENDPOINTS :: Init gamestate()
INFO - [G] 2026-09-13 17:06:50 :: DEBUG :: BB.ENDPOINTS :: Return gamestate()
INFO - [G] 2026-09-13 17:06:50 :: DEBUG :: BB.RESPONSE :: gamestate OK (1ms)
INFO - [G] 2026-09-13 17:06:50 :: DEBUG :: BB.SERVER :: Client connected
INFO - [G] 2026-09-13 17:06:50 :: DEBUG :: BB.REQUEST :: gamestate()
INFO - [G] 2026-09-13 17:06:50 :: DEBUG :: BB.ENDPOINTS :: Init gamestate()
INFO - [G] 2026-09-13 17:06:50 :: DEBUG :: BB.ENDPOINTS :: Return gamestate()
INFO - [G] 2026-09-13 17:06:50 :: DEBUG :: BB.RESPONSE :: gamestate OK (1ms)
INFO - [G] 2026-09-13 17:06:50 :: DEBUG :: BB.SERVER :: Client connected
INFO - [G] 2026-09-13 17:06:50 :: DEBUG :: BB.REQUEST :: gamestate()
INFO - [G] 2026-09-13 17:06:50 :: DEBUG :: BB.ENDPOINTS :: Init gamestate()
INFO - [G] 2026-09-13 17:06:50 :: DEBUG :: BB.ENDPOINTS :: Return gamestate()
INFO - [G] 2026-09-13 17:06:50 :: DEBUG :: BB.RESPONSE :: gamestate OK (1ms)
INFO - [G] 2026-09-13 17:06:50 :: DEBUG :: BB.SERVER :: Client connected
INFO - [G] 2026-09-13 17:06:50 :: DEBUG :: BB.REQUEST :: gamestate()
INFO - [G] 2026-09-13 17:06:50 :: DEBUG :: BB.ENDPOINTS :: Init gamestate()
INFO - [G] 2026-09-13 17:06:50 :: DEBUG :: BB.ENDPOINTS :: Return gamestate()
INFO - [G] 2026-09-13 17:06:50 :: DEBUG :: BB.RESPONSE :: gamestate OK (1ms)
INFO - [G] 2026-09-13 17:06:50 :: DEBUG :: BB.SERVER :: Client connected
INFO - [G] 2026-09-13 17:06:50 :: DEBUG :: BB.REQUEST :: gamestate()
INFO - [G] 2026-09-13 17:06:50 :: DEBUG :: BB.ENDPOINTS :: Init gamestate()
INFO - [G] 2026-09-13 17:06:50 :: DEBUG :: BB.ENDPOINTS :: Return gamestate()
INFO - [G] 2026-09-13 17:06:50 :: DEBUG :: BB.RESPONSE :: gamestate OK (1ms)
INFO - [G] 2026-09-13 17:06:51 :: DEBUG :: BB.SERVER :: Client connected
INFO - [G] 2026-09-13 17:06:51 :: DEBUG :: BB.REQUEST :: gamestate()
INFO - [G] 2026-09-13 17:06:51 :: DEBUG :: BB.ENDPOINTS :: Init gamestate()
INFO - [G] 2026-09-13 17:06:51 :: DEBUG :: BB.ENDPOINTS :: Return gamestate()
INFO - [G] 2026-09-13 17:06:51 :: DEBUG :: BB.RESPONSE :: gamestate OK (1ms)
INFO - [G] 2026-09-13 17:06:51 :: DEBUG :: BB.SERVER :: Client connected
INFO - [G] 2026-09-13 17:06:51 :: DEBUG :: BB.REQUEST :: gamestate()
INFO - [G] 2026-09-13 17:06:51 :: DEBUG :: BB.ENDPOINTS :: Init gamestate()
INFO - [G] 2026-09-13 17:06:51 :: DEBUG :: BB.ENDPOINTS :: Return gamestate()
INFO - [G] 2026-09-13 17:06:51 :: DEBUG :: BB.RESPONSE :: gamestate OK (1ms)
INFO - [G] 2026-09-13 17:06:51 :: DEBUG :: BB.SERVER :: Client connected
INFO - [G] 2026-09-13 17:06:51 :: DEBUG :: BB.REQUEST :: gamestate()
INFO - [G] 2026-09-13 17:06:51 :: DEBUG :: BB.ENDPOINTS :: Init gamestate()
INFO - [G] 2026-09-13 17:06:51 :: DEBUG :: BB.ENDPOINTS :: Return gamestate()
INFO - [G] 2026-09-13 17:06:51 :: DEBUG :: BB.RESPONSE :: gamestate OK (1ms)
INFO - [G] 2026-09-13 17:06:51 :: DEBUG :: BB.SERVER :: Client connected
INFO - [G] 2026-09-13 17:06:51 :: DEBUG :: BB.REQUEST :: gamestate()
INFO - [G] 2026-09-13 17:06:51 :: DEBUG :: BB.ENDPOINTS :: Init gamestate()
INFO - [G] 2026-09-13 17:06:51 :: DEBUG :: BB.ENDPOINTS :: Return gamestate()
INFO - [G] 2026-09-13 17:06:51 :: DEBUG :: BB.RESPONSE :: gamestate OK (1ms)
INFO - [G] 2026-09-13 17:06:51 :: DEBUG :: BB.SERVER :: Client connected
INFO - [G] 2026-09-13 17:06:51 :: DEBUG :: BB.REQUEST :: gamestate()
INFO - [G] 2026-09-13 17:06:51 :: DEBUG :: BB.ENDPOINTS :: Init gamestate()
INFO - [G] 2026-09-13 17:06:51 :: DEBUG :: BB.ENDPOINTS :: Return gamestate()
INFO - [G] 2026-09-13 17:06:51 :: DEBUG :: BB.RESPONSE :: gamestate OK (1ms)
INFO - [G] 2026-09-13 17:06:51 :: DEBUG :: BB.SERVER :: Client connected
INFO - [G] 2026-09-13 17:06:51 :: DEBUG :: BB.REQUEST :: gamestate()
INFO - [G] 2026-09-13 17:06:51 :: DEBUG :: BB.ENDPOINTS :: Init gamestate()
INFO - [G] 2026-09-13 17:06:51 :: DEBUG :: BB.ENDPOINTS :: Return gamestate()
INFO - [G] 2026-09-13 17:06:51 :: DEBUG :: BB.RESPONSE :: gamestate OK (1ms)
INFO - [G] 2026-09-13 17:06:51 :: DEBUG :: BB.SERVER :: Client connected
INFO - [G] 2026-09-13 17:06:51 :: DEBUG :: BB.REQUEST :: gamestate()
INFO - [G] 2026-09-13 17:06:51 :: DEBUG :: BB.ENDPOINTS :: Init gamestate()
INFO - [G] 2026-09-13 17:06:51 :: DEBUG :: BB.ENDPOINTS :: Return gamestate()
INFO - [G] 2026-09-13 17:06:51 :: DEBUG :: BB.RESPONSE :: gamestate OK (1ms)
INFO - [G] 2026-09-13 17:06:52 :: DEBUG :: BB.SERVER :: Client connected
INFO - [G] 2026-09-13 17:06:52 :: DEBUG :: BB.REQUEST :: gamestate()
INFO - [G] 2026-09-13 17:06:52 :: DEBUG :: BB.ENDPOINTS :: Init gamestate()
INFO - [G] 2026-09-13 17:06:52 :: DEBUG :: BB.ENDPOINTS :: Return gamestate()
INFO - [G] 2026-09-13 17:06:52 :: DEBUG :: BB.RESPONSE :: gamestate OK (1ms)
INFO - [G] 2026-09-13 17:06:52 :: DEBUG :: BB.SERVER :: Client connected
INFO - [G] 2026-09-13 17:06:52 :: DEBUG :: BB.REQUEST :: gamestate()
INFO - [G] 2026-09-13 17:06:52 :: DEBUG :: BB.ENDPOINTS :: Init gamestate()
INFO - [G] 2026-09-13 17:06:52 :: DEBUG :: BB.ENDPOINTS :: Return gamestate()
INFO - [G] 2026-09-13 17:06:52 :: DEBUG :: BB.RESPONSE :: gamestate OK (1ms)
INFO - [G] 2026-09-13 17:06:52 :: DEBUG :: BB.SERVER :: Client connected
INFO - [G] 2026-09-13 17:06:52 :: DEBUG :: BB.REQUEST :: gamestate()
INFO - [G] 2026-09-13 17:06:52 :: DEBUG :: BB.ENDPOINTS :: Init gamestate()
INFO - [G] 2026-09-13 17:06:52 :: DEBUG :: BB.ENDPOINTS :: Return gamestate()
INFO - [G] 2026-09-13 17:06:52 :: DEBUG :: BB.RESPONSE :: gamestate OK (1ms)
INFO - [G] 2026-09-13 17:06:52 :: DEBUG :: BB.SERVER :: Client connected
INFO - [G] 2026-09-13 17:06:52 :: DEBUG :: BB.REQUEST :: gamestate()
INFO - [G] 2026-09-13 17:06:52 :: DEBUG :: BB.ENDPOINTS :: Init gamestate()
INFO - [G] 2026-09-13 17:06:52 :: DEBUG :: BB.ENDPOINTS :: Return gamestate()
INFO - [G] 2026-09-13 17:06:52 :: DEBUG :: BB.RESPONSE :: gamestate OK (1ms)
INFO - [G] 2026-09-13 17:06:52 :: DEBUG :: BB.SERVER :: Client connected
INFO - [G] 2026-09-13 17:06:52 :: DEBUG :: BB.REQUEST :: gamestate()
INFO - [G] 2026-09-13 17:06:52 :: DEBUG :: BB.ENDPOINTS :: Init gamestate()
INFO - [G] 2026-09-13 17:06:52 :: DEBUG :: BB.ENDPOINTS :: Return gamestate()
INFO - [G] 2026-09-13 17:06:52 :: DEBUG :: BB.RESPONSE :: gamestate OK (1ms)
INFO - [G] 2026-09-13 17:06:52 :: DEBUG :: BB.SERVER :: Client connected
INFO - [G] 2026-09-13 17:06:52 :: DEBUG :: BB.REQUEST :: gamestate()
INFO - [G] 2026-09-13 17:06:52 :: DEBUG :: BB.ENDPOINTS :: Init gamestate()
INFO - [G] 2026-09-13 17:06:52 :: DEBUG :: BB.ENDPOINTS :: Return gamestate()
INFO - [G] 2026-09-13 17:06:52 :: DEBUG :: BB.RESPONSE :: gamestate OK (1ms)
INFO - [G] 2026-09-13 17:06:52 :: DEBUG :: BB.SERVER :: Client connected
INFO - [G] 2026-09-13 17:06:52 :: DEBUG :: BB.REQUEST :: gamestate()
INFO - [G] 2026-09-13 17:06:52 :: DEBUG :: BB.ENDPOINTS :: Init gamestate()
INFO - [G] 2026-09-13 17:06:52 :: DEBUG :: BB.ENDPOINTS :: Return gamestate()
INFO - [G] 2026-09-13 17:06:52 :: DEBUG :: BB.RESPONSE :: gamestate OK (1ms)
INFO - [G] 2026-09-13 17:06:53 :: DEBUG :: BB.SERVER :: Client connected
INFO - [G] 2026-09-13 17:06:53 :: DEBUG :: BB.REQUEST :: gamestate()
INFO - [G] 2026-09-13 17:06:53 :: DEBUG :: BB.ENDPOINTS :: Init gamestate()
INFO - [G] 2026-09-13 17:06:53 :: DEBUG :: BB.ENDPOINTS :: Return gamestate()
INFO - [G] 2026-09-13 17:06:53 :: DEBUG :: BB.RESPONSE :: gamestate OK (1ms)
INFO - [G] 2026-09-13 17:06:53 :: DEBUG :: BB.SERVER :: Client connected
INFO - [G] 2026-09-13 17:06:53 :: DEBUG :: BB.REQUEST :: gamestate()
INFO - [G] 2026-09-13 17:06:53 :: DEBUG :: BB.ENDPOINTS :: Init gamestate()
INFO - [G] 2026-09-13 17:06:53 :: DEBUG :: BB.ENDPOINTS :: Return gamestate()
INFO - [G] 2026-09-13 17:06:53 :: DEBUG :: BB.RESPONSE :: gamestate OK (1ms)
INFO - [G] 2026-09-13 17:06:53 :: DEBUG :: BB.SERVER :: Client connected
INFO - [G] 2026-09-13 17:06:53 :: DEBUG :: BB.REQUEST :: gamestate()
INFO - [G] 2026-09-13 17:06:53 :: DEBUG :: BB.ENDPOINTS :: Init gamestate()
INFO - [G] 2026-09-13 17:06:53 :: DEBUG :: BB.ENDPOINTS :: Return gamestate()
INFO - [G] 2026-09-13 17:06:53 :: DEBUG :: BB.RESPONSE :: gamestate OK (1ms)
INFO - [G] 2026-09-13 17:06:53 :: DEBUG :: BB.SERVER :: Client connected
INFO - [G] 2026-09-13 17:06:53 :: DEBUG :: BB.REQUEST :: gamestate()
INFO - [G] 2026-09-13 17:06:53 :: DEBUG :: BB.ENDPOINTS :: Init gamestate()
INFO - [G] 2026-09-13 17:06:53 :: DEBUG :: BB.ENDPOINTS :: Return gamestate()
INFO - [G] 2026-09-13 17:06:53 :: DEBUG :: BB.RESPONSE :: gamestate OK (1ms)
INFO - [G] 2026-09-13 17:06:53 :: DEBUG :: BB.SERVER :: Client connected
INFO - [G] 2026-09-13 17:06:53 :: DEBUG :: BB.REQUEST :: gamestate()
INFO - [G] 2026-09-13 17:06:53 :: DEBUG :: BB.ENDPOINTS :: Init gamestate()
INFO - [G] 2026-09-13 17:06:53 :: DEBUG :: BB.ENDPOINTS :: Return gamestate()
INFO - [G] 2026-09-13 17:06:53 :: DEBUG :: BB.RESPONSE :: gamestate OK (1ms)
INFO - [G] 2026-09-13 17:06:53 :: DEBUG :: BB.SERVER :: Client connected
INFO - [G] 2026-09-13 17:06:53 :: DEBUG :: BB.REQUEST :: gamestate()
INFO - [G] 2026-09-13 17:06:53 :: DEBUG :: BB.ENDPOINTS :: Init gamestate()
INFO - [G] 2026-09-13 17:06:53 :: DEBUG :: BB.ENDPOINTS :: Return gamestate()
INFO - [G] 2026-09-13 17:06:53 :: DEBUG :: BB.RESPONSE :: gamestate OK (1ms)
INFO - [G] 2026-09-13 17:06:54 :: DEBUG :: BB.SERVER :: Client connected
INFO - [G] 2026-09-13 17:06:54 :: DEBUG :: BB.REQUEST :: gamestate()
INFO - [G] 2026-09-13 17:06:54 :: DEBUG :: BB.ENDPOINTS :: Init gamestate()
INFO - [G] 2026-09-13 17:06:54 :: DEBUG :: BB.ENDPOINTS :: Return gamestate()
INFO - [G] 2026-09-13 17:06:54 :: DEBUG :: BB.RESPONSE :: gamestate OK (1ms)
INFO - [G] 2026-09-13 17:06:54 :: DEBUG :: BB.SERVER :: Client connected
INFO - [G] 2026-09-13 17:06:54 :: DEBUG :: BB.REQUEST :: gamestate()
INFO - [G] 2026-09-13 17:06:54 :: DEBUG :: BB.ENDPOINTS :: Init gamestate()
INFO - [G] 2026-09-13 17:06:54 :: DEBUG :: BB.ENDPOINTS :: Return gamestate()
INFO - [G] 2026-09-13 17:06:54 :: DEBUG :: BB.RESPONSE :: gamestate OK (1ms)
INFO - [G] 2026-09-13 17:06:54 :: DEBUG :: BB.SERVER :: Client connected
INFO - [G] 2026-09-13 17:06:54 :: DEBUG :: BB.REQUEST :: gamestate()
INFO - [G] 2026-09-13 17:06:54 :: DEBUG :: BB.ENDPOINTS :: Init gamestate()
INFO - [G] 2026-09-13 17:06:54 :: DEBUG :: BB.ENDPOINTS :: Return gamestate()
INFO - [G] 2026-09-13 17:06:54 :: DEBUG :: BB.RESPONSE :: gamestate OK (1ms)
INFO - [G] 2026-09-13 17:06:54 :: DEBUG :: BB.SERVER :: Client connected
INFO - [G] 2026-09-13 17:06:54 :: DEBUG :: BB.REQUEST :: gamestate()
INFO - [G] 2026-09-13 17:06:54 :: DEBUG :: BB.ENDPOINTS :: Init gamestate()
INFO - [G] 2026-09-13 17:06:54 :: DEBUG :: BB.ENDPOINTS :: Return gamestate()
INFO - [G] 2026-09-13 17:06:54 :: DEBUG :: BB.RESPONSE :: gamestate OK (1ms)
INFO - [G] 2026-09-13 17:06:54 :: DEBUG :: BB.SERVER :: Client connected
INFO - [G] 2026-09-13 17:06:54 :: DEBUG :: BB.REQUEST :: gamestate()
INFO - [G] 2026-09-13 17:06:54 :: DEBUG :: BB.ENDPOINTS :: Init gamestate()
INFO - [G] 2026-09-13 17:06:54 :: DEBUG :: BB.ENDPOINTS :: Return gamestate()
INFO - [G] 2026-09-13 17:06:54 :: DEBUG :: BB.RESPONSE :: gamestate OK (1ms)
INFO - [G] 2026-09-13 17:06:54 :: DEBUG :: BB.SERVER :: Client connected
INFO - [G] 2026-09-13 17:06:54 :: DEBUG :: BB.REQUEST :: gamestate()
INFO - [G] 2026-09-13 17:06:54 :: DEBUG :: BB.ENDPOINTS :: Init gamestate()
INFO - [G] 2026-09-13 17:06:54 :: DEBUG :: BB.ENDPOINTS :: Return gamestate()
INFO - [G] 2026-09-13 17:06:54 :: DEBUG :: BB.RESPONSE :: gamestate OK (1ms)
INFO - [G] 2026-09-13 17:06:54 :: DEBUG :: BB.SERVER :: Client connected
INFO - [G] 2026-09-13 17:06:54 :: DEBUG :: BB.REQUEST :: gamestate()
INFO - [G] 2026-09-13 17:06:54 :: DEBUG :: BB.ENDPOINTS :: Init gamestate()
INFO - [G] 2026-09-13 17:06:54 :: DEBUG :: BB.ENDPOINTS :: Return gamestate()
INFO - [G] 2026-09-13 17:06:54 :: DEBUG :: BB.RESPONSE :: gamestate OK (1ms)
INFO - [G] 2026-09-13 17:06:55 :: DEBUG :: BB.SERVER :: Client connected
INFO - [G] 2026-09-13 17:06:55 :: DEBUG :: BB.REQUEST :: gamestate()
INFO - [G] 2026-09-13 17:06:55 :: DEBUG :: BB.ENDPOINTS :: Init gamestate()
INFO - [G] 2026-09-13 17:06:55 :: DEBUG :: BB.ENDPOINTS :: Return gamestate()
INFO - [G] 2026-09-13 17:06:55 :: DEBUG :: BB.RESPONSE :: gamestate OK (1ms)
INFO - [G] 2026-09-13 17:06:55 :: DEBUG :: BB.SERVER :: Client connected
INFO - [G] 2026-09-13 17:06:55 :: DEBUG :: BB.REQUEST :: gamestate()
INFO - [G] 2026-09-13 17:06:55 :: DEBUG :: BB.ENDPOINTS :: Init gamestate()
INFO - [G] 2026-09-13 17:06:55 :: DEBUG :: BB.ENDPOINTS :: Return gamestate()
INFO - [G] 2026-09-13 17:06:55 :: DEBUG :: BB.RESPONSE :: gamestate OK (1ms)
INFO - [G] 2026-09-13 17:06:55 :: DEBUG :: BB.SERVER :: Client connected
INFO - [G] 2026-09-13 17:06:55 :: DEBUG :: BB.REQUEST :: gamestate()
INFO - [G] 2026-09-13 17:06:55 :: DEBUG :: BB.ENDPOINTS :: Init gamestate()
INFO - [G] 2026-09-13 17:06:55 :: DEBUG :: BB.ENDPOINTS :: Return gamestate()
INFO - [G] 2026-09-13 17:06:55 :: DEBUG :: BB.RESPONSE :: gamestate OK (1ms)
INFO - [G] 2026-09-13 17:06:55 :: DEBUG :: BB.SERVER :: Client connected
INFO - [G] 2026-09-13 17:06:55 :: DEBUG :: BB.REQUEST :: gamestate()
INFO - [G] 2026-09-13 17:06:55 :: DEBUG :: BB.ENDPOINTS :: Init gamestate()
INFO - [G] 2026-09-13 17:06:55 :: DEBUG :: BB.ENDPOINTS :: Return gamestate()
INFO - [G] 2026-09-13 17:06:55 :: DEBUG :: BB.RESPONSE :: gamestate OK (1ms)
INFO - [G] 2026-09-13 17:06:55 :: DEBUG :: BB.SERVER :: Client connected
INFO - [G] 2026-09-13 17:06:55 :: DEBUG :: BB.REQUEST :: gamestate()
INFO - [G] 2026-09-13 17:06:55 :: DEBUG :: BB.ENDPOINTS :: Init gamestate()
INFO - [G] 2026-09-13 17:06:55 :: DEBUG :: BB.ENDPOINTS :: Return gamestate()
INFO - [G] 2026-09-13 17:06:55 :: DEBUG :: BB.RESPONSE :: gamestate OK (1ms)
INFO - [G] 2026-09-13 17:06:55 :: DEBUG :: BB.SERVER :: Client connected
INFO - [G] 2026-09-13 17:06:55 :: DEBUG :: BB.REQUEST :: gamestate()
INFO - [G] 2026-09-13 17:06:55 :: DEBUG :: BB.ENDPOINTS :: Init gamestate()
INFO - [G] 2026-09-13 17:06:55 :: DEBUG :: BB.ENDPOINTS :: Return gamestate()
INFO - [G] 2026-09-13 17:06:55 :: DEBUG :: BB.RESPONSE :: gamestate OK (1ms)
INFO - [G] 2026-09-13 17:06:55 :: DEBUG :: BB.SERVER :: Client connected
INFO - [G] 2026-09-13 17:06:55 :: DEBUG :: BB.REQUEST :: gamestate()
INFO - [G] 2026-09-13 17:06:55 :: DEBUG :: BB.ENDPOINTS :: Init gamestate()
INFO - [G] 2026-09-13 17:06:55 :: DEBUG :: BB.ENDPOINTS :: Return gamestate()
INFO - [G] 2026-09-13 17:06:55 :: DEBUG :: BB.RESPONSE :: gamestate OK (1ms)
INFO - [G] 2026-09-13 17:06:56 :: DEBUG :: BB.SERVER :: Client connected
INFO - [G] 2026-09-13 17:06:56 :: DEBUG :: BB.REQUEST :: gamestate()
INFO - [G] 2026-09-13 17:06:56 :: DEBUG :: BB.ENDPOINTS :: Init gamestate()
INFO - [G] 2026-09-13 17:06:56 :: DEBUG :: BB.ENDPOINTS :: Return gamestate()
INFO - [G] 2026-09-13 17:06:56 :: DEBUG :: BB.RESPONSE :: gamestate OK (1ms)
INFO - [G] 2026-09-13 17:06:56 :: DEBUG :: BB.SERVER :: Client connected
INFO - [G] 2026-09-13 17:06:56 :: DEBUG :: BB.REQUEST :: gamestate()
INFO - [G] 2026-09-13 17:06:56 :: DEBUG :: BB.ENDPOINTS :: Init gamestate()
INFO - [G] 2026-09-13 17:06:56 :: DEBUG :: BB.ENDPOINTS :: Return gamestate()
INFO - [G] 2026-09-13 17:06:56 :: DEBUG :: BB.RESPONSE :: gamestate OK (1ms)
INFO - [G] 2026-09-13 17:06:56 :: DEBUG :: BB.SERVER :: Client connected
INFO - [G] 2026-09-13 17:06:56 :: DEBUG :: BB.REQUEST :: gamestate()
INFO - [G] 2026-09-13 17:06:56 :: DEBUG :: BB.ENDPOINTS :: Init gamestate()
INFO - [G] 2026-09-13 17:06:56 :: DEBUG :: BB.ENDPOINTS :: Return gamestate()
INFO - [G] 2026-09-13 17:06:56 :: DEBUG :: BB.RESPONSE :: gamestate OK (1ms)
INFO - [G] 2026-09-13 17:06:56 :: DEBUG :: BB.SERVER :: Client connected
INFO - [G] 2026-09-13 17:06:56 :: DEBUG :: BB.REQUEST :: gamestate()
INFO - [G] 2026-09-13 17:06:56 :: DEBUG :: BB.ENDPOINTS :: Init gamestate()
INFO - [G] 2026-09-13 17:06:56 :: DEBUG :: BB.ENDPOINTS :: Return gamestate()
INFO - [G] 2026-09-13 17:06:56 :: DEBUG :: BB.RESPONSE :: gamestate OK (1ms)
INFO - [G] 2026-09-13 17:06:56 :: DEBUG :: BB.SERVER :: Client connected
INFO - [G] 2026-09-13 17:06:56 :: DEBUG :: BB.REQUEST :: gamestate()
INFO - [G] 2026-09-13 17:06:56 :: DEBUG :: BB.ENDPOINTS :: Init gamestate()
INFO - [G] 2026-09-13 17:06:56 :: DEBUG :: BB.ENDPOINTS :: Return gamestate()
INFO - [G] 2026-09-13 17:06:56 :: DEBUG :: BB.RESPONSE :: gamestate OK (1ms)
INFO - [G] 2026-09-13 17:06:56 :: DEBUG :: BB.SERVER :: Client connected
INFO - [G] 2026-09-13 17:06:56 :: DEBUG :: BB.REQUEST :: gamestate()
INFO - [G] 2026-09-13 17:06:56 :: DEBUG :: BB.ENDPOINTS :: Init gamestate()
INFO - [G] 2026-09-13 17:06:56 :: DEBUG :: BB.ENDPOINTS :: Return gamestate()
INFO - [G] 2026-09-13 17:06:56 :: DEBUG :: BB.RESPONSE :: gamestate OK (1ms)
INFO - [G] 2026-09-13 17:06:56 :: DEBUG :: BB.SERVER :: Client connected
INFO - [G] 2026-09-13 17:06:56 :: DEBUG :: BB.REQUEST :: gamestate()
INFO - [G] 2026-09-13 17:06:56 :: DEBUG :: BB.ENDPOINTS :: Init gamestate()
INFO - [G] 2026-09-13 17:06:56 :: DEBUG :: BB.ENDPOINTS :: Return gamestate()
INFO - [G] 2026-09-13 17:06:56 :: DEBUG :: BB.RESPONSE :: gamestate OK (2ms)
INFO - [G] 2026-09-13 17:06:57 :: DEBUG :: BB.SERVER :: Client connected
INFO - [G] 2026-09-13 17:06:57 :: DEBUG :: BB.REQUEST :: gamestate()
INFO - [G] 2026-09-13 17:06:57 :: DEBUG :: BB.ENDPOINTS :: Init gamestate()
INFO - [G] 2026-09-13 17:06:57 :: DEBUG :: BB.ENDPOINTS :: Return gamestate()
INFO - [G] 2026-09-13 17:06:57 :: DEBUG :: BB.RESPONSE :: gamestate OK (1ms)
INFO - [G] 2026-09-13 17:06:57 :: DEBUG :: BB.SERVER :: Client connected
INFO - [G] 2026-09-13 17:06:57 :: DEBUG :: BB.REQUEST :: gamestate()
INFO - [G] 2026-09-13 17:06:57 :: DEBUG :: BB.ENDPOINTS :: Init gamestate()
INFO - [G] 2026-09-13 17:06:57 :: DEBUG :: BB.ENDPOINTS :: Return gamestate()
INFO - [G] 2026-09-13 17:06:57 :: DEBUG :: BB.RESPONSE :: gamestate OK (1ms)
INFO - [G] 2026-09-13 17:06:57 :: DEBUG :: BB.SERVER :: Client connected
INFO - [G] 2026-09-13 17:06:57 :: DEBUG :: BB.REQUEST :: gamestate()
INFO - [G] 2026-09-13 17:06:57 :: DEBUG :: BB.ENDPOINTS :: Init gamestate()
INFO - [G] 2026-09-13 17:06:57 :: DEBUG :: BB.ENDPOINTS :: Return gamestate()
INFO - [G] 2026-09-13 17:06:57 :: DEBUG :: BB.RESPONSE :: gamestate OK (1ms)
INFO - [G] 2026-09-13 17:06:57 :: DEBUG :: BB.SERVER :: Client connected
INFO - [G] 2026-09-13 17:06:57 :: DEBUG :: BB.REQUEST :: gamestate()
INFO - [G] 2026-09-13 17:06:57 :: DEBUG :: BB.ENDPOINTS :: Init gamestate()
INFO - [G] 2026-09-13 17:06:57 :: DEBUG :: BB.ENDPOINTS :: Return gamestate()
INFO - [G] 2026-09-13 17:06:57 :: DEBUG :: BB.RESPONSE :: gamestate OK (1ms)
INFO - [G] 2026-09-13 17:06:57 :: DEBUG :: BB.SERVER :: Client connected
INFO - [G] 2026-09-13 17:06:57 :: DEBUG :: BB.REQUEST :: gamestate()
INFO - [G] 2026-09-13 17:06:57 :: DEBUG :: BB.ENDPOINTS :: Init gamestate()
INFO - [G] 2026-09-13 17:06:57 :: DEBUG :: BB.ENDPOINTS :: Return gamestate()
INFO - [G] 2026-09-13 17:06:57 :: DEBUG :: BB.RESPONSE :: gamestate OK (1ms)
INFO - [G] 2026-09-13 17:06:57 :: DEBUG :: BB.SERVER :: Client connected
INFO - [G] 2026-09-13 17:06:57 :: DEBUG :: BB.REQUEST :: gamestate()
INFO - [G] 2026-09-13 17:06:57 :: DEBUG :: BB.ENDPOINTS :: Init gamestate()
INFO - [G] 2026-09-13 17:06:57 :: DEBUG :: BB.ENDPOINTS :: Return gamestate()
INFO - [G] 2026-09-13 17:06:57 :: DEBUG :: BB.RESPONSE :: gamestate OK (1ms)
INFO - [G] 2026-09-13 17:06:58 :: DEBUG :: BB.SERVER :: Client connected
INFO - [G] 2026-09-13 17:06:58 :: DEBUG :: BB.REQUEST :: gamestate()
INFO - [G] 2026-09-13 17:06:58 :: DEBUG :: BB.ENDPOINTS :: Init gamestate()
INFO - [G] 2026-09-13 17:06:58 :: DEBUG :: BB.ENDPOINTS :: Return gamestate()
INFO - [G] 2026-09-13 17:06:58 :: DEBUG :: BB.RESPONSE :: gamestate OK (1ms)
INFO - [G] 2026-09-13 17:06:58 :: DEBUG :: BB.SERVER :: Client connected
INFO - [G] 2026-09-13 17:06:58 :: DEBUG :: BB.REQUEST :: gamestate()
INFO - [G] 2026-09-13 17:06:58 :: DEBUG :: BB.ENDPOINTS :: Init gamestate()
INFO - [G] 2026-09-13 17:06:58 :: DEBUG :: BB.ENDPOINTS :: Return gamestate()
INFO - [G] 2026-09-13 17:06:58 :: DEBUG :: BB.RESPONSE :: gamestate OK (1ms)
INFO - [G] 2026-09-13 17:06:58 :: DEBUG :: BB.SERVER :: Client connected
INFO - [G] 2026-09-13 17:06:58 :: DEBUG :: BB.REQUEST :: gamestate()
INFO - [G] 2026-09-13 17:06:58 :: DEBUG :: BB.ENDPOINTS :: Init gamestate()
INFO - [G] 2026-09-13 17:06:58 :: DEBUG :: BB.ENDPOINTS :: Return gamestate()
INFO - [G] 2026-09-13 17:06:58 :: DEBUG :: BB.RESPONSE :: gamestate OK (1ms)
INFO - [G] 2026-09-13 17:06:58 :: DEBUG :: BB.SERVER :: Client connected
INFO - [G] 2026-09-13 17:06:58 :: DEBUG :: BB.REQUEST :: gamestate()
INFO - [G] 2026-09-13 17:06:58 :: DEBUG :: BB.ENDPOINTS :: Init gamestate()
INFO - [G] 2026-09-13 17:06:58 :: DEBUG :: BB.ENDPOINTS :: Return gamestate()
INFO - [G] 2026-09-13 17:06:58 :: DEBUG :: BB.RESPONSE :: gamestate OK (1ms)
INFO - [G] 2026-09-13 17:06:58 :: DEBUG :: BB.SERVER :: Client connected
INFO - [G] 2026-09-13 17:06:58 :: DEBUG :: BB.REQUEST :: gamestate()
INFO - [G] 2026-09-13 17:06:58 :: DEBUG :: BB.ENDPOINTS :: Init gamestate()
INFO - [G] 2026-09-13 17:06:58 :: DEBUG :: BB.ENDPOINTS :: Return gamestate()
INFO - [G] 2026-09-13 17:06:58 :: DEBUG :: BB.RESPONSE :: gamestate OK (1ms)
INFO - [G] 2026-09-13 17:06:58 :: DEBUG :: BB.SERVER :: Client connected
INFO - [G] 2026-09-13 17:06:58 :: DEBUG :: BB.REQUEST :: gamestate()
INFO - [G] 2026-09-13 17:06:58 :: DEBUG :: BB.ENDPOINTS :: Init gamestate()
INFO - [G] 2026-09-13 17:06:58 :: DEBUG :: BB.ENDPOINTS :: Return gamestate()
INFO - [G] 2026-09-13 17:06:58 :: DEBUG :: BB.RESPONSE :: gamestate OK (1ms)
INFO - [G] 2026-09-13 17:06:58 :: DEBUG :: BB.SERVER :: Client connected
INFO - [G] 2026-09-13 17:06:58 :: DEBUG :: BB.REQUEST :: gamestate()
INFO - [G] 2026-09-13 17:06:58 :: DEBUG :: BB.ENDPOINTS :: Init gamestate()
INFO - [G] 2026-09-13 17:06:58 :: DEBUG :: BB.ENDPOINTS :: Return gamestate()
INFO - [G] 2026-09-13 17:06:58 :: DEBUG :: BB.RESPONSE :: gamestate OK (1ms)
INFO - [G] 2026-09-13 17:06:59 :: DEBUG :: BB.SERVER :: Client connected
INFO - [G] 2026-09-13 17:06:59 :: DEBUG :: BB.REQUEST :: gamestate()
INFO - [G] 2026-09-13 17:06:59 :: DEBUG :: BB.ENDPOINTS :: Init gamestate()
INFO - [G] 2026-09-13 17:06:59 :: DEBUG :: BB.ENDPOINTS :: Return gamestate()
INFO - [G] 2026-09-13 17:06:59 :: DEBUG :: BB.RESPONSE :: gamestate OK (1ms)
INFO - [G] 2026-09-13 17:06:59 :: DEBUG :: BB.SERVER :: Client connected
INFO - [G] 2026-09-13 17:06:59 :: DEBUG :: BB.REQUEST :: gamestate()
INFO - [G] 2026-09-13 17:06:59 :: DEBUG :: BB.ENDPOINTS :: Init gamestate()
INFO - [G] 2026-09-13 17:06:59 :: DEBUG :: BB.ENDPOINTS :: Return gamestate()
INFO - [G] 2026-09-13 17:06:59 :: DEBUG :: BB.RESPONSE :: gamestate OK (1ms)
INFO - [G] 2026-09-13 17:06:59 :: DEBUG :: BB.SERVER :: Client connected
INFO - [G] 2026-09-13 17:06:59 :: DEBUG :: BB.REQUEST :: gamestate()
INFO - [G] 2026-09-13 17:06:59 :: DEBUG :: BB.ENDPOINTS :: Init gamestate()
INFO - [G] 2026-09-13 17:06:59 :: DEBUG :: BB.ENDPOINTS :: Return gamestate()
INFO - [G] 2026-09-13 17:06:59 :: DEBUG :: BB.RESPONSE :: gamestate OK (1ms)
INFO - [G] 2026-09-13 17:06:59 :: DEBUG :: BB.SERVER :: Client connected
INFO - [G] 2026-09-13 17:06:59 :: DEBUG :: BB.REQUEST :: gamestate()
INFO - [G] 2026-09-13 17:06:59 :: DEBUG :: BB.ENDPOINTS :: Init gamestate()
INFO - [G] 2026-09-13 17:06:59 :: DEBUG :: BB.ENDPOINTS :: Return gamestate()
INFO - [G] 2026-09-13 17:06:59 :: DEBUG :: BB.RESPONSE :: gamestate OK (1ms)
INFO - [G] 2026-09-13 17:06:59 :: DEBUG :: BB.SERVER :: Client connected
INFO - [G] 2026-09-13 17:06:59 :: DEBUG :: BB.REQUEST :: gamestate()
INFO - [G] 2026-09-13 17:06:59 :: DEBUG :: BB.ENDPOINTS :: Init gamestate()
INFO - [G] 2026-09-13 17:06:59 :: DEBUG :: BB.ENDPOINTS :: Return gamestate()
INFO - [G] 2026-09-13 17:06:59 :: DEBUG :: BB.RESPONSE :: gamestate OK (1ms)
INFO - [G] 2026-09-13 17:06:59 :: DEBUG :: BB.SERVER :: Client connected
INFO - [G] 2026-09-13 17:06:59 :: DEBUG :: BB.REQUEST :: gamestate()
INFO - [G] 2026-09-13 17:06:59 :: DEBUG :: BB.ENDPOINTS :: Init gamestate()
INFO - [G] 2026-09-13 17:06:59 :: DEBUG :: BB.ENDPOINTS :: Return gamestate()
INFO - [G] 2026-09-13 17:06:59 :: DEBUG :: BB.RESPONSE :: gamestate OK (1ms)
INFO - [G] 2026-09-13 17:06:59 :: DEBUG :: BB.SERVER :: Client connected
INFO - [G] 2026-09-13 17:06:59 :: DEBUG :: BB.REQUEST :: gamestate()
INFO - [G] 2026-09-13 17:06:59 :: DEBUG :: BB.ENDPOINTS :: Init gamestate()
INFO - [G] 2026-09-13 17:06:59 :: DEBUG :: BB.ENDPOINTS :: Return gamestate()
INFO - [G] 2026-09-13 17:06:59 :: DEBUG :: BB.RESPONSE :: gamestate OK (1ms)
INFO - [G] 2026-09-13 17:07:00 :: DEBUG :: BB.SERVER :: Client connected
INFO - [G] 2026-09-13 17:07:00 :: DEBUG :: BB.REQUEST :: gamestate()
INFO - [G] 2026-09-13 17:07:00 :: DEBUG :: BB.ENDPOINTS :: Init gamestate()
INFO - [G] 2026-09-13 17:07:00 :: DEBUG :: BB.ENDPOINTS :: Return gamestate()
INFO - [G] 2026-09-13 17:07:00 :: DEBUG :: BB.RESPONSE :: gamestate OK (1ms)
INFO - [G] 2026-09-13 17:07:00 :: DEBUG :: BB.SERVER :: Client connected
INFO - [G] 2026-09-13 17:07:00 :: DEBUG :: BB.REQUEST :: gamestate()
INFO - [G] 2026-09-13 17:07:00 :: DEBUG :: BB.ENDPOINTS :: Init gamestate()
INFO - [G] 2026-09-13 17:07:00 :: DEBUG :: BB.ENDPOINTS :: Return gamestate()
INFO - [G] 2026-09-13 17:07:00 :: DEBUG :: BB.RESPONSE :: gamestate OK (1ms)
INFO - [G] 2026-09-13 17:09:05 :: DEBUG :: BB.SERVER :: Client connected
INFO - [G] 2026-09-13 17:09:05 :: DEBUG :: BB.REQUEST :: gamestate()
INFO - [G] 2026-09-13 17:09:05 :: DEBUG :: BB.ENDPOINTS :: Init gamestate()
INFO - [G] 2026-09-13 17:09:05 :: DEBUG :: BB.ENDPOINTS :: Return gamestate()
INFO - [G] 2026-09-13 17:09:05 :: DEBUG :: BB.RESPONSE :: gamestate OK (1ms)
INFO - [G] 2026-09-13 17:12:54 :: DEBUG :: BB.SERVER :: Client connected
INFO - [G] 2026-09-13 17:12:54 :: DEBUG :: BB.REQUEST :: health()
INFO - [G] 2026-09-13 17:12:54 :: DEBUG :: BB.ENDPOINTS :: Init health()
INFO - [G] 2026-09-13 17:12:54 :: DEBUG :: BB.ENDPOINTS :: Return health()
INFO - [G] 2026-09-13 17:12:54 :: DEBUG :: BB.RESPONSE :: health OK (0ms)
INFO - [G] 2026-09-13 17:12:54 :: DEBUG :: BB.SERVER :: Client connected
INFO - [G] 2026-09-13 17:12:54 :: DEBUG :: BB.REQUEST :: gamestate()
INFO - [G] 2026-09-13 17:12:54 :: DEBUG :: BB.ENDPOINTS :: Init gamestate()
INFO - [G] 2026-09-13 17:12:54 :: DEBUG :: BB.ENDPOINTS :: Return gamestate()
INFO - [G] 2026-09-13 17:12:54 :: DEBUG :: BB.RESPONSE :: gamestate OK (1ms)
INFO - [G] 2026-09-13 17:12:55 :: DEBUG :: BB.SERVER :: Client connected
INFO - [G] 2026-09-13 17:12:55 :: DEBUG :: BB.REQUEST :: gamestate()
INFO - [G] 2026-09-13 17:12:55 :: DEBUG :: BB.ENDPOINTS :: Init gamestate()
INFO - [G] 2026-09-13 17:12:55 :: DEBUG :: BB.ENDPOINTS :: Return gamestate()
INFO - [G] 2026-09-13 17:12:55 :: DEBUG :: BB.RESPONSE :: gamestate OK (1ms)
INFO - [G] 2026-09-13 17:12:55 :: DEBUG :: BB.SERVER :: Client connected
INFO - [G] 2026-09-13 17:12:55 :: DEBUG :: BB.REQUEST :: gamestate()
INFO - [G] 2026-09-13 17:12:55 :: DEBUG :: BB.ENDPOINTS :: Init gamestate()
INFO - [G] 2026-09-13 17:12:55 :: DEBUG :: BB.ENDPOINTS :: Return gamestate()
INFO - [G] 2026-09-13 17:12:55 :: DEBUG :: BB.RESPONSE :: gamestate OK (1ms)
INFO - [G] 2026-09-13 17:12:55 :: DEBUG :: BB.SERVER :: Client connected
INFO - [G] 2026-09-13 17:12:55 :: DEBUG :: BB.REQUEST :: gamestate()
INFO - [G] 2026-09-13 17:12:55 :: DEBUG :: BB.ENDPOINTS :: Init gamestate()
INFO - [G] 2026-09-13 17:12:55 :: DEBUG :: BB.ENDPOINTS :: Return gamestate()
INFO - [G] 2026-09-13 17:12:55 :: DEBUG :: BB.RESPONSE :: gamestate OK (1ms)
INFO - [G] 2026-09-13 17:12:55 :: DEBUG :: BB.SERVER :: Client connected
INFO - [G] 2026-09-13 17:12:55 :: DEBUG :: BB.REQUEST :: gamestate()
INFO - [G] 2026-09-13 17:12:55 :: DEBUG :: BB.ENDPOINTS :: Init gamestate()
INFO - [G] 2026-09-13 17:12:55 :: DEBUG :: BB.ENDPOINTS :: Return gamestate()
INFO - [G] 2026-09-13 17:12:55 :: DEBUG :: BB.RESPONSE :: gamestate OK (1ms)
INFO - [G] 2026-09-13 17:12:55 :: DEBUG :: BB.SERVER :: Client connected
INFO - [G] 2026-09-13 17:12:55 :: DEBUG :: BB.REQUEST :: gamestate()
INFO - [G] 2026-09-13 17:12:55 :: DEBUG :: BB.ENDPOINTS :: Init gamestate()
INFO - [G] 2026-09-13 17:12:55 :: DEBUG :: BB.ENDPOINTS :: Return gamestate()
INFO - [G] 2026-09-13 17:12:55 :: DEBUG :: BB.RESPONSE :: gamestate OK (1ms)
INFO - [G] 2026-09-13 17:12:55 :: DEBUG :: BB.SERVER :: Client connected
INFO - [G] 2026-09-13 17:12:55 :: DEBUG :: BB.REQUEST :: discard({cards=[0,1,2,3,4]})
INFO - [G] 2026-09-13 17:12:55 :: DEBUG :: BB.ENDPOINTS :: Init discard()
INFO - [G] 2026-09-13 17:12:55 :: DEBUG :: BB.ENDPOINTS :: Discarding 5 cards: K♦, 10♣, 9♥, 7♥, 5♣ (3 discards left)
INFO - [G] 2026-09-13 17:12:57 :: DEBUG :: BB.ENDPOINTS :: Return discard()
INFO - [G] 2026-09-13 17:12:57 :: DEBUG :: BB.RESPONSE :: discard OK (1965ms)
INFO - [G] 2026-09-13 17:12:57 :: DEBUG :: BB.SERVER :: Client connected
INFO - [G] 2026-09-13 17:12:57 :: DEBUG :: BB.REQUEST :: screenshot({path="/Users/abhipoluri/fly-balatro/outputs/realgame/..."})
INFO - [G] 2026-09-13 17:12:57 :: DEBUG :: BB.ENDPOINTS :: Init screenshot()
INFO - [G] 2026-09-13 17:12:57 :: DEBUG :: BB.ENDPOINTS :: Return screenshot() - saved to /Users/abhipoluri/fly-balatro/outputs/realgame/balatro_fly.png
INFO - [G] 2026-09-13 17:12:57 :: DEBUG :: BB.RESPONSE :: screenshot OK (147ms)
INFO - [G] 2026-09-13 17:12:59 :: DEBUG :: BB.SERVER :: Client connected
INFO - [G] 2026-09-13 17:12:59 :: DEBUG :: BB.REQUEST :: gamestate()
INFO - [G] 2026-09-13 17:12:59 :: DEBUG :: BB.ENDPOINTS :: Init gamestate()
INFO - [G] 2026-09-13 17:12:59 :: DEBUG :: BB.ENDPOINTS :: Return gamestate()
INFO - [G] 2026-09-13 17:12:59 :: DEBUG :: BB.RESPONSE :: gamestate OK (1ms)
INFO - [G] 2026-09-13 17:12:59 :: DEBUG :: BB.SERVER :: Client connected
INFO - [G] 2026-09-13 17:12:59 :: DEBUG :: BB.REQUEST :: gamestate()
INFO - [G] 2026-09-13 17:12:59 :: DEBUG :: BB.ENDPOINTS :: Init gamestate()
INFO - [G] 2026-09-13 17:12:59 :: DEBUG :: BB.ENDPOINTS :: Return gamestate()
INFO - [G] 2026-09-13 17:12:59 :: DEBUG :: BB.RESPONSE :: gamestate OK (1ms)
INFO - [G] 2026-09-13 17:12:59 :: DEBUG :: BB.SERVER :: Client connected
INFO - [G] 2026-09-13 17:12:59 :: DEBUG :: BB.REQUEST :: gamestate()
INFO - [G] 2026-09-13 17:12:59 :: DEBUG :: BB.ENDPOINTS :: Init gamestate()
INFO - [G] 2026-09-13 17:12:59 :: DEBUG :: BB.ENDPOINTS :: Return gamestate()
INFO - [G] 2026-09-13 17:12:59 :: DEBUG :: BB.RESPONSE :: gamestate OK (1ms)
INFO - [G] 2026-09-13 17:12:59 :: DEBUG :: BB.SERVER :: Client connected
INFO - [G] 2026-09-13 17:12:59 :: DEBUG :: BB.REQUEST :: gamestate()
INFO - [G] 2026-09-13 17:12:59 :: DEBUG :: BB.ENDPOINTS :: Init gamestate()
INFO - [G] 2026-09-13 17:12:59 :: DEBUG :: BB.ENDPOINTS :: Return gamestate()
INFO - [G] 2026-09-13 17:12:59 :: DEBUG :: BB.RESPONSE :: gamestate OK (1ms)
INFO - [G] 2026-09-13 17:12:59 :: DEBUG :: BB.SERVER :: Client connected
INFO - [G] 2026-09-13 17:12:59 :: DEBUG :: BB.REQUEST :: gamestate()
INFO - [G] 2026-09-13 17:12:59 :: DEBUG :: BB.ENDPOINTS :: Init gamestate()
INFO - [G] 2026-09-13 17:12:59 :: DEBUG :: BB.ENDPOINTS :: Return gamestate()
INFO - [G] 2026-09-13 17:12:59 :: DEBUG :: BB.RESPONSE :: gamestate OK (1ms)
INFO - [G] 2026-09-13 17:12:59 :: DEBUG :: BB.SERVER :: Client connected
INFO - [G] 2026-09-13 17:12:59 :: DEBUG :: BB.REQUEST :: gamestate()
INFO - [G] 2026-09-13 17:12:59 :: DEBUG :: BB.ENDPOINTS :: Init gamestate()
INFO - [G] 2026-09-13 17:12:59 :: DEBUG :: BB.ENDPOINTS :: Return gamestate()
INFO - [G] 2026-09-13 17:12:59 :: DEBUG :: BB.RESPONSE :: gamestate OK (1ms)
INFO - [G] 2026-09-13 17:13:00 :: DEBUG :: BB.SERVER :: Client connected
INFO - [G] 2026-09-13 17:13:00 :: DEBUG :: BB.REQUEST :: discard({cards=[0,1,2,3,4]})
INFO - [G] 2026-09-13 17:13:00 :: DEBUG :: BB.ENDPOINTS :: Init discard()
INFO - [G] 2026-09-13 17:13:00 :: DEBUG :: BB.ENDPOINTS :: Discarding 5 cards: A♦, J♣, 9♦, 8♠, 7♣ (2 discards left)
INFO - [G] 2026-09-13 17:13:02 :: DEBUG :: BB.ENDPOINTS :: Return discard()
INFO - [G] 2026-09-13 17:13:02 :: DEBUG :: BB.RESPONSE :: discard OK (1970ms)
INFO - [G] 2026-09-13 17:13:03 :: DEBUG :: BB.SERVER :: Client connected
INFO - [G] 2026-09-13 17:13:03 :: DEBUG :: BB.REQUEST :: gamestate()
INFO - [G] 2026-09-13 17:13:03 :: DEBUG :: BB.ENDPOINTS :: Init gamestate()
INFO - [G] 2026-09-13 17:13:03 :: DEBUG :: BB.ENDPOINTS :: Return gamestate()
INFO - [G] 2026-09-13 17:13:03 :: DEBUG :: BB.RESPONSE :: gamestate OK (1ms)
INFO - [G] 2026-09-13 17:13:03 :: DEBUG :: BB.SERVER :: Client connected
INFO - [G] 2026-09-13 17:13:03 :: DEBUG :: BB.REQUEST :: gamestate()
INFO - [G] 2026-09-13 17:13:03 :: DEBUG :: BB.ENDPOINTS :: Init gamestate()
INFO - [G] 2026-09-13 17:13:03 :: DEBUG :: BB.ENDPOINTS :: Return gamestate()
INFO - [G] 2026-09-13 17:13:03 :: DEBUG :: BB.RESPONSE :: gamestate OK (1ms)
INFO - [G] 2026-09-13 17:13:03 :: DEBUG :: BB.SERVER :: Client connected
INFO - [G] 2026-09-13 17:13:03 :: DEBUG :: BB.REQUEST :: gamestate()
INFO - [G] 2026-09-13 17:13:03 :: DEBUG :: BB.ENDPOINTS :: Init gamestate()
INFO - [G] 2026-09-13 17:13:03 :: DEBUG :: BB.ENDPOINTS :: Return gamestate()
INFO - [G] 2026-09-13 17:13:03 :: DEBUG :: BB.RESPONSE :: gamestate OK (1ms)
INFO - [G] 2026-09-13 17:13:03 :: DEBUG :: BB.SERVER :: Client connected
INFO - [G] 2026-09-13 17:13:03 :: DEBUG :: BB.REQUEST :: gamestate()
INFO - [G] 2026-09-13 17:13:03 :: DEBUG :: BB.ENDPOINTS :: Init gamestate()
INFO - [G] 2026-09-13 17:13:03 :: DEBUG :: BB.ENDPOINTS :: Return gamestate()
INFO - [G] 2026-09-13 17:13:03 :: DEBUG :: BB.RESPONSE :: gamestate OK (1ms)
INFO - [G] 2026-09-13 17:13:04 :: DEBUG :: BB.SERVER :: Client connected
INFO - [G] 2026-09-13 17:13:04 :: DEBUG :: BB.REQUEST :: gamestate()
INFO - [G] 2026-09-13 17:13:04 :: DEBUG :: BB.ENDPOINTS :: Init gamestate()
INFO - [G] 2026-09-13 17:13:04 :: DEBUG :: BB.ENDPOINTS :: Return gamestate()
INFO - [G] 2026-09-13 17:13:04 :: DEBUG :: BB.RESPONSE :: gamestate OK (1ms)
INFO - [G] 2026-09-13 17:13:04 :: DEBUG :: BB.SERVER :: Client connected
INFO - [G] 2026-09-13 17:13:04 :: DEBUG :: BB.REQUEST :: gamestate()
INFO - [G] 2026-09-13 17:13:04 :: DEBUG :: BB.ENDPOINTS :: Init gamestate()
INFO - [G] 2026-09-13 17:13:04 :: DEBUG :: BB.ENDPOINTS :: Return gamestate()
INFO - [G] 2026-09-13 17:13:04 :: DEBUG :: BB.RESPONSE :: gamestate OK (1ms)
INFO - [G] 2026-09-13 17:13:04 :: DEBUG :: BB.SERVER :: Client connected
INFO - [G] 2026-09-13 17:13:04 :: DEBUG :: BB.REQUEST :: play({cards=[0,3,4,5,6]})
INFO - [G] 2026-09-13 17:13:04 :: DEBUG :: BB.ENDPOINTS :: Init play()
INFO - [G] 2026-09-13 17:13:04 :: DEBUG :: BB.ENDPOINTS :: Playing 5 cards: A♣, 5♥, 4♦, 3♦, 2♥
INFO - [G] 2026-09-13 17:13:16 :: DEBUG :: BB.ENDPOINTS :: Return play() - same round
INFO - [G] 2026-09-13 17:13:16 :: DEBUG :: BB.RESPONSE :: play OK (12144ms)
INFO - [G] 2026-09-13 17:13:18 :: DEBUG :: BB.SERVER :: Client connected
INFO - [G] 2026-09-13 17:13:18 :: DEBUG :: BB.REQUEST :: gamestate()
INFO - [G] 2026-09-13 17:13:18 :: DEBUG :: BB.ENDPOINTS :: Init gamestate()
INFO - [G] 2026-09-13 17:13:18 :: DEBUG :: BB.ENDPOINTS :: Return gamestate()
INFO - [G] 2026-09-13 17:13:18 :: DEBUG :: BB.RESPONSE :: gamestate OK (1ms)
INFO - [G] 2026-09-13 17:13:18 :: DEBUG :: BB.SERVER :: Client connected
INFO - [G] 2026-09-13 17:13:18 :: DEBUG :: BB.REQUEST :: gamestate()
INFO - [G] 2026-09-13 17:13:18 :: DEBUG :: BB.ENDPOINTS :: Init gamestate()
INFO - [G] 2026-09-13 17:13:18 :: DEBUG :: BB.ENDPOINTS :: Return gamestate()
INFO - [G] 2026-09-13 17:13:18 :: DEBUG :: BB.RESPONSE :: gamestate OK (1ms)
INFO - [G] 2026-09-13 17:13:18 :: DEBUG :: BB.SERVER :: Client connected
INFO - [G] 2026-09-13 17:13:18 :: DEBUG :: BB.REQUEST :: gamestate()
INFO - [G] 2026-09-13 17:13:18 :: DEBUG :: BB.ENDPOINTS :: Init gamestate()
INFO - [G] 2026-09-13 17:13:18 :: DEBUG :: BB.ENDPOINTS :: Return gamestate()
INFO - [G] 2026-09-13 17:13:18 :: DEBUG :: BB.RESPONSE :: gamestate OK (1ms)
INFO - [G] 2026-09-13 17:13:18 :: DEBUG :: BB.SERVER :: Client connected
INFO - [G] 2026-09-13 17:13:18 :: DEBUG :: BB.REQUEST :: gamestate()
INFO - [G] 2026-09-13 17:13:18 :: DEBUG :: BB.ENDPOINTS :: Init gamestate()
INFO - [G] 2026-09-13 17:13:18 :: DEBUG :: BB.ENDPOINTS :: Return gamestate()
INFO - [G] 2026-09-13 17:13:18 :: DEBUG :: BB.RESPONSE :: gamestate OK (1ms)
INFO - [G] 2026-09-13 17:13:18 :: DEBUG :: BB.SERVER :: Client connected
INFO - [G] 2026-09-13 17:13:18 :: DEBUG :: BB.REQUEST :: play({cards=[2,6,7]})
INFO - [G] 2026-09-13 17:13:18 :: DEBUG :: BB.ENDPOINTS :: Init play()
INFO - [G] 2026-09-13 17:13:18 :: DEBUG :: BB.ENDPOINTS :: Playing 3 cards: 10♦, 2♣, 2♦
INFO - [G] 2026-09-13 17:13:26 :: DEBUG :: BB.ENDPOINTS :: Return play() - same round
INFO - [G] 2026-09-13 17:13:26 :: DEBUG :: BB.RESPONSE :: play OK (8029ms)
INFO - [G] 2026-09-13 17:13:28 :: DEBUG :: BB.SERVER :: Client connected
INFO - [G] 2026-09-13 17:13:28 :: DEBUG :: BB.REQUEST :: gamestate()
INFO - [G] 2026-09-13 17:13:28 :: DEBUG :: BB.ENDPOINTS :: Init gamestate()
INFO - [G] 2026-09-13 17:13:28 :: DEBUG :: BB.ENDPOINTS :: Return gamestate()
INFO - [G] 2026-09-13 17:13:28 :: DEBUG :: BB.RESPONSE :: gamestate OK (1ms)
INFO - [G] 2026-09-13 17:13:28 :: DEBUG :: BB.SERVER :: Client connected
INFO - [G] 2026-09-13 17:13:28 :: DEBUG :: BB.REQUEST :: gamestate()
INFO - [G] 2026-09-13 17:13:28 :: DEBUG :: BB.ENDPOINTS :: Init gamestate()
INFO - [G] 2026-09-13 17:13:28 :: DEBUG :: BB.ENDPOINTS :: Return gamestate()
INFO - [G] 2026-09-13 17:13:28 :: DEBUG :: BB.RESPONSE :: gamestate OK (1ms)
INFO - [G] 2026-09-13 17:13:28 :: DEBUG :: BB.SERVER :: Client connected
INFO - [G] 2026-09-13 17:13:28 :: DEBUG :: BB.REQUEST :: gamestate()
INFO - [G] 2026-09-13 17:13:28 :: DEBUG :: BB.ENDPOINTS :: Init gamestate()
INFO - [G] 2026-09-13 17:13:28 :: DEBUG :: BB.ENDPOINTS :: Return gamestate()
INFO - [G] 2026-09-13 17:13:28 :: DEBUG :: BB.RESPONSE :: gamestate OK (1ms)
INFO - [G] 2026-09-13 17:13:28 :: DEBUG :: BB.SERVER :: Client connected
INFO - [G] 2026-09-13 17:13:28 :: DEBUG :: BB.REQUEST :: play({cards=[5,6]})
INFO - [G] 2026-09-13 17:13:28 :: DEBUG :: BB.ENDPOINTS :: Init play()
INFO - [G] 2026-09-13 17:13:28 :: DEBUG :: BB.ENDPOINTS :: Playing 2 cards: 6♠, 6♥
INFO - [G] 2026-09-13 17:13:35 :: DEBUG :: BB.ENDPOINTS :: Return play() - same round
INFO - [G] 2026-09-13 17:13:35 :: DEBUG :: BB.RESPONSE :: play OK (7538ms)
INFO - [G] 2026-09-13 17:13:35 :: DEBUG :: BB.SERVER :: Client connected
INFO - [G] 2026-09-13 17:13:35 :: DEBUG :: BB.REQUEST :: gamestate()
INFO - [G] 2026-09-13 17:13:35 :: DEBUG :: BB.ENDPOINTS :: Init gamestate()
INFO - [G] 2026-09-13 17:13:35 :: DEBUG :: BB.ENDPOINTS :: Return gamestate()
INFO - [G] 2026-09-13 17:13:35 :: DEBUG :: BB.RESPONSE :: gamestate OK (1ms)
INFO - [G] 2026-09-13 17:13:35 :: DEBUG :: BB.SERVER :: Client connected
INFO - [G] 2026-09-13 17:13:35 :: DEBUG :: BB.REQUEST :: screenshot({path="/Users/abhipoluri/fly-balatro/outputs/realgame/..."})
INFO - [G] 2026-09-13 17:13:35 :: DEBUG :: BB.ENDPOINTS :: Init screenshot()
INFO - [G] 2026-09-13 17:13:36 :: DEBUG :: BB.ENDPOINTS :: Return screenshot() - saved to /Users/abhipoluri/fly-balatro/outputs/realgame/balatro_fly_scoring.png
INFO - [G] 2026-09-13 17:13:36 :: DEBUG :: BB.RESPONSE :: screenshot OK (145ms)
INFO - [G] 2026-09-13 17:13:36 :: DEBUG :: BB.SERVER :: Client connected
INFO - [G] 2026-09-13 17:13:36 :: DEBUG :: BB.REQUEST :: gamestate()
INFO - [G] 2026-09-13 17:13:36 :: DEBUG :: BB.ENDPOINTS :: Init gamestate()
INFO - [G] 2026-09-13 17:13:36 :: DEBUG :: BB.ENDPOINTS :: Return gamestate()
INFO - [G] 2026-09-13 17:13:36 :: DEBUG :: BB.RESPONSE :: gamestate OK (1ms)
INFO - [G] 2026-09-13 17:13:36 :: DEBUG :: BB.SERVER :: Client connected
INFO - [G] 2026-09-13 17:13:36 :: DEBUG :: BB.REQUEST :: gamestate()
INFO - [G] 2026-09-13 17:13:36 :: DEBUG :: BB.ENDPOINTS :: Init gamestate()
INFO - [G] 2026-09-13 17:13:36 :: DEBUG :: BB.ENDPOINTS :: Return gamestate()
INFO - [G] 2026-09-13 17:13:36 :: DEBUG :: BB.RESPONSE :: gamestate OK (1ms)
INFO - [G] 2026-09-13 17:13:36 :: DEBUG :: BB.SERVER :: Client connected
INFO - [G] 2026-09-13 17:13:36 :: DEBUG :: BB.REQUEST :: gamestate()
INFO - [G] 2026-09-13 17:13:36 :: DEBUG :: BB.ENDPOINTS :: Init gamestate()
INFO - [G] 2026-09-13 17:13:36 :: DEBUG :: BB.ENDPOINTS :: Return gamestate()
INFO - [G] 2026-09-13 17:13:36 :: DEBUG :: BB.RESPONSE :: gamestate OK (1ms)
INFO - [G] 2026-09-13 17:13:37 :: DEBUG :: BB.SERVER :: Client connected
INFO - [G] 2026-09-13 17:13:37 :: DEBUG :: BB.REQUEST :: gamestate()
INFO - [G] 2026-09-13 17:13:37 :: DEBUG :: BB.ENDPOINTS :: Init gamestate()
INFO - [G] 2026-09-13 17:13:37 :: DEBUG :: BB.ENDPOINTS :: Return gamestate()
INFO - [G] 2026-09-13 17:13:37 :: DEBUG :: BB.RESPONSE :: gamestate OK (1ms)
INFO - [G] 2026-09-13 17:13:37 :: DEBUG :: BB.SERVER :: Client connected
INFO - [G] 2026-09-13 17:13:37 :: DEBUG :: BB.REQUEST :: gamestate()
INFO - [G] 2026-09-13 17:13:37 :: DEBUG :: BB.ENDPOINTS :: Init gamestate()
INFO - [G] 2026-09-13 17:13:37 :: DEBUG :: BB.ENDPOINTS :: Return gamestate()
INFO - [G] 2026-09-13 17:13:37 :: DEBUG :: BB.RESPONSE :: gamestate OK (1ms)
INFO - [G] 2026-09-13 17:13:37 :: DEBUG :: BB.SERVER :: Client connected
INFO - [G] 2026-09-13 17:13:37 :: DEBUG :: BB.REQUEST :: gamestate()
INFO - [G] 2026-09-13 17:13:37 :: DEBUG :: BB.ENDPOINTS :: Init gamestate()
INFO - [G] 2026-09-13 17:13:37 :: DEBUG :: BB.ENDPOINTS :: Return gamestate()
INFO - [G] 2026-09-13 17:13:37 :: DEBUG :: BB.RESPONSE :: gamestate OK (1ms)
INFO - [G] 2026-09-13 17:13:37 :: DEBUG :: BB.SERVER :: Client connected
INFO - [G] 2026-09-13 17:13:37 :: DEBUG :: BB.REQUEST :: gamestate()
INFO - [G] 2026-09-13 17:13:37 :: DEBUG :: BB.ENDPOINTS :: Init gamestate()
INFO - [G] 2026-09-13 17:13:37 :: DEBUG :: BB.ENDPOINTS :: Return gamestate()
INFO - [G] 2026-09-13 17:13:37 :: DEBUG :: BB.RESPONSE :: gamestate OK (1ms)
INFO - [G] 2026-09-13 17:13:37 :: DEBUG :: BB.SERVER :: Client connected
INFO - [G] 2026-09-13 17:13:37 :: DEBUG :: BB.REQUEST :: gamestate()
INFO - [G] 2026-09-13 17:13:37 :: DEBUG :: BB.ENDPOINTS :: Init gamestate()
INFO - [G] 2026-09-13 17:13:37 :: DEBUG :: BB.ENDPOINTS :: Return gamestate()
INFO - [G] 2026-09-13 17:13:37 :: DEBUG :: BB.RESPONSE :: gamestate OK (1ms)
INFO - [G] 2026-09-13 17:13:37 :: DEBUG :: BB.SERVER :: Client connected
INFO - [G] 2026-09-13 17:13:37 :: DEBUG :: BB.REQUEST :: gamestate()
INFO - [G] 2026-09-13 17:13:37 :: DEBUG :: BB.ENDPOINTS :: Init gamestate()
INFO - [G] 2026-09-13 17:13:37 :: DEBUG :: BB.ENDPOINTS :: Return gamestate()
INFO - [G] 2026-09-13 17:13:37 :: DEBUG :: BB.RESPONSE :: gamestate OK (0ms)
INFO - [G] 2026-09-13 17:13:37 :: DEBUG :: BB.SERVER :: Client connected
INFO - [G] 2026-09-13 17:13:37 :: DEBUG :: BB.REQUEST :: gamestate()
INFO - [G] 2026-09-13 17:13:37 :: DEBUG :: BB.ENDPOINTS :: Init gamestate()
INFO - [G] 2026-09-13 17:13:37 :: DEBUG :: BB.ENDPOINTS :: Return gamestate()
INFO - [G] 2026-09-13 17:13:37 :: DEBUG :: BB.RESPONSE :: gamestate OK (1ms)
INFO - [G] 2026-09-13 17:13:37 :: DEBUG :: BB.SERVER :: Client connected
INFO - [G] 2026-09-13 17:13:37 :: DEBUG :: BB.REQUEST :: gamestate()
INFO - [G] 2026-09-13 17:13:37 :: DEBUG :: BB.ENDPOINTS :: Init gamestate()
INFO - [G] 2026-09-13 17:13:37 :: DEBUG :: BB.ENDPOINTS :: Return gamestate()
INFO - [G] 2026-09-13 17:13:37 :: DEBUG :: BB.RESPONSE :: gamestate OK (0ms)
INFO - [G] 2026-09-13 17:13:38 :: DEBUG :: BB.SERVER :: Client connected
INFO - [G] 2026-09-13 17:13:38 :: DEBUG :: BB.REQUEST :: gamestate()
INFO - [G] 2026-09-13 17:13:38 :: DEBUG :: BB.ENDPOINTS :: Init gamestate()
INFO - [G] 2026-09-13 17:13:38 :: DEBUG :: BB.ENDPOINTS :: Return gamestate()
INFO - [G] 2026-09-13 17:13:38 :: DEBUG :: BB.RESPONSE :: gamestate OK (0ms)
INFO - [G] 2026-09-13 17:13:38 :: DEBUG :: BB.SERVER :: Client connected
INFO - [G] 2026-09-13 17:13:38 :: DEBUG :: BB.REQUEST :: play({cards=[3,4,6,7]})
INFO - [G] 2026-09-13 17:13:38 :: DEBUG :: BB.ENDPOINTS :: Init play()
INFO - [G] 2026-09-13 17:13:38 :: DEBUG :: BB.ENDPOINTS :: Playing 4 cards: 8♥, 8♣, 5♠, 5♦
INFO - [G] 2026-09-13 17:13:53 :: DEBUG :: BB.ENDPOINTS :: Return play() - cash out
INFO - [G] 2026-09-13 17:13:53 :: DEBUG :: BB.RESPONSE :: play OK (15557ms)
INFO - [G] 2026-09-13 17:13:53 :: DEBUG :: BB.SERVER :: Client connected
INFO - [G] 2026-09-13 17:13:53 :: DEBUG :: BB.REQUEST :: gamestate()
INFO - [G] 2026-09-13 17:13:53 :: DEBUG :: BB.ENDPOINTS :: Init gamestate()
INFO - [G] 2026-09-13 17:13:53 :: DEBUG :: BB.ENDPOINTS :: Return gamestate()
INFO - [G] 2026-09-13 17:13:53 :: DEBUG :: BB.RESPONSE :: gamestate OK (1ms)
INFO - [G] 2026-09-13 17:13:53 :: DEBUG :: BB.SERVER :: Client connected
INFO - [G] 2026-09-13 17:13:53 :: DEBUG :: BB.REQUEST :: screenshot({path="/Users/abhipoluri/fly-balatro/outputs/realgame/..."})
INFO - [G] 2026-09-13 17:13:53 :: DEBUG :: BB.ENDPOINTS :: Init screenshot()
INFO - [G] 2026-09-13 17:13:53 :: DEBUG :: BB.ENDPOINTS :: Return screenshot() - saved to /Users/abhipoluri/fly-balatro/outputs/realgame/balatro_fly_round_eval.png
INFO - [G] 2026-09-13 17:13:53 :: DEBUG :: BB.RESPONSE :: screenshot OK (119ms)
INFO - [G] 2026-09-13 17:13:54 :: DEBUG :: BB.SERVER :: Client connected
INFO - [G] 2026-09-13 17:13:54 :: DEBUG :: BB.REQUEST :: gamestate()
INFO - [G] 2026-09-13 17:13:54 :: DEBUG :: BB.ENDPOINTS :: Init gamestate()
INFO - [G] 2026-09-13 17:13:54 :: DEBUG :: BB.ENDPOINTS :: Return gamestate()
INFO - [G] 2026-09-13 17:13:54 :: DEBUG :: BB.RESPONSE :: gamestate OK (1ms)
INFO - [G] 2026-09-13 17:13:54 :: DEBUG :: BB.SERVER :: Client connected
INFO - [G] 2026-09-13 17:13:54 :: DEBUG :: BB.REQUEST :: gamestate()
INFO - [G] 2026-09-13 17:13:54 :: DEBUG :: BB.ENDPOINTS :: Init gamestate()
INFO - [G] 2026-09-13 17:13:54 :: DEBUG :: BB.ENDPOINTS :: Return gamestate()
INFO - [G] 2026-09-13 17:13:54 :: DEBUG :: BB.RESPONSE :: gamestate OK (1ms)
INFO - [G] 2026-09-13 17:13:54 :: DEBUG :: BB.SERVER :: Client connected
INFO - [G] 2026-09-13 17:13:54 :: DEBUG :: BB.REQUEST :: gamestate()
INFO - [G] 2026-09-13 17:13:54 :: DEBUG :: BB.ENDPOINTS :: Init gamestate()
INFO - [G] 2026-09-13 17:13:54 :: DEBUG :: BB.ENDPOINTS :: Return gamestate()
INFO - [G] 2026-09-13 17:13:54 :: DEBUG :: BB.RESPONSE :: gamestate OK (1ms)
INFO - [G] 2026-09-13 17:13:54 :: DEBUG :: BB.SERVER :: Client connected
INFO - [G] 2026-09-13 17:13:54 :: DEBUG :: BB.REQUEST :: gamestate()
INFO - [G] 2026-09-13 17:13:54 :: DEBUG :: BB.ENDPOINTS :: Init gamestate()
INFO - [G] 2026-09-13 17:13:54 :: DEBUG :: BB.ENDPOINTS :: Return gamestate()
INFO - [G] 2026-09-13 17:13:54 :: DEBUG :: BB.RESPONSE :: gamestate OK (1ms)
INFO - [G] 2026-09-13 17:13:55 :: DEBUG :: BB.SERVER :: Client connected
INFO - [G] 2026-09-13 17:13:55 :: DEBUG :: BB.REQUEST :: gamestate()
INFO - [G] 2026-09-13 17:13:55 :: DEBUG :: BB.ENDPOINTS :: Init gamestate()
INFO - [G] 2026-09-13 17:13:55 :: DEBUG :: BB.ENDPOINTS :: Return gamestate()
INFO - [G] 2026-09-13 17:13:55 :: DEBUG :: BB.RESPONSE :: gamestate OK (1ms)
INFO - [G] 2026-09-13 17:13:55 :: DEBUG :: BB.SERVER :: Client connected
INFO - [G] 2026-09-13 17:13:55 :: DEBUG :: BB.REQUEST :: gamestate()
INFO - [G] 2026-09-13 17:13:55 :: DEBUG :: BB.ENDPOINTS :: Init gamestate()
INFO - [G] 2026-09-13 17:13:55 :: DEBUG :: BB.ENDPOINTS :: Return gamestate()
INFO - [G] 2026-09-13 17:13:55 :: DEBUG :: BB.RESPONSE :: gamestate OK (1ms)
INFO - [G] 2026-09-13 17:13:55 :: DEBUG :: BB.SERVER :: Client connected
INFO - [G] 2026-09-13 17:13:55 :: DEBUG :: BB.REQUEST :: cash_out()
INFO - [G] 2026-09-13 17:13:55 :: DEBUG :: BB.ENDPOINTS :: Init cash_out()
INFO - [G] 2026-09-13 17:13:57 :: DEBUG :: BB.ENDPOINTS :: Return cash_out() - reached SHOP state
INFO - [G] 2026-09-13 17:13:57 :: DEBUG :: BB.RESPONSE :: cash_out OK (1819ms)
INFO - [G] 2026-09-13 17:13:57 :: DEBUG :: BB.SERVER :: Client connected
INFO - [G] 2026-09-13 17:13:57 :: DEBUG :: BB.REQUEST :: gamestate()
INFO - [G] 2026-09-13 17:13:57 :: DEBUG :: BB.ENDPOINTS :: Init gamestate()
INFO - [G] 2026-09-13 17:13:57 :: DEBUG :: BB.ENDPOINTS :: Return gamestate()
INFO - [G] 2026-09-13 17:13:57 :: DEBUG :: BB.RESPONSE :: gamestate OK (1ms)
INFO - [G] 2026-09-13 17:13:57 :: DEBUG :: BB.SERVER :: Client connected
INFO - [G] 2026-09-13 17:13:57 :: DEBUG :: BB.REQUEST :: screenshot({path="/Users/abhipoluri/fly-balatro/outputs/realgame/..."})
INFO - [G] 2026-09-13 17:13:57 :: DEBUG :: BB.ENDPOINTS :: Init screenshot()
INFO - [G] 2026-09-13 17:13:57 :: DEBUG :: BB.ENDPOINTS :: Return screenshot() - saved to /Users/abhipoluri/fly-balatro/outputs/realgame/balatro_fly_shop.png
INFO - [G] 2026-09-13 17:13:57 :: DEBUG :: BB.RESPONSE :: screenshot OK (154ms)
INFO - [G] 2026-09-13 17:13:58 :: DEBUG :: BB.SERVER :: Client connected
INFO - [G] 2026-09-13 17:13:58 :: DEBUG :: BB.REQUEST :: gamestate()
INFO - [G] 2026-09-13 17:13:58 :: DEBUG :: BB.ENDPOINTS :: Init gamestate()
INFO - [G] 2026-09-13 17:13:58 :: DEBUG :: BB.ENDPOINTS :: Return gamestate()
INFO - [G] 2026-09-13 17:13:58 :: DEBUG :: BB.RESPONSE :: gamestate OK (1ms)
INFO - [G] 2026-09-13 17:13:58 :: DEBUG :: BB.SERVER :: Client connected
INFO - [G] 2026-09-13 17:13:58 :: DEBUG :: BB.REQUEST :: next_round()
INFO - [G] 2026-09-13 17:13:58 :: DEBUG :: BB.ENDPOINTS :: Init next_round()
INFO - [G] 2026-09-13 17:13:59 :: DEBUG :: BB.ENDPOINTS :: Return next_round() - reached BLIND_SELECT state
INFO - [G] 2026-09-13 17:13:59 :: DEBUG :: BB.RESPONSE :: next_round OK (632ms)
INFO - [G] 2026-09-13 17:14:00 :: DEBUG :: BB.SERVER :: Client connected
INFO - [G] 2026-09-13 17:14:00 :: DEBUG :: BB.REQUEST :: gamestate()
INFO - [G] 2026-09-13 17:14:00 :: DEBUG :: BB.ENDPOINTS :: Init gamestate()
INFO - [G] 2026-09-13 17:14:00 :: DEBUG :: BB.ENDPOINTS :: Return gamestate()
INFO - [G] 2026-09-13 17:14:00 :: DEBUG :: BB.RESPONSE :: gamestate OK (1ms)
INFO - [G] 2026-09-13 17:14:00 :: DEBUG :: BB.SERVER :: Client connected
INFO - [G] 2026-09-13 17:14:00 :: DEBUG :: BB.REQUEST :: select()
INFO - [G] 2026-09-13 17:14:00 :: DEBUG :: BB.ENDPOINTS :: Init select()
INFO - [G] 2026-09-13 17:14:00 :: DEBUG :: BB.ENDPOINTS :: Selecting Big (Big Blind), chips required: ?
INFO - [G] 2026-09-13 17:14:03 :: DEBUG :: BB.ENDPOINTS :: Return select()
INFO - [G] 2026-09-13 17:14:03 :: DEBUG :: BB.RESPONSE :: select OK (3158ms)
INFO - [G] 2026-09-13 17:14:05 :: DEBUG :: BB.SERVER :: Client connected
INFO - [G] 2026-09-13 17:14:05 :: DEBUG :: BB.REQUEST :: gamestate()
INFO - [G] 2026-09-13 17:14:05 :: DEBUG :: BB.ENDPOINTS :: Init gamestate()
INFO - [G] 2026-09-13 17:14:05 :: DEBUG :: BB.ENDPOINTS :: Return gamestate()
INFO - [G] 2026-09-13 17:14:05 :: DEBUG :: BB.RESPONSE :: gamestate OK (1ms)
INFO - [G] 2026-09-13 17:14:05 :: DEBUG :: BB.SERVER :: Client connected
INFO - [G] 2026-09-13 17:14:05 :: DEBUG :: BB.REQUEST :: gamestate()
INFO - [G] 2026-09-13 17:14:05 :: DEBUG :: BB.ENDPOINTS :: Init gamestate()
INFO - [G] 2026-09-13 17:14:05 :: DEBUG :: BB.ENDPOINTS :: Return gamestate()
INFO - [G] 2026-09-13 17:14:05 :: DEBUG :: BB.RESPONSE :: gamestate OK (1ms)
INFO - [G] 2026-09-13 17:14:05 :: DEBUG :: BB.SERVER :: Client connected
INFO - [G] 2026-09-13 17:14:05 :: DEBUG :: BB.REQUEST :: gamestate()
INFO - [G] 2026-09-13 17:14:05 :: DEBUG :: BB.ENDPOINTS :: Init gamestate()
INFO - [G] 2026-09-13 17:14:05 :: DEBUG :: BB.ENDPOINTS :: Return gamestate()
INFO - [G] 2026-09-13 17:14:05 :: DEBUG :: BB.RESPONSE :: gamestate OK (1ms)
INFO - [G] 2026-09-13 17:14:05 :: DEBUG :: BB.SERVER :: Client connected
INFO - [G] 2026-09-13 17:14:05 :: DEBUG :: BB.REQUEST :: gamestate()
INFO - [G] 2026-09-13 17:14:05 :: DEBUG :: BB.ENDPOINTS :: Init gamestate()
INFO - [G] 2026-09-13 17:14:05 :: DEBUG :: BB.ENDPOINTS :: Return gamestate()
INFO - [G] 2026-09-13 17:14:05 :: DEBUG :: BB.RESPONSE :: gamestate OK (1ms)
INFO - [G] 2026-09-13 17:14:05 :: DEBUG :: BB.SERVER :: Client connected
INFO - [G] 2026-09-13 17:14:05 :: DEBUG :: BB.REQUEST :: gamestate()
INFO - [G] 2026-09-13 17:14:05 :: DEBUG :: BB.ENDPOINTS :: Init gamestate()
INFO - [G] 2026-09-13 17:14:05 :: DEBUG :: BB.ENDPOINTS :: Return gamestate()
INFO - [G] 2026-09-13 17:14:05 :: DEBUG :: BB.RESPONSE :: gamestate OK (1ms)
INFO - [G] 2026-09-13 17:14:06 :: DEBUG :: BB.SERVER :: Client connected
INFO - [G] 2026-09-13 17:14:06 :: DEBUG :: BB.REQUEST :: gamestate()
INFO - [G] 2026-09-13 17:14:06 :: DEBUG :: BB.ENDPOINTS :: Init gamestate()
INFO - [G] 2026-09-13 17:14:06 :: DEBUG :: BB.ENDPOINTS :: Return gamestate()
INFO - [G] 2026-09-13 17:14:06 :: DEBUG :: BB.RESPONSE :: gamestate OK (1ms)
INFO - [G] 2026-09-13 17:14:06 :: DEBUG :: BB.SERVER :: Client connected
INFO - [G] 2026-09-13 17:14:06 :: DEBUG :: BB.REQUEST :: discard({cards=[0,1,2,5,6]})
INFO - [G] 2026-09-13 17:14:06 :: DEBUG :: BB.ENDPOINTS :: Init discard()
INFO - [G] 2026-09-13 17:14:06 :: DEBUG :: BB.ENDPOINTS :: Discarding 5 cards: A♦, K♥, Q♠, 7♠, 6♠ (3 discards left)
INFO - [G] 2026-09-13 17:14:08 :: DEBUG :: BB.ENDPOINTS :: Return discard()
INFO - [G] 2026-09-13 17:14:08 :: DEBUG :: BB.RESPONSE :: discard OK (1968ms)
INFO - [G] 2026-09-13 17:14:09 :: DEBUG :: BB.SERVER :: Client connected
INFO - [G] 2026-09-13 17:14:09 :: DEBUG :: BB.REQUEST :: gamestate()
INFO - [G] 2026-09-13 17:14:09 :: DEBUG :: BB.ENDPOINTS :: Init gamestate()
INFO - [G] 2026-09-13 17:14:09 :: DEBUG :: BB.ENDPOINTS :: Return gamestate()
INFO - [G] 2026-09-13 17:14:09 :: DEBUG :: BB.RESPONSE :: gamestate OK (1ms)
INFO - [G] 2026-09-13 17:14:09 :: DEBUG :: BB.SERVER :: Client connected
INFO - [G] 2026-09-13 17:14:09 :: DEBUG :: BB.REQUEST :: gamestate()
INFO - [G] 2026-09-13 17:14:09 :: DEBUG :: BB.ENDPOINTS :: Init gamestate()
INFO - [G] 2026-09-13 17:14:09 :: DEBUG :: BB.ENDPOINTS :: Return gamestate()
INFO - [G] 2026-09-13 17:14:09 :: DEBUG :: BB.RESPONSE :: gamestate OK (1ms)
INFO - [G] 2026-09-13 17:14:09 :: DEBUG :: BB.SERVER :: Client connected
INFO - [G] 2026-09-13 17:14:09 :: DEBUG :: BB.REQUEST :: gamestate()
INFO - [G] 2026-09-13 17:14:09 :: DEBUG :: BB.ENDPOINTS :: Init gamestate()
INFO - [G] 2026-09-13 17:14:09 :: DEBUG :: BB.ENDPOINTS :: Return gamestate()
INFO - [G] 2026-09-13 17:14:09 :: DEBUG :: BB.RESPONSE :: gamestate OK (1ms)
INFO - [G] 2026-09-13 17:14:10 :: DEBUG :: BB.SERVER :: Client connected
INFO - [G] 2026-09-13 17:14:10 :: DEBUG :: BB.REQUEST :: gamestate()
INFO - [G] 2026-09-13 17:14:10 :: DEBUG :: BB.ENDPOINTS :: Init gamestate()
INFO - [G] 2026-09-13 17:14:10 :: DEBUG :: BB.ENDPOINTS :: Return gamestate()
INFO - [G] 2026-09-13 17:14:10 :: DEBUG :: BB.RESPONSE :: gamestate OK (1ms)
INFO - [G] 2026-09-13 17:14:10 :: DEBUG :: BB.SERVER :: Client connected
INFO - [G] 2026-09-13 17:14:10 :: DEBUG :: BB.REQUEST :: gamestate()
INFO - [G] 2026-09-13 17:14:10 :: DEBUG :: BB.ENDPOINTS :: Init gamestate()
INFO - [G] 2026-09-13 17:14:10 :: DEBUG :: BB.ENDPOINTS :: Return gamestate()
INFO - [G] 2026-09-13 17:14:10 :: DEBUG :: BB.RESPONSE :: gamestate OK (1ms)
INFO - [G] 2026-09-13 17:14:10 :: DEBUG :: BB.SERVER :: Client connected
INFO - [G] 2026-09-13 17:14:10 :: DEBUG :: BB.REQUEST :: gamestate()
INFO - [G] 2026-09-13 17:14:10 :: DEBUG :: BB.ENDPOINTS :: Init gamestate()
INFO - [G] 2026-09-13 17:14:10 :: DEBUG :: BB.ENDPOINTS :: Return gamestate()
INFO - [G] 2026-09-13 17:14:10 :: DEBUG :: BB.RESPONSE :: gamestate OK (1ms)
INFO - [G] 2026-09-13 17:14:10 :: DEBUG :: BB.SERVER :: Client connected
INFO - [G] 2026-09-13 17:14:10 :: DEBUG :: BB.REQUEST :: discard({cards=[0,3,4,5,6]})
INFO - [G] 2026-09-13 17:14:10 :: DEBUG :: BB.ENDPOINTS :: Init discard()
INFO - [G] 2026-09-13 17:14:10 :: DEBUG :: BB.ENDPOINTS :: Discarding 5 cards: K♣, 10♠, 9♦, 5♥, 4♦ (2 discards left)
INFO - [G] 2026-09-13 17:14:12 :: DEBUG :: BB.ENDPOINTS :: Return discard()
INFO - [G] 2026-09-13 17:14:12 :: DEBUG :: BB.RESPONSE :: discard OK (1980ms)
INFO - [G] 2026-09-13 17:14:14 :: DEBUG :: BB.SERVER :: Client connected
INFO - [G] 2026-09-13 17:14:14 :: DEBUG :: BB.REQUEST :: gamestate()
INFO - [G] 2026-09-13 17:14:14 :: DEBUG :: BB.ENDPOINTS :: Init gamestate()
INFO - [G] 2026-09-13 17:14:14 :: DEBUG :: BB.ENDPOINTS :: Return gamestate()
INFO - [G] 2026-09-13 17:14:14 :: DEBUG :: BB.RESPONSE :: gamestate OK (1ms)
INFO - [G] 2026-09-13 17:14:14 :: DEBUG :: BB.SERVER :: Client connected
INFO - [G] 2026-09-13 17:14:14 :: DEBUG :: BB.REQUEST :: gamestate()
INFO - [G] 2026-09-13 17:14:14 :: DEBUG :: BB.ENDPOINTS :: Init gamestate()
INFO - [G] 2026-09-13 17:14:14 :: DEBUG :: BB.ENDPOINTS :: Return gamestate()
INFO - [G] 2026-09-13 17:14:14 :: DEBUG :: BB.RESPONSE :: gamestate OK (1ms)
INFO - [G] 2026-09-13 17:14:14 :: DEBUG :: BB.SERVER :: Client connected
INFO - [G] 2026-09-13 17:14:14 :: DEBUG :: BB.REQUEST :: gamestate()
INFO - [G] 2026-09-13 17:14:14 :: DEBUG :: BB.ENDPOINTS :: Init gamestate()
INFO - [G] 2026-09-13 17:14:14 :: DEBUG :: BB.ENDPOINTS :: Return gamestate()
INFO - [G] 2026-09-13 17:14:14 :: DEBUG :: BB.RESPONSE :: gamestate OK (1ms)
INFO - [G] 2026-09-13 17:14:14 :: DEBUG :: BB.SERVER :: Client connected
INFO - [G] 2026-09-13 17:14:14 :: DEBUG :: BB.REQUEST :: gamestate()
INFO - [G] 2026-09-13 17:14:14 :: DEBUG :: BB.ENDPOINTS :: Init gamestate()
INFO - [G] 2026-09-13 17:14:14 :: DEBUG :: BB.ENDPOINTS :: Return gamestate()
INFO - [G] 2026-09-13 17:14:14 :: DEBUG :: BB.RESPONSE :: gamestate OK (1ms)
INFO - [G] 2026-09-13 17:14:14 :: DEBUG :: BB.SERVER :: Client connected
INFO - [G] 2026-09-13 17:14:14 :: DEBUG :: BB.REQUEST :: gamestate()
INFO - [G] 2026-09-13 17:14:14 :: DEBUG :: BB.ENDPOINTS :: Init gamestate()
INFO - [G] 2026-09-13 17:14:14 :: DEBUG :: BB.ENDPOINTS :: Return gamestate()
INFO - [G] 2026-09-13 17:14:14 :: DEBUG :: BB.RESPONSE :: gamestate OK (1ms)
INFO - [G] 2026-09-13 17:14:14 :: DEBUG :: BB.SERVER :: Client connected
INFO - [G] 2026-09-13 17:14:14 :: DEBUG :: BB.REQUEST :: gamestate()
INFO - [G] 2026-09-13 17:14:14 :: DEBUG :: BB.ENDPOINTS :: Init gamestate()
INFO - [G] 2026-09-13 17:14:14 :: DEBUG :: BB.ENDPOINTS :: Return gamestate()
INFO - [G] 2026-09-13 17:14:14 :: DEBUG :: BB.RESPONSE :: gamestate OK (1ms)
INFO - [G] 2026-09-13 17:14:14 :: DEBUG :: BB.SERVER :: Client connected
INFO - [G] 2026-09-13 17:14:14 :: DEBUG :: BB.REQUEST :: discard({cards=[2,3,4,5,6]})
INFO - [G] 2026-09-13 17:14:14 :: DEBUG :: BB.ENDPOINTS :: Init discard()
INFO - [G] 2026-09-13 17:14:14 :: DEBUG :: BB.ENDPOINTS :: Discarding 5 cards: 10♦, 8♠, 6♦, 5♠, 4♥ (1 discards left)
INFO - [G] 2026-09-13 17:14:16 :: DEBUG :: BB.ENDPOINTS :: Return discard()
INFO - [G] 2026-09-13 17:14:16 :: DEBUG :: BB.RESPONSE :: discard OK (1971ms)
INFO - [G] 2026-09-13 17:14:18 :: DEBUG :: BB.SERVER :: Client connected
INFO - [G] 2026-09-13 17:14:18 :: DEBUG :: BB.REQUEST :: gamestate()
INFO - [G] 2026-09-13 17:14:18 :: DEBUG :: BB.ENDPOINTS :: Init gamestate()
INFO - [G] 2026-09-13 17:14:18 :: DEBUG :: BB.ENDPOINTS :: Return gamestate()
INFO - [G] 2026-09-13 17:14:18 :: DEBUG :: BB.RESPONSE :: gamestate OK (1ms)
INFO - [G] 2026-09-13 17:14:18 :: DEBUG :: BB.SERVER :: Client connected
INFO - [G] 2026-09-13 17:14:18 :: DEBUG :: BB.REQUEST :: gamestate()
INFO - [G] 2026-09-13 17:14:18 :: DEBUG :: BB.ENDPOINTS :: Init gamestate()
INFO - [G] 2026-09-13 17:14:18 :: DEBUG :: BB.ENDPOINTS :: Return gamestate()
INFO - [G] 2026-09-13 17:14:18 :: DEBUG :: BB.RESPONSE :: gamestate OK (1ms)
INFO - [G] 2026-09-13 17:14:18 :: DEBUG :: BB.SERVER :: Client connected
INFO - [G] 2026-09-13 17:14:18 :: DEBUG :: BB.REQUEST :: gamestate()
INFO - [G] 2026-09-13 17:14:18 :: DEBUG :: BB.ENDPOINTS :: Init gamestate()
INFO - [G] 2026-09-13 17:14:18 :: DEBUG :: BB.ENDPOINTS :: Return gamestate()
INFO - [G] 2026-09-13 17:14:18 :: DEBUG :: BB.RESPONSE :: gamestate OK (1ms)
INFO - [G] 2026-09-13 17:14:18 :: DEBUG :: BB.SERVER :: Client connected
INFO - [G] 2026-09-13 17:14:18 :: DEBUG :: BB.REQUEST :: gamestate()
INFO - [G] 2026-09-13 17:14:18 :: DEBUG :: BB.ENDPOINTS :: Init gamestate()
INFO - [G] 2026-09-13 17:14:18 :: DEBUG :: BB.ENDPOINTS :: Return gamestate()
INFO - [G] 2026-09-13 17:14:18 :: DEBUG :: BB.RESPONSE :: gamestate OK (1ms)
INFO - [G] 2026-09-13 17:14:18 :: DEBUG :: BB.SERVER :: Client connected
INFO - [G] 2026-09-13 17:14:18 :: DEBUG :: BB.REQUEST :: gamestate()
INFO - [G] 2026-09-13 17:14:18 :: DEBUG :: BB.ENDPOINTS :: Init gamestate()
INFO - [G] 2026-09-13 17:14:18 :: DEBUG :: BB.ENDPOINTS :: Return gamestate()
INFO - [G] 2026-09-13 17:14:18 :: DEBUG :: BB.RESPONSE :: gamestate OK (1ms)
INFO - [G] 2026-09-13 17:14:19 :: DEBUG :: BB.SERVER :: Client connected
INFO - [G] 2026-09-13 17:14:19 :: DEBUG :: BB.REQUEST :: gamestate()
INFO - [G] 2026-09-13 17:14:19 :: DEBUG :: BB.ENDPOINTS :: Init gamestate()
INFO - [G] 2026-09-13 17:14:19 :: DEBUG :: BB.ENDPOINTS :: Return gamestate()
INFO - [G] 2026-09-13 17:14:19 :: DEBUG :: BB.RESPONSE :: gamestate OK (1ms)
INFO - [G] 2026-09-13 17:14:19 :: DEBUG :: BB.SERVER :: Client connected
INFO - [G] 2026-09-13 17:14:19 :: DEBUG :: BB.REQUEST :: discard({cards=[0,2,3,6,7]})
INFO - [G] 2026-09-13 17:14:19 :: DEBUG :: BB.ENDPOINTS :: Init discard()
INFO - [G] 2026-09-13 17:14:19 :: DEBUG :: BB.ENDPOINTS :: Discarding 5 cards: K♦, J♣, 5♦, 2♠, 2♣ (0 discards left)
INFO - [G] 2026-09-13 17:14:21 :: DEBUG :: BB.ENDPOINTS :: Return discard()
INFO - [G] 2026-09-13 17:14:21 :: DEBUG :: BB.RESPONSE :: discard OK (1972ms)
INFO - [G] 2026-09-13 17:14:22 :: DEBUG :: BB.SERVER :: Client connected
INFO - [G] 2026-09-13 17:14:22 :: DEBUG :: BB.REQUEST :: gamestate()
INFO - [G] 2026-09-13 17:14:22 :: DEBUG :: BB.ENDPOINTS :: Init gamestate()
INFO - [G] 2026-09-13 17:14:22 :: DEBUG :: BB.ENDPOINTS :: Return gamestate()
INFO - [G] 2026-09-13 17:14:22 :: DEBUG :: BB.RESPONSE :: gamestate OK (1ms)
INFO - [G] 2026-09-13 17:14:22 :: DEBUG :: BB.SERVER :: Client connected
INFO - [G] 2026-09-13 17:14:22 :: DEBUG :: BB.REQUEST :: gamestate()
INFO - [G] 2026-09-13 17:14:22 :: DEBUG :: BB.ENDPOINTS :: Init gamestate()
INFO - [G] 2026-09-13 17:14:22 :: DEBUG :: BB.ENDPOINTS :: Return gamestate()
INFO - [G] 2026-09-13 17:14:22 :: DEBUG :: BB.RESPONSE :: gamestate OK (1ms)
INFO - [G] 2026-09-13 17:14:22 :: DEBUG :: BB.SERVER :: Client connected
INFO - [G] 2026-09-13 17:14:22 :: DEBUG :: BB.REQUEST :: gamestate()
INFO - [G] 2026-09-13 17:14:22 :: DEBUG :: BB.ENDPOINTS :: Init gamestate()
INFO - [G] 2026-09-13 17:14:22 :: DEBUG :: BB.ENDPOINTS :: Return gamestate()
INFO - [G] 2026-09-13 17:14:22 :: DEBUG :: BB.RESPONSE :: gamestate OK (1ms)
INFO - [G] 2026-09-13 17:14:23 :: DEBUG :: BB.SERVER :: Client connected
INFO - [G] 2026-09-13 17:14:23 :: DEBUG :: BB.REQUEST :: gamestate()
INFO - [G] 2026-09-13 17:14:23 :: DEBUG :: BB.ENDPOINTS :: Init gamestate()
INFO - [G] 2026-09-13 17:14:23 :: DEBUG :: BB.ENDPOINTS :: Return gamestate()
INFO - [G] 2026-09-13 17:14:23 :: DEBUG :: BB.RESPONSE :: gamestate OK (0ms)
INFO - [G] 2026-09-13 17:14:23 :: DEBUG :: BB.SERVER :: Client connected
INFO - [G] 2026-09-13 17:14:23 :: DEBUG :: BB.REQUEST :: gamestate()
INFO - [G] 2026-09-13 17:14:23 :: DEBUG :: BB.ENDPOINTS :: Init gamestate()
INFO - [G] 2026-09-13 17:14:23 :: DEBUG :: BB.ENDPOINTS :: Return gamestate()
INFO - [G] 2026-09-13 17:14:23 :: DEBUG :: BB.RESPONSE :: gamestate OK (0ms)
INFO - [G] 2026-09-13 17:14:23 :: DEBUG :: BB.SERVER :: Client connected
INFO - [G] 2026-09-13 17:14:23 :: DEBUG :: BB.REQUEST :: gamestate()
INFO - [G] 2026-09-13 17:14:23 :: DEBUG :: BB.ENDPOINTS :: Init gamestate()
INFO - [G] 2026-09-13 17:14:23 :: DEBUG :: BB.ENDPOINTS :: Return gamestate()
INFO - [G] 2026-09-13 17:14:23 :: DEBUG :: BB.RESPONSE :: gamestate OK (1ms)
INFO - [G] 2026-09-13 17:14:23 :: DEBUG :: BB.SERVER :: Client connected
INFO - [G] 2026-09-13 17:14:23 :: DEBUG :: BB.REQUEST :: play({cards=[2,3,4,5,7]})
INFO - [G] 2026-09-13 17:14:23 :: DEBUG :: BB.ENDPOINTS :: Init play()
INFO - [G] 2026-09-13 17:14:23 :: DEBUG :: BB.ENDPOINTS :: Playing 5 cards: 9♥, 8♥, 6♥, 3♥, 2♥
INFO - [G] 2026-09-13 17:14:35 :: DEBUG :: BB.ENDPOINTS :: Return play() - same round
INFO - [G] 2026-09-13 17:14:35 :: DEBUG :: BB.RESPONSE :: play OK (12140ms)
INFO - [G] 2026-09-13 17:14:37 :: DEBUG :: BB.SERVER :: Client connected
INFO - [G] 2026-09-13 17:14:37 :: DEBUG :: BB.REQUEST :: gamestate()
INFO - [G] 2026-09-13 17:14:37 :: DEBUG :: BB.ENDPOINTS :: Init gamestate()
INFO - [G] 2026-09-13 17:14:37 :: DEBUG :: BB.ENDPOINTS :: Return gamestate()
INFO - [G] 2026-09-13 17:14:37 :: DEBUG :: BB.RESPONSE :: gamestate OK (1ms)
INFO - [G] 2026-09-13 17:14:37 :: DEBUG :: BB.SERVER :: Client connected
INFO - [G] 2026-09-13 17:14:37 :: DEBUG :: BB.REQUEST :: gamestate()
INFO - [G] 2026-09-13 17:14:37 :: DEBUG :: BB.ENDPOINTS :: Init gamestate()
INFO - [G] 2026-09-13 17:14:37 :: DEBUG :: BB.ENDPOINTS :: Return gamestate()
INFO - [G] 2026-09-13 17:14:37 :: DEBUG :: BB.RESPONSE :: gamestate OK (0ms)
INFO - [G] 2026-09-13 17:14:37 :: DEBUG :: BB.SERVER :: Client connected
INFO - [G] 2026-09-13 17:14:37 :: DEBUG :: BB.REQUEST :: gamestate()
INFO - [G] 2026-09-13 17:14:37 :: DEBUG :: BB.ENDPOINTS :: Init gamestate()
INFO - [G] 2026-09-13 17:14:37 :: DEBUG :: BB.ENDPOINTS :: Return gamestate()
INFO - [G] 2026-09-13 17:14:37 :: DEBUG :: BB.RESPONSE :: gamestate OK (1ms)
INFO - [G] 2026-09-13 17:14:37 :: DEBUG :: BB.SERVER :: Client connected
INFO - [G] 2026-09-13 17:14:37 :: DEBUG :: BB.REQUEST :: gamestate()
INFO - [G] 2026-09-13 17:14:37 :: DEBUG :: BB.ENDPOINTS :: Init gamestate()
INFO - [G] 2026-09-13 17:14:37 :: DEBUG :: BB.ENDPOINTS :: Return gamestate()
INFO - [G] 2026-09-13 17:14:37 :: DEBUG :: BB.RESPONSE :: gamestate OK (0ms)
INFO - [G] 2026-09-13 17:14:37 :: DEBUG :: BB.SERVER :: Client connected
INFO - [G] 2026-09-13 17:14:37 :: DEBUG :: BB.REQUEST :: gamestate()
INFO - [G] 2026-09-13 17:14:37 :: DEBUG :: BB.ENDPOINTS :: Init gamestate()
INFO - [G] 2026-09-13 17:14:37 :: DEBUG :: BB.ENDPOINTS :: Return gamestate()
INFO - [G] 2026-09-13 17:14:37 :: DEBUG :: BB.RESPONSE :: gamestate OK (0ms)
INFO - [G] 2026-09-13 17:14:37 :: DEBUG :: BB.SERVER :: Client connected
INFO - [G] 2026-09-13 17:14:37 :: DEBUG :: BB.REQUEST :: play({cards=[1,2,5,6]})
INFO - [G] 2026-09-13 17:14:37 :: DEBUG :: BB.ENDPOINTS :: Init play()
INFO - [G] 2026-09-13 17:14:37 :: DEBUG :: BB.ENDPOINTS :: Playing 4 cards: J♠, J♦, 3♣, 3♦
INFO - [G] 2026-09-13 17:14:48 :: DEBUG :: BB.ENDPOINTS :: Return play() - same round
INFO - [G] 2026-09-13 17:14:48 :: DEBUG :: BB.RESPONSE :: play OK (10662ms)
INFO - [G] 2026-09-13 17:14:49 :: DEBUG :: BB.SERVER :: Client connected
INFO - [G] 2026-09-13 17:14:49 :: DEBUG :: BB.REQUEST :: gamestate()
INFO - [G] 2026-09-13 17:14:49 :: DEBUG :: BB.ENDPOINTS :: Init gamestate()
INFO - [G] 2026-09-13 17:14:49 :: DEBUG :: BB.ENDPOINTS :: Return gamestate()
INFO - [G] 2026-09-13 17:14:49 :: DEBUG :: BB.RESPONSE :: gamestate OK (1ms)
INFO - [G] 2026-09-13 17:14:50 :: DEBUG :: BB.SERVER :: Client connected
INFO - [G] 2026-09-13 17:14:50 :: DEBUG :: BB.REQUEST :: gamestate()
INFO - [G] 2026-09-13 17:14:50 :: DEBUG :: BB.ENDPOINTS :: Init gamestate()
INFO - [G] 2026-09-13 17:14:50 :: DEBUG :: BB.ENDPOINTS :: Return gamestate()
INFO - [G] 2026-09-13 17:14:50 :: DEBUG :: BB.RESPONSE :: gamestate OK (0ms)
INFO - [G] 2026-09-13 17:14:50 :: DEBUG :: BB.SERVER :: Client connected
INFO - [G] 2026-09-13 17:14:50 :: DEBUG :: BB.REQUEST :: gamestate()
INFO - [G] 2026-09-13 17:14:50 :: DEBUG :: BB.ENDPOINTS :: Init gamestate()
INFO - [G] 2026-09-13 17:14:50 :: DEBUG :: BB.ENDPOINTS :: Return gamestate()
INFO - [G] 2026-09-13 17:14:50 :: DEBUG :: BB.RESPONSE :: gamestate OK (0ms)
INFO - [G] 2026-09-13 17:14:50 :: DEBUG :: BB.SERVER :: Client connected
INFO - [G] 2026-09-13 17:14:50 :: DEBUG :: BB.REQUEST :: gamestate()
INFO - [G] 2026-09-13 17:14:50 :: DEBUG :: BB.ENDPOINTS :: Init gamestate()
INFO - [G] 2026-09-13 17:14:50 :: DEBUG :: BB.ENDPOINTS :: Return gamestate()
INFO - [G] 2026-09-13 17:14:50 :: DEBUG :: BB.RESPONSE :: gamestate OK (0ms)
INFO - [G] 2026-09-13 17:14:50 :: DEBUG :: BB.SERVER :: Client connected
INFO - [G] 2026-09-13 17:14:50 :: DEBUG :: BB.REQUEST :: gamestate()
INFO - [G] 2026-09-13 17:14:50 :: DEBUG :: BB.ENDPOINTS :: Init gamestate()
INFO - [G] 2026-09-13 17:14:50 :: DEBUG :: BB.ENDPOINTS :: Return gamestate()
INFO - [G] 2026-09-13 17:14:50 :: DEBUG :: BB.RESPONSE :: gamestate OK (0ms)
INFO - [G] 2026-09-13 17:14:50 :: DEBUG :: BB.SERVER :: Client connected
INFO - [G] 2026-09-13 17:14:50 :: DEBUG :: BB.REQUEST :: gamestate()
INFO - [G] 2026-09-13 17:14:50 :: DEBUG :: BB.ENDPOINTS :: Init gamestate()
INFO - [G] 2026-09-13 17:14:50 :: DEBUG :: BB.ENDPOINTS :: Return gamestate()
INFO - [G] 2026-09-13 17:14:50 :: DEBUG :: BB.RESPONSE :: gamestate OK (0ms)
INFO - [G] 2026-09-13 17:14:50 :: DEBUG :: BB.SERVER :: Client connected
INFO - [G] 2026-09-13 17:14:50 :: DEBUG :: BB.REQUEST :: play({cards=[0,1,2,3,7]})
INFO - [G] 2026-09-13 17:14:50 :: DEBUG :: BB.ENDPOINTS :: Init play()
INFO - [G] 2026-09-13 17:14:50 :: DEBUG :: BB.ENDPOINTS :: Playing 5 cards: Q♦, 10♣, 9♣, 8♣, 2♦
INFO - [G] 2026-09-13 17:14:58 :: DEBUG :: BB.ENDPOINTS :: Return play() - same round
INFO - [G] 2026-09-13 17:14:58 :: DEBUG :: BB.RESPONSE :: play OK (7791ms)
INFO - [G] 2026-09-13 17:14:59 :: DEBUG :: BB.SERVER :: Client connected
INFO - [G] 2026-09-13 17:14:59 :: DEBUG :: BB.REQUEST :: gamestate()
INFO - [G] 2026-09-13 17:14:59 :: DEBUG :: BB.ENDPOINTS :: Init gamestate()
INFO - [G] 2026-09-13 17:14:59 :: DEBUG :: BB.ENDPOINTS :: Return gamestate()
INFO - [G] 2026-09-13 17:14:59 :: DEBUG :: BB.RESPONSE :: gamestate OK (0ms)
INFO - [G] 2026-09-13 17:15:00 :: DEBUG :: BB.SERVER :: Client connected
INFO - [G] 2026-09-13 17:15:00 :: DEBUG :: BB.REQUEST :: gamestate()
INFO - [G] 2026-09-13 17:15:00 :: DEBUG :: BB.ENDPOINTS :: Init gamestate()
INFO - [G] 2026-09-13 17:15:00 :: DEBUG :: BB.ENDPOINTS :: Return gamestate()
INFO - [G] 2026-09-13 17:15:00 :: DEBUG :: BB.RESPONSE :: gamestate OK (0ms)
INFO - [G] 2026-09-13 17:15:00 :: DEBUG :: BB.SERVER :: Client connected
INFO - [G] 2026-09-13 17:15:00 :: DEBUG :: BB.REQUEST :: gamestate()
INFO - [G] 2026-09-13 17:15:00 :: DEBUG :: BB.ENDPOINTS :: Init gamestate()
INFO - [G] 2026-09-13 17:15:00 :: DEBUG :: BB.ENDPOINTS :: Return gamestate()
INFO - [G] 2026-09-13 17:15:00 :: DEBUG :: BB.RESPONSE :: gamestate OK (0ms)
INFO - [G] 2026-09-13 17:15:00 :: DEBUG :: BB.SERVER :: Client connected
INFO - [G] 2026-09-13 17:15:00 :: DEBUG :: BB.REQUEST :: play({cards=[3,4]})
INFO - [G] 2026-09-13 17:15:00 :: DEBUG :: BB.ENDPOINTS :: Init play()
INFO - [G] 2026-09-13 17:15:00 :: DEBUG :: BB.ENDPOINTS :: Playing 2 cards: 7♥, 7♦
INFO - [G] 2026-09-13 17:15:07 :: DEBUG :: BB.RESPONSE :: play OK (7074ms)
INFO - [G] 2026-09-13 17:15:08 :: DEBUG :: BB.SERVER :: Client connected
INFO - [G] 2026-09-13 17:15:08 :: DEBUG :: BB.REQUEST :: gamestate()
INFO - [G] 2026-09-13 17:15:08 :: DEBUG :: BB.ENDPOINTS :: Init gamestate()
INFO - [G] 2026-09-13 17:15:08 :: DEBUG :: BB.ENDPOINTS :: Return gamestate()
INFO - [G] 2026-09-13 17:15:08 :: DEBUG :: BB.RESPONSE :: gamestate OK (0ms)
INFO - [G] 2026-09-13 17:15:10 :: DEBUG :: BB.SERVER :: Client connected
INFO - [G] 2026-09-13 17:15:10 :: DEBUG :: BB.REQUEST :: health()
INFO - [G] 2026-09-13 17:15:10 :: DEBUG :: BB.ENDPOINTS :: Init health()
INFO - [G] 2026-09-13 17:15:10 :: DEBUG :: BB.ENDPOINTS :: Return health()
INFO - [G] 2026-09-13 17:15:10 :: DEBUG :: BB.RESPONSE :: health OK (0ms)
INFO - [G] 2026-09-13 17:15:11 :: DEBUG :: BB.SERVER :: Client connected
INFO - [G] 2026-09-13 17:15:11 :: DEBUG :: BB.REQUEST :: menu()
INFO - [G] 2026-09-13 17:15:11 :: DEBUG :: BB.ENDPOINTS :: Init menu()
INFO - [G] 2026-09-13 17:15:15 :: DEBUG :: BB.ENDPOINTS :: Return menu()
INFO - [G] 2026-09-13 17:15:15 :: DEBUG :: BB.RESPONSE :: menu OK (3868ms)
INFO - [G] 2026-09-13 17:15:15 :: DEBUG :: BB.SERVER :: Client connected
INFO - [G] 2026-09-13 17:15:15 :: DEBUG :: BB.REQUEST :: start({deck="RED", stake="WHITE"})
INFO - [G] 2026-09-13 17:15:15 :: DEBUG :: BB.ENDPOINTS :: Init start()
INFO - [G] 2026-09-13 17:15:15 :: DEBUG :: BB.ENDPOINTS :: Setting deck to: Red Deck (from enum: RED)
INFO - [G] 2026-09-13 17:15:15 :: DEBUG :: BB.ENDPOINTS :: Starting run with stake=1 (WHITE), seed=none
INFO - [G] 2026-09-13 17:15:18 :: DEBUG :: BB.ENDPOINTS :: Return start()
INFO - [G] 2026-09-13 17:15:18 :: DEBUG :: BB.RESPONSE :: start OK (3073ms)
INFO - [G] 2026-09-13 17:15:18 :: DEBUG :: BB.SERVER :: Client connected
INFO - [G] 2026-09-13 17:15:18 :: DEBUG :: BB.REQUEST :: gamestate()
INFO - [G] 2026-09-13 17:15:18 :: DEBUG :: BB.ENDPOINTS :: Init gamestate()
INFO - [G] 2026-09-13 17:15:18 :: DEBUG :: BB.ENDPOINTS :: Return gamestate()
INFO - [G] 2026-09-13 17:15:18 :: DEBUG :: BB.RESPONSE :: gamestate OK (1ms)
INFO - [G] 2026-09-13 17:15:18 :: DEBUG :: BB.SERVER :: Client connected
INFO - [G] 2026-09-13 17:15:18 :: DEBUG :: BB.REQUEST :: select()
INFO - [G] 2026-09-13 17:15:18 :: DEBUG :: BB.ENDPOINTS :: Init select()
INFO - [G] 2026-09-13 17:15:18 :: DEBUG :: BB.ENDPOINTS :: Selecting Small (Small Blind), chips required: ?
INFO - [G] 2026-09-13 17:15:21 :: DEBUG :: BB.ENDPOINTS :: Return select()
INFO - [G] 2026-09-13 17:15:21 :: DEBUG :: BB.RESPONSE :: select OK (3177ms)
INFO - [G] 2026-09-13 17:15:23 :: DEBUG :: BB.SERVER :: Client connected
INFO - [G] 2026-09-13 17:15:23 :: DEBUG :: BB.REQUEST :: gamestate()
INFO - [G] 2026-09-13 17:15:23 :: DEBUG :: BB.ENDPOINTS :: Init gamestate()
INFO - [G] 2026-09-13 17:15:23 :: DEBUG :: BB.ENDPOINTS :: Return gamestate()
INFO - [G] 2026-09-13 17:15:23 :: DEBUG :: BB.RESPONSE :: gamestate OK (1ms)
INFO - [G] 2026-09-13 17:15:23 :: DEBUG :: BB.SERVER :: Client connected
INFO - [G] 2026-09-13 17:15:23 :: DEBUG :: BB.REQUEST :: gamestate()
INFO - [G] 2026-09-13 17:15:23 :: DEBUG :: BB.ENDPOINTS :: Init gamestate()
INFO - [G] 2026-09-13 17:15:23 :: DEBUG :: BB.ENDPOINTS :: Return gamestate()
INFO - [G] 2026-09-13 17:15:23 :: DEBUG :: BB.RESPONSE :: gamestate OK (1ms)
INFO - [G] 2026-09-13 17:15:23 :: DEBUG :: BB.SERVER :: Client connected
INFO - [G] 2026-09-13 17:15:23 :: DEBUG :: BB.REQUEST :: gamestate()
INFO - [G] 2026-09-13 17:15:23 :: DEBUG :: BB.ENDPOINTS :: Init gamestate()
INFO - [G] 2026-09-13 17:15:23 :: DEBUG :: BB.ENDPOINTS :: Return gamestate()
INFO - [G] 2026-09-13 17:15:23 :: DEBUG :: BB.RESPONSE :: gamestate OK (1ms)
INFO - [G] 2026-09-13 17:15:23 :: DEBUG :: BB.SERVER :: Client connected
INFO - [G] 2026-09-13 17:15:23 :: DEBUG :: BB.REQUEST :: gamestate()
INFO - [G] 2026-09-13 17:15:23 :: DEBUG :: BB.ENDPOINTS :: Init gamestate()
INFO - [G] 2026-09-13 17:15:23 :: DEBUG :: BB.ENDPOINTS :: Return gamestate()
INFO - [G] 2026-09-13 17:15:23 :: DEBUG :: BB.RESPONSE :: gamestate OK (1ms)
INFO - [G] 2026-09-13 17:15:23 :: DEBUG :: BB.SERVER :: Client connected
INFO - [G] 2026-09-13 17:15:23 :: DEBUG :: BB.REQUEST :: gamestate()
INFO - [G] 2026-09-13 17:15:23 :: DEBUG :: BB.ENDPOINTS :: Init gamestate()
INFO - [G] 2026-09-13 17:15:23 :: DEBUG :: BB.ENDPOINTS :: Return gamestate()
INFO - [G] 2026-09-13 17:15:23 :: DEBUG :: BB.RESPONSE :: gamestate OK (1ms)
INFO - [G] 2026-09-13 17:15:23 :: DEBUG :: BB.SERVER :: Client connected
INFO - [G] 2026-09-13 17:15:23 :: DEBUG :: BB.REQUEST :: gamestate()
INFO - [G] 2026-09-13 17:15:23 :: DEBUG :: BB.ENDPOINTS :: Init gamestate()
INFO - [G] 2026-09-13 17:15:23 :: DEBUG :: BB.ENDPOINTS :: Return gamestate()
INFO - [G] 2026-09-13 17:15:23 :: DEBUG :: BB.RESPONSE :: gamestate OK (1ms)
INFO - [G] 2026-09-13 17:15:23 :: DEBUG :: BB.SERVER :: Client connected
INFO - [G] 2026-09-13 17:15:23 :: DEBUG :: BB.REQUEST :: discard({cards=[0,3,4,5,6]})
INFO - [G] 2026-09-13 17:15:23 :: DEBUG :: BB.ENDPOINTS :: Init discard()
INFO - [G] 2026-09-13 17:15:23 :: DEBUG :: BB.ENDPOINTS :: Discarding 5 cards: K♥, J♦, 8♦, 5♠, 4♥ (3 discards left)
INFO - [G] 2026-09-13 17:15:25 :: DEBUG :: BB.ENDPOINTS :: Return discard()
INFO - [G] 2026-09-13 17:15:25 :: DEBUG :: BB.RESPONSE :: discard OK (1974ms)
INFO - [G] 2026-09-13 17:15:27 :: DEBUG :: BB.SERVER :: Client connected
INFO - [G] 2026-09-13 17:15:27 :: DEBUG :: BB.REQUEST :: gamestate()
INFO - [G] 2026-09-13 17:15:27 :: DEBUG :: BB.ENDPOINTS :: Init gamestate()
INFO - [G] 2026-09-13 17:15:27 :: DEBUG :: BB.ENDPOINTS :: Return gamestate()
INFO - [G] 2026-09-13 17:15:27 :: DEBUG :: BB.RESPONSE :: gamestate OK (1ms)
INFO - [G] 2026-09-13 17:15:27 :: DEBUG :: BB.SERVER :: Client connected
INFO - [G] 2026-09-13 17:15:27 :: DEBUG :: BB.REQUEST :: gamestate()
INFO - [G] 2026-09-13 17:15:27 :: DEBUG :: BB.ENDPOINTS :: Init gamestate()
INFO - [G] 2026-09-13 17:15:27 :: DEBUG :: BB.ENDPOINTS :: Return gamestate()
INFO - [G] 2026-09-13 17:15:27 :: DEBUG :: BB.RESPONSE :: gamestate OK (1ms)
INFO - [G] 2026-09-13 17:15:27 :: DEBUG :: BB.SERVER :: Client connected
INFO - [G] 2026-09-13 17:15:27 :: DEBUG :: BB.REQUEST :: gamestate()
INFO - [G] 2026-09-13 17:15:27 :: DEBUG :: BB.ENDPOINTS :: Init gamestate()
INFO - [G] 2026-09-13 17:15:27 :: DEBUG :: BB.ENDPOINTS :: Return gamestate()
INFO - [G] 2026-09-13 17:15:27 :: DEBUG :: BB.RESPONSE :: gamestate OK (1ms)
INFO - [G] 2026-09-13 17:15:27 :: DEBUG :: BB.SERVER :: Client connected
INFO - [G] 2026-09-13 17:15:27 :: DEBUG :: BB.REQUEST :: gamestate()
INFO - [G] 2026-09-13 17:15:27 :: DEBUG :: BB.ENDPOINTS :: Init gamestate()
INFO - [G] 2026-09-13 17:15:27 :: DEBUG :: BB.ENDPOINTS :: Return gamestate()
INFO - [G] 2026-09-13 17:15:27 :: DEBUG :: BB.RESPONSE :: gamestate OK (1ms)
INFO - [G] 2026-09-13 17:15:27 :: DEBUG :: BB.SERVER :: Client connected
INFO - [G] 2026-09-13 17:15:27 :: DEBUG :: BB.REQUEST :: gamestate()
INFO - [G] 2026-09-13 17:15:27 :: DEBUG :: BB.ENDPOINTS :: Init gamestate()
INFO - [G] 2026-09-13 17:15:27 :: DEBUG :: BB.ENDPOINTS :: Return gamestate()
INFO - [G] 2026-09-13 17:15:27 :: DEBUG :: BB.RESPONSE :: gamestate OK (1ms)
INFO - [G] 2026-09-13 17:15:28 :: DEBUG :: BB.SERVER :: Client connected
INFO - [G] 2026-09-13 17:15:28 :: DEBUG :: BB.REQUEST :: play({cards=[0,1,3,4]})
INFO - [G] 2026-09-13 17:15:28 :: DEBUG :: BB.ENDPOINTS :: Init play()
INFO - [G] 2026-09-13 17:15:28 :: DEBUG :: BB.ENDPOINTS :: Playing 4 cards: Q♠, Q♣, 7♥, 7♣
INFO - [G] 2026-09-13 17:15:38 :: DEBUG :: BB.ENDPOINTS :: Return play() - same round
INFO - [G] 2026-09-13 17:15:38 :: DEBUG :: BB.RESPONSE :: play OK (10637ms)
INFO - [G] 2026-09-13 17:15:40 :: DEBUG :: BB.SERVER :: Client connected
INFO - [G] 2026-09-13 17:15:40 :: DEBUG :: BB.REQUEST :: gamestate()
INFO - [G] 2026-09-13 17:15:40 :: DEBUG :: BB.ENDPOINTS :: Init gamestate()
INFO - [G] 2026-09-13 17:15:40 :: DEBUG :: BB.ENDPOINTS :: Return gamestate()
INFO - [G] 2026-09-13 17:15:40 :: DEBUG :: BB.RESPONSE :: gamestate OK (1ms)
INFO - [G] 2026-09-13 17:15:40 :: DEBUG :: BB.SERVER :: Client connected
INFO - [G] 2026-09-13 17:15:40 :: DEBUG :: BB.REQUEST :: gamestate()
INFO - [G] 2026-09-13 17:15:40 :: DEBUG :: BB.ENDPOINTS :: Init gamestate()
INFO - [G] 2026-09-13 17:15:40 :: DEBUG :: BB.ENDPOINTS :: Return gamestate()
INFO - [G] 2026-09-13 17:15:40 :: DEBUG :: BB.RESPONSE :: gamestate OK (1ms)
INFO - [G] 2026-09-13 17:15:40 :: DEBUG :: BB.SERVER :: Client connected
INFO - [G] 2026-09-13 17:15:40 :: DEBUG :: BB.REQUEST :: gamestate()
INFO - [G] 2026-09-13 17:15:40 :: DEBUG :: BB.ENDPOINTS :: Init gamestate()
INFO - [G] 2026-09-13 17:15:40 :: DEBUG :: BB.ENDPOINTS :: Return gamestate()
INFO - [G] 2026-09-13 17:15:40 :: DEBUG :: BB.RESPONSE :: gamestate OK (1ms)
INFO - [G] 2026-09-13 17:15:40 :: DEBUG :: BB.SERVER :: Client connected
INFO - [G] 2026-09-13 17:15:40 :: DEBUG :: BB.REQUEST :: gamestate()
INFO - [G] 2026-09-13 17:15:40 :: DEBUG :: BB.ENDPOINTS :: Init gamestate()
INFO - [G] 2026-09-13 17:15:40 :: DEBUG :: BB.ENDPOINTS :: Return gamestate()
INFO - [G] 2026-09-13 17:15:40 :: DEBUG :: BB.RESPONSE :: gamestate OK (1ms)
INFO - [G] 2026-09-13 17:15:40 :: DEBUG :: BB.SERVER :: Client connected
INFO - [G] 2026-09-13 17:15:40 :: DEBUG :: BB.REQUEST :: gamestate()
INFO - [G] 2026-09-13 17:15:40 :: DEBUG :: BB.ENDPOINTS :: Init gamestate()
INFO - [G] 2026-09-13 17:15:40 :: DEBUG :: BB.ENDPOINTS :: Return gamestate()
INFO - [G] 2026-09-13 17:15:40 :: DEBUG :: BB.RESPONSE :: gamestate OK (1ms)
INFO - [G] 2026-09-13 17:15:40 :: DEBUG :: BB.SERVER :: Client connected
INFO - [G] 2026-09-13 17:15:40 :: DEBUG :: BB.REQUEST :: play({cards=[2,3,4,5]})
INFO - [G] 2026-09-13 17:15:40 :: DEBUG :: BB.ENDPOINTS :: Init play()
INFO - [G] 2026-09-13 17:15:40 :: DEBUG :: BB.ENDPOINTS :: Playing 4 cards: 8♥, 8♣, 6♥, 6♦
INFO - [G] 2026-09-13 17:15:51 :: DEBUG :: BB.ENDPOINTS :: Return play() - same round
INFO - [G] 2026-09-13 17:15:51 :: DEBUG :: BB.RESPONSE :: play OK (10667ms)
INFO - [G] 2026-09-13 17:15:53 :: DEBUG :: BB.SERVER :: Client connected
INFO - [G] 2026-09-13 17:15:53 :: DEBUG :: BB.REQUEST :: gamestate()
INFO - [G] 2026-09-13 17:15:53 :: DEBUG :: BB.ENDPOINTS :: Init gamestate()
INFO - [G] 2026-09-13 17:15:53 :: DEBUG :: BB.ENDPOINTS :: Return gamestate()
INFO - [G] 2026-09-13 17:15:53 :: DEBUG :: BB.RESPONSE :: gamestate OK (1ms)
INFO - [G] 2026-09-13 17:15:53 :: DEBUG :: BB.SERVER :: Client connected
INFO - [G] 2026-09-13 17:15:53 :: DEBUG :: BB.REQUEST :: gamestate()
INFO - [G] 2026-09-13 17:15:53 :: DEBUG :: BB.ENDPOINTS :: Init gamestate()
INFO - [G] 2026-09-13 17:15:53 :: DEBUG :: BB.ENDPOINTS :: Return gamestate()
INFO - [G] 2026-09-13 17:15:53 :: DEBUG :: BB.RESPONSE :: gamestate OK (1ms)
INFO - [G] 2026-09-13 17:15:53 :: DEBUG :: BB.SERVER :: Client connected
INFO - [G] 2026-09-13 17:15:53 :: DEBUG :: BB.REQUEST :: gamestate()
INFO - [G] 2026-09-13 17:15:53 :: DEBUG :: BB.ENDPOINTS :: Init gamestate()
INFO - [G] 2026-09-13 17:15:53 :: DEBUG :: BB.ENDPOINTS :: Return gamestate()
INFO - [G] 2026-09-13 17:15:53 :: DEBUG :: BB.RESPONSE :: gamestate OK (1ms)
INFO - [G] 2026-09-13 17:15:53 :: DEBUG :: BB.SERVER :: Client connected
INFO - [G] 2026-09-13 17:15:53 :: DEBUG :: BB.REQUEST :: gamestate()
INFO - [G] 2026-09-13 17:15:53 :: DEBUG :: BB.ENDPOINTS :: Init gamestate()
INFO - [G] 2026-09-13 17:15:53 :: DEBUG :: BB.ENDPOINTS :: Return gamestate()
INFO - [G] 2026-09-13 17:15:53 :: DEBUG :: BB.RESPONSE :: gamestate OK (1ms)
INFO - [G] 2026-09-13 17:15:53 :: DEBUG :: BB.SERVER :: Client connected
INFO - [G] 2026-09-13 17:15:53 :: DEBUG :: BB.REQUEST :: gamestate()
INFO - [G] 2026-09-13 17:15:53 :: DEBUG :: BB.ENDPOINTS :: Init gamestate()
INFO - [G] 2026-09-13 17:15:53 :: DEBUG :: BB.ENDPOINTS :: Return gamestate()
INFO - [G] 2026-09-13 17:15:53 :: DEBUG :: BB.RESPONSE :: gamestate OK (1ms)
INFO - [G] 2026-09-13 17:15:53 :: DEBUG :: BB.SERVER :: Client connected
INFO - [G] 2026-09-13 17:15:53 :: DEBUG :: BB.REQUEST :: play({cards=[4,5,6,7]})
INFO - [G] 2026-09-13 17:15:53 :: DEBUG :: BB.ENDPOINTS :: Init play()
INFO - [G] 2026-09-13 17:15:53 :: DEBUG :: BB.ENDPOINTS :: Playing 4 cards: 3♥, 3♦, 2♠, 2♥
INFO - [G] 2026-09-13 17:16:04 :: DEBUG :: BB.ENDPOINTS :: Return play() - same round
INFO - [G] 2026-09-13 17:16:04 :: DEBUG :: BB.RESPONSE :: play OK (10676ms)
INFO - [G] 2026-09-13 17:16:05 :: DEBUG :: BB.SERVER :: Client connected
INFO - [G] 2026-09-13 17:16:05 :: DEBUG :: BB.REQUEST :: gamestate()
INFO - [G] 2026-09-13 17:16:05 :: DEBUG :: BB.ENDPOINTS :: Init gamestate()
INFO - [G] 2026-09-13 17:16:05 :: DEBUG :: BB.ENDPOINTS :: Return gamestate()
INFO - [G] 2026-09-13 17:16:05 :: DEBUG :: BB.RESPONSE :: gamestate OK (1ms)
INFO - [G] 2026-09-13 17:16:06 :: DEBUG :: BB.SERVER :: Client connected
INFO - [G] 2026-09-13 17:16:06 :: DEBUG :: BB.REQUEST :: gamestate()
INFO - [G] 2026-09-13 17:16:06 :: DEBUG :: BB.ENDPOINTS :: Init gamestate()
INFO - [G] 2026-09-13 17:16:06 :: DEBUG :: BB.ENDPOINTS :: Return gamestate()
INFO - [G] 2026-09-13 17:16:06 :: DEBUG :: BB.RESPONSE :: gamestate OK (1ms)
INFO - [G] 2026-09-13 17:16:06 :: DEBUG :: BB.SERVER :: Client connected
INFO - [G] 2026-09-13 17:16:06 :: DEBUG :: BB.REQUEST :: gamestate()
INFO - [G] 2026-09-13 17:16:06 :: DEBUG :: BB.ENDPOINTS :: Init gamestate()
INFO - [G] 2026-09-13 17:16:06 :: DEBUG :: BB.ENDPOINTS :: Return gamestate()
INFO - [G] 2026-09-13 17:16:06 :: DEBUG :: BB.RESPONSE :: gamestate OK (1ms)
INFO - [G] 2026-09-13 17:16:06 :: DEBUG :: BB.SERVER :: Client connected
INFO - [G] 2026-09-13 17:16:06 :: DEBUG :: BB.REQUEST :: gamestate()
INFO - [G] 2026-09-13 17:16:06 :: DEBUG :: BB.ENDPOINTS :: Init gamestate()
INFO - [G] 2026-09-13 17:16:06 :: DEBUG :: BB.ENDPOINTS :: Return gamestate()
INFO - [G] 2026-09-13 17:16:06 :: DEBUG :: BB.RESPONSE :: gamestate OK (1ms)
INFO - [G] 2026-09-13 17:16:06 :: DEBUG :: BB.SERVER :: Client connected
INFO - [G] 2026-09-13 17:16:06 :: DEBUG :: BB.REQUEST :: gamestate()
INFO - [G] 2026-09-13 17:16:06 :: DEBUG :: BB.ENDPOINTS :: Init gamestate()
INFO - [G] 2026-09-13 17:16:06 :: DEBUG :: BB.ENDPOINTS :: Return gamestate()
INFO - [G] 2026-09-13 17:16:06 :: DEBUG :: BB.RESPONSE :: gamestate OK (1ms)
INFO - [G] 2026-09-13 17:16:06 :: DEBUG :: BB.SERVER :: Client connected
INFO - [G] 2026-09-13 17:16:06 :: DEBUG :: BB.REQUEST :: gamestate()
INFO - [G] 2026-09-13 17:16:06 :: DEBUG :: BB.ENDPOINTS :: Init gamestate()
INFO - [G] 2026-09-13 17:16:06 :: DEBUG :: BB.ENDPOINTS :: Return gamestate()
INFO - [G] 2026-09-13 17:16:06 :: DEBUG :: BB.RESPONSE :: gamestate OK (1ms)
INFO - [G] 2026-09-13 17:16:06 :: DEBUG :: BB.SERVER :: Client connected
INFO - [G] 2026-09-13 17:16:06 :: DEBUG :: BB.REQUEST :: discard({cards=[1,2,3,4,5]})
INFO - [G] 2026-09-13 17:16:06 :: DEBUG :: BB.ENDPOINTS :: Init discard()
INFO - [G] 2026-09-13 17:16:06 :: DEBUG :: BB.ENDPOINTS :: Discarding 5 cards: J♠, 9♦, 8♠, 7♠, 5♣ (2 discards left)
INFO - [G] 2026-09-13 17:16:08 :: DEBUG :: BB.ENDPOINTS :: Return discard()
INFO - [G] 2026-09-13 17:16:08 :: DEBUG :: BB.RESPONSE :: discard OK (1798ms)
INFO - [G] 2026-09-13 17:16:09 :: DEBUG :: BB.SERVER :: Client connected
INFO - [G] 2026-09-13 17:16:09 :: DEBUG :: BB.REQUEST :: gamestate()
INFO - [G] 2026-09-13 17:16:09 :: DEBUG :: BB.ENDPOINTS :: Init gamestate()
INFO - [G] 2026-09-13 17:16:09 :: DEBUG :: BB.ENDPOINTS :: Return gamestate()
INFO - [G] 2026-09-13 17:16:09 :: DEBUG :: BB.RESPONSE :: gamestate OK (1ms)
INFO - [G] 2026-09-13 17:16:10 :: DEBUG :: BB.SERVER :: Client connected
INFO - [G] 2026-09-13 17:16:10 :: DEBUG :: BB.REQUEST :: gamestate()
INFO - [G] 2026-09-13 17:16:10 :: DEBUG :: BB.ENDPOINTS :: Init gamestate()
INFO - [G] 2026-09-13 17:16:10 :: DEBUG :: BB.ENDPOINTS :: Return gamestate()
INFO - [G] 2026-09-13 17:16:10 :: DEBUG :: BB.RESPONSE :: gamestate OK (0ms)
INFO - [G] 2026-09-13 17:16:10 :: DEBUG :: BB.SERVER :: Client connected
INFO - [G] 2026-09-13 17:16:10 :: DEBUG :: BB.REQUEST :: gamestate()
INFO - [G] 2026-09-13 17:16:10 :: DEBUG :: BB.ENDPOINTS :: Init gamestate()
INFO - [G] 2026-09-13 17:16:10 :: DEBUG :: BB.ENDPOINTS :: Return gamestate()
INFO - [G] 2026-09-13 17:16:10 :: DEBUG :: BB.RESPONSE :: gamestate OK (1ms)
INFO - [G] 2026-09-13 17:16:10 :: DEBUG :: BB.SERVER :: Client connected
INFO - [G] 2026-09-13 17:16:10 :: DEBUG :: BB.REQUEST :: play({cards=[5,6]})
INFO - [G] 2026-09-13 17:16:10 :: DEBUG :: BB.ENDPOINTS :: Init play()
INFO - [G] 2026-09-13 17:16:10 :: DEBUG :: BB.ENDPOINTS :: Playing 2 cards: 4♠, 4♣
INFO - [G] 2026-09-13 17:16:23 :: DEBUG :: BB.ENDPOINTS :: Return play() - cash out
INFO - [G] 2026-09-13 17:16:23 :: DEBUG :: BB.RESPONSE :: play OK (12811ms)
INFO - [G] 2026-09-13 17:16:24 :: DEBUG :: BB.SERVER :: Client connected
INFO - [G] 2026-09-13 17:16:24 :: DEBUG :: BB.REQUEST :: gamestate()
INFO - [G] 2026-09-13 17:16:24 :: DEBUG :: BB.ENDPOINTS :: Init gamestate()
INFO - [G] 2026-09-13 17:16:24 :: DEBUG :: BB.ENDPOINTS :: Return gamestate()
INFO - [G] 2026-09-13 17:16:24 :: DEBUG :: BB.RESPONSE :: gamestate OK (1ms)
INFO - [G] 2026-09-13 17:16:24 :: DEBUG :: BB.SERVER :: Client connected
INFO - [G] 2026-09-13 17:16:24 :: DEBUG :: BB.REQUEST :: cash_out()
INFO - [G] 2026-09-13 17:16:24 :: DEBUG :: BB.ENDPOINTS :: Init cash_out()
INFO - [G] 2026-09-13 17:16:26 :: DEBUG :: BB.ENDPOINTS :: Return cash_out() - reached SHOP state
INFO - [G] 2026-09-13 17:16:26 :: DEBUG :: BB.RESPONSE :: cash_out OK (1757ms)
INFO - [G] 2026-09-13 17:16:27 :: DEBUG :: BB.SERVER :: Client connected
INFO - [G] 2026-09-13 17:16:27 :: DEBUG :: BB.REQUEST :: gamestate()
INFO - [G] 2026-09-13 17:16:27 :: DEBUG :: BB.ENDPOINTS :: Init gamestate()
INFO - [G] 2026-09-13 17:16:27 :: DEBUG :: BB.ENDPOINTS :: Return gamestate()
INFO - [G] 2026-09-13 17:16:27 :: DEBUG :: BB.RESPONSE :: gamestate OK (1ms)
INFO - [G] 2026-09-13 17:16:27 :: DEBUG :: BB.SERVER :: Client connected
INFO - [G] 2026-09-13 17:16:27 :: DEBUG :: BB.REQUEST :: next_round()
INFO - [G] 2026-09-13 17:16:27 :: DEBUG :: BB.ENDPOINTS :: Init next_round()
INFO - [G] 2026-09-13 17:16:28 :: DEBUG :: BB.ENDPOINTS :: Return next_round() - reached BLIND_SELECT state
INFO - [G] 2026-09-13 17:16:28 :: DEBUG :: BB.RESPONSE :: next_round OK (625ms)
INFO - [G] 2026-09-13 17:16:30 :: DEBUG :: BB.SERVER :: Client connected
INFO - [G] 2026-09-13 17:16:30 :: DEBUG :: BB.REQUEST :: gamestate()
INFO - [G] 2026-09-13 17:16:30 :: DEBUG :: BB.ENDPOINTS :: Init gamestate()
INFO - [G] 2026-09-13 17:16:30 :: DEBUG :: BB.ENDPOINTS :: Return gamestate()
INFO - [G] 2026-09-13 17:16:30 :: DEBUG :: BB.RESPONSE :: gamestate OK (1ms)
INFO - [G] 2026-09-13 17:16:30 :: DEBUG :: BB.SERVER :: Client connected
INFO - [G] 2026-09-13 17:16:30 :: DEBUG :: BB.REQUEST :: select()
INFO - [G] 2026-09-13 17:16:30 :: DEBUG :: BB.ENDPOINTS :: Init select()
INFO - [G] 2026-09-13 17:16:30 :: DEBUG :: BB.ENDPOINTS :: Selecting Big (Big Blind), chips required: ?
INFO - [G] 2026-09-13 17:16:33 :: DEBUG :: BB.ENDPOINTS :: Return select()
INFO - [G] 2026-09-13 17:16:33 :: DEBUG :: BB.RESPONSE :: select OK (3026ms)
INFO - [G] 2026-09-13 17:16:34 :: DEBUG :: BB.SERVER :: Client connected
INFO - [G] 2026-09-13 17:16:34 :: DEBUG :: BB.REQUEST :: gamestate()
INFO - [G] 2026-09-13 17:16:34 :: DEBUG :: BB.ENDPOINTS :: Init gamestate()
INFO - [G] 2026-09-13 17:16:34 :: DEBUG :: BB.ENDPOINTS :: Return gamestate()
INFO - [G] 2026-09-13 17:16:34 :: DEBUG :: BB.RESPONSE :: gamestate OK (1ms)
INFO - [G] 2026-09-13 17:16:34 :: DEBUG :: BB.SERVER :: Client connected
INFO - [G] 2026-09-13 17:16:34 :: DEBUG :: BB.REQUEST :: gamestate()
INFO - [G] 2026-09-13 17:16:34 :: DEBUG :: BB.ENDPOINTS :: Init gamestate()
INFO - [G] 2026-09-13 17:16:34 :: DEBUG :: BB.ENDPOINTS :: Return gamestate()
INFO - [G] 2026-09-13 17:16:34 :: DEBUG :: BB.RESPONSE :: gamestate OK (1ms)
INFO - [G] 2026-09-13 17:16:34 :: DEBUG :: BB.SERVER :: Client connected
INFO - [G] 2026-09-13 17:16:34 :: DEBUG :: BB.REQUEST :: gamestate()
INFO - [G] 2026-09-13 17:16:34 :: DEBUG :: BB.ENDPOINTS :: Init gamestate()
INFO - [G] 2026-09-13 17:16:34 :: DEBUG :: BB.ENDPOINTS :: Return gamestate()
INFO - [G] 2026-09-13 17:16:34 :: DEBUG :: BB.RESPONSE :: gamestate OK (1ms)
INFO - [G] 2026-09-13 17:16:34 :: DEBUG :: BB.SERVER :: Client connected
INFO - [G] 2026-09-13 17:16:34 :: DEBUG :: BB.REQUEST :: gamestate()
INFO - [G] 2026-09-13 17:16:34 :: DEBUG :: BB.ENDPOINTS :: Init gamestate()
INFO - [G] 2026-09-13 17:16:34 :: DEBUG :: BB.ENDPOINTS :: Return gamestate()
INFO - [G] 2026-09-13 17:16:34 :: DEBUG :: BB.RESPONSE :: gamestate OK (1ms)
INFO - [G] 2026-09-13 17:16:35 :: DEBUG :: BB.SERVER :: Client connected
INFO - [G] 2026-09-13 17:16:35 :: DEBUG :: BB.REQUEST :: gamestate()
INFO - [G] 2026-09-13 17:16:35 :: DEBUG :: BB.ENDPOINTS :: Init gamestate()
INFO - [G] 2026-09-13 17:16:35 :: DEBUG :: BB.ENDPOINTS :: Return gamestate()
INFO - [G] 2026-09-13 17:16:35 :: DEBUG :: BB.RESPONSE :: gamestate OK (1ms)
INFO - [G] 2026-09-13 17:16:35 :: DEBUG :: BB.SERVER :: Client connected
INFO - [G] 2026-09-13 17:16:35 :: DEBUG :: BB.REQUEST :: gamestate()
INFO - [G] 2026-09-13 17:16:35 :: DEBUG :: BB.ENDPOINTS :: Init gamestate()
INFO - [G] 2026-09-13 17:16:35 :: DEBUG :: BB.ENDPOINTS :: Return gamestate()
INFO - [G] 2026-09-13 17:16:35 :: DEBUG :: BB.RESPONSE :: gamestate OK (1ms)
INFO - [G] 2026-09-13 17:16:35 :: DEBUG :: BB.SERVER :: Client connected
INFO - [G] 2026-09-13 17:16:35 :: DEBUG :: BB.REQUEST :: play({cards=[3,4,5,6,7]})
INFO - [G] 2026-09-13 17:16:35 :: DEBUG :: BB.ENDPOINTS :: Init play()
INFO - [G] 2026-09-13 17:16:35 :: DEBUG :: BB.ENDPOINTS :: Playing 5 cards: 6♦, 5♠, 4♣, 3♥, 2♣
INFO - [G] 2026-09-13 17:16:47 :: DEBUG :: BB.ENDPOINTS :: Return play() - same round
INFO - [G] 2026-09-13 17:16:47 :: DEBUG :: BB.RESPONSE :: play OK (11796ms)
INFO - [G] 2026-09-13 17:16:48 :: DEBUG :: BB.SERVER :: Client connected
INFO - [G] 2026-09-13 17:16:48 :: DEBUG :: BB.REQUEST :: gamestate()
INFO - [G] 2026-09-13 17:16:48 :: DEBUG :: BB.ENDPOINTS :: Init gamestate()
INFO - [G] 2026-09-13 17:16:48 :: DEBUG :: BB.ENDPOINTS :: Return gamestate()
INFO - [G] 2026-09-13 17:16:48 :: DEBUG :: BB.RESPONSE :: gamestate OK (1ms)
INFO - [G] 2026-09-13 17:16:48 :: DEBUG :: BB.SERVER :: Client connected
INFO - [G] 2026-09-13 17:16:48 :: DEBUG :: BB.REQUEST :: gamestate()
INFO - [G] 2026-09-13 17:16:48 :: DEBUG :: BB.ENDPOINTS :: Init gamestate()
INFO - [G] 2026-09-13 17:16:48 :: DEBUG :: BB.ENDPOINTS :: Return gamestate()
INFO - [G] 2026-09-13 17:16:48 :: DEBUG :: BB.RESPONSE :: gamestate OK (1ms)
INFO - [G] 2026-09-13 17:16:48 :: DEBUG :: BB.SERVER :: Client connected
INFO - [G] 2026-09-13 17:16:48 :: DEBUG :: BB.REQUEST :: gamestate()
INFO - [G] 2026-09-13 17:16:48 :: DEBUG :: BB.ENDPOINTS :: Init gamestate()
INFO - [G] 2026-09-13 17:16:48 :: DEBUG :: BB.ENDPOINTS :: Return gamestate()
INFO - [G] 2026-09-13 17:16:48 :: DEBUG :: BB.RESPONSE :: gamestate OK (1ms)
INFO - [G] 2026-09-13 17:16:49 :: DEBUG :: BB.SERVER :: Client connected
INFO - [G] 2026-09-13 17:16:49 :: DEBUG :: BB.REQUEST :: gamestate()
INFO - [G] 2026-09-13 17:16:49 :: DEBUG :: BB.ENDPOINTS :: Init gamestate()
INFO - [G] 2026-09-13 17:16:49 :: DEBUG :: BB.ENDPOINTS :: Return gamestate()
INFO - [G] 2026-09-13 17:16:49 :: DEBUG :: BB.RESPONSE :: gamestate OK (1ms)
INFO - [G] 2026-09-13 17:16:49 :: DEBUG :: BB.SERVER :: Client connected
INFO - [G] 2026-09-13 17:16:49 :: DEBUG :: BB.REQUEST :: gamestate()
INFO - [G] 2026-09-13 17:16:49 :: DEBUG :: BB.ENDPOINTS :: Init gamestate()
INFO - [G] 2026-09-13 17:16:49 :: DEBUG :: BB.ENDPOINTS :: Return gamestate()
INFO - [G] 2026-09-13 17:16:49 :: DEBUG :: BB.RESPONSE :: gamestate OK (1ms)
INFO - [G] 2026-09-13 17:16:49 :: DEBUG :: BB.SERVER :: Client connected
INFO - [G] 2026-09-13 17:16:49 :: DEBUG :: BB.REQUEST :: play({cards=[0,1,3,4]})
INFO - [G] 2026-09-13 17:16:49 :: DEBUG :: BB.ENDPOINTS :: Init play()
INFO - [G] 2026-09-13 17:16:49 :: DEBUG :: BB.ENDPOINTS :: Playing 4 cards: K♣, K♦, J♣, J♦
INFO - [G] 2026-09-13 17:16:59 :: DEBUG :: BB.ENDPOINTS :: Return play() - same round
INFO - [G] 2026-09-13 17:16:59 :: DEBUG :: BB.RESPONSE :: play OK (10307ms)
INFO - [G] 2026-09-13 17:17:01 :: DEBUG :: BB.SERVER :: Client connected
INFO - [G] 2026-09-13 17:17:01 :: DEBUG :: BB.REQUEST :: gamestate()
INFO - [G] 2026-09-13 17:17:01 :: DEBUG :: BB.ENDPOINTS :: Init gamestate()
INFO - [G] 2026-09-13 17:17:01 :: DEBUG :: BB.ENDPOINTS :: Return gamestate()
INFO - [G] 2026-09-13 17:17:01 :: DEBUG :: BB.RESPONSE :: gamestate OK (1ms)
INFO - [G] 2026-09-13 17:17:01 :: DEBUG :: BB.SERVER :: Client connected
INFO - [G] 2026-09-13 17:17:01 :: DEBUG :: BB.REQUEST :: gamestate()
INFO - [G] 2026-09-13 17:17:01 :: DEBUG :: BB.ENDPOINTS :: Init gamestate()
INFO - [G] 2026-09-13 17:17:01 :: DEBUG :: BB.ENDPOINTS :: Return gamestate()
INFO - [G] 2026-09-13 17:17:01 :: DEBUG :: BB.RESPONSE :: gamestate OK (1ms)
INFO - [G] 2026-09-13 17:17:01 :: DEBUG :: BB.SERVER :: Client connected
INFO - [G] 2026-09-13 17:17:01 :: DEBUG :: BB.REQUEST :: gamestate()
INFO - [G] 2026-09-13 17:17:01 :: DEBUG :: BB.ENDPOINTS :: Init gamestate()
INFO - [G] 2026-09-13 17:17:01 :: DEBUG :: BB.ENDPOINTS :: Return gamestate()
INFO - [G] 2026-09-13 17:17:01 :: DEBUG :: BB.RESPONSE :: gamestate OK (1ms)
INFO - [G] 2026-09-13 17:17:01 :: DEBUG :: BB.SERVER :: Client connected
INFO - [G] 2026-09-13 17:17:01 :: DEBUG :: BB.REQUEST :: gamestate()
INFO - [G] 2026-09-13 17:17:01 :: DEBUG :: BB.ENDPOINTS :: Init gamestate()
INFO - [G] 2026-09-13 17:17:01 :: DEBUG :: BB.ENDPOINTS :: Return gamestate()
INFO - [G] 2026-09-13 17:17:01 :: DEBUG :: BB.RESPONSE :: gamestate OK (1ms)
INFO - [G] 2026-09-13 17:17:01 :: DEBUG :: BB.SERVER :: Client connected
INFO - [G] 2026-09-13 17:17:01 :: DEBUG :: BB.REQUEST :: gamestate()
INFO - [G] 2026-09-13 17:17:01 :: DEBUG :: BB.ENDPOINTS :: Init gamestate()
INFO - [G] 2026-09-13 17:17:01 :: DEBUG :: BB.ENDPOINTS :: Return gamestate()
INFO - [G] 2026-09-13 17:17:01 :: DEBUG :: BB.RESPONSE :: gamestate OK (1ms)
INFO - [G] 2026-09-13 17:17:01 :: DEBUG :: BB.SERVER :: Client connected
INFO - [G] 2026-09-13 17:17:01 :: DEBUG :: BB.REQUEST :: gamestate()
INFO - [G] 2026-09-13 17:17:01 :: DEBUG :: BB.ENDPOINTS :: Init gamestate()
INFO - [G] 2026-09-13 17:17:01 :: DEBUG :: BB.ENDPOINTS :: Return gamestate()
INFO - [G] 2026-09-13 17:17:01 :: DEBUG :: BB.RESPONSE :: gamestate OK (1ms)
INFO - [G] 2026-09-13 17:17:01 :: DEBUG :: BB.SERVER :: Client connected
INFO - [G] 2026-09-13 17:17:01 :: DEBUG :: BB.REQUEST :: play({cards=[2,4,5,6,7]})
INFO - [G] 2026-09-13 17:17:01 :: DEBUG :: BB.ENDPOINTS :: Init play()
INFO - [G] 2026-09-13 17:17:01 :: DEBUG :: BB.ENDPOINTS :: Playing 5 cards: 9♣, 8♥, 7♣, 6♣, 5♥
INFO - [G] 2026-09-13 17:17:14 :: DEBUG :: BB.ENDPOINTS :: Return play() - cash out
INFO - [G] 2026-09-13 17:17:14 :: DEBUG :: BB.RESPONSE :: play OK (13152ms)
INFO - [G] 2026-09-13 17:17:16 :: DEBUG :: BB.SERVER :: Client connected
INFO - [G] 2026-09-13 17:17:16 :: DEBUG :: BB.REQUEST :: gamestate()
INFO - [G] 2026-09-13 17:17:16 :: DEBUG :: BB.ENDPOINTS :: Init gamestate()
INFO - [G] 2026-09-13 17:17:16 :: DEBUG :: BB.ENDPOINTS :: Return gamestate()
INFO - [G] 2026-09-13 17:17:16 :: DEBUG :: BB.RESPONSE :: gamestate OK (1ms)
INFO - [G] 2026-09-13 17:17:16 :: DEBUG :: BB.SERVER :: Client connected
INFO - [G] 2026-09-13 17:17:16 :: DEBUG :: BB.REQUEST :: cash_out()
INFO - [G] 2026-09-13 17:17:16 :: DEBUG :: BB.ENDPOINTS :: Init cash_out()
INFO - [G] 2026-09-13 17:17:23 :: DEBUG :: BB.ENDPOINTS :: Return cash_out() - reached SHOP state
INFO - [G] 2026-09-13 17:17:23 :: DEBUG :: BB.RESPONSE :: cash_out OK (6639ms)
INFO - [G] 2026-09-13 17:17:24 :: DEBUG :: BB.SERVER :: Client connected
INFO - [G] 2026-09-13 17:17:24 :: DEBUG :: BB.REQUEST :: gamestate()
INFO - [G] 2026-09-13 17:17:24 :: DEBUG :: BB.ENDPOINTS :: Init gamestate()
INFO - [G] 2026-09-13 17:17:24 :: DEBUG :: BB.ENDPOINTS :: Return gamestate()
INFO - [G] 2026-09-13 17:17:24 :: DEBUG :: BB.RESPONSE :: gamestate OK (1ms)
INFO - [G] 2026-09-13 17:17:24 :: DEBUG :: BB.SERVER :: Client connected
INFO - [G] 2026-09-13 17:17:24 :: DEBUG :: BB.REQUEST :: next_round()
INFO - [G] 2026-09-13 17:17:24 :: DEBUG :: BB.ENDPOINTS :: Init next_round()
INFO - [G] 2026-09-13 17:17:25 :: DEBUG :: BB.ENDPOINTS :: Return next_round() - reached BLIND_SELECT state
INFO - [G] 2026-09-13 17:17:25 :: DEBUG :: BB.RESPONSE :: next_round OK (609ms)
INFO - [G] 2026-09-13 17:17:26 :: DEBUG :: BB.SERVER :: Client connected
INFO - [G] 2026-09-13 17:17:26 :: DEBUG :: BB.REQUEST :: gamestate()
INFO - [G] 2026-09-13 17:17:26 :: DEBUG :: BB.ENDPOINTS :: Init gamestate()
INFO - [G] 2026-09-13 17:17:26 :: DEBUG :: BB.ENDPOINTS :: Return gamestate()
INFO - [G] 2026-09-13 17:17:26 :: DEBUG :: BB.RESPONSE :: gamestate OK (1ms)
INFO - [G] 2026-09-13 17:17:26 :: DEBUG :: BB.SERVER :: Client connected
INFO - [G] 2026-09-13 17:17:26 :: DEBUG :: BB.REQUEST :: select()
INFO - [G] 2026-09-13 17:17:26 :: DEBUG :: BB.ENDPOINTS :: Init select()
INFO - [G] 2026-09-13 17:17:26 :: DEBUG :: BB.ENDPOINTS :: Selecting Boss (The Goad), chips required: ?
INFO - [G] 2026-09-13 17:17:29 :: DEBUG :: BB.ENDPOINTS :: Return select()
INFO - [G] 2026-09-13 17:17:29 :: DEBUG :: BB.RESPONSE :: select OK (2949ms)
INFO - [G] 2026-09-13 17:17:31 :: DEBUG :: BB.SERVER :: Client connected
INFO - [G] 2026-09-13 17:17:31 :: DEBUG :: BB.REQUEST :: gamestate()
INFO - [G] 2026-09-13 17:17:31 :: DEBUG :: BB.ENDPOINTS :: Init gamestate()
INFO - [G] 2026-09-13 17:17:31 :: DEBUG :: BB.ENDPOINTS :: Return gamestate()
INFO - [G] 2026-09-13 17:17:31 :: DEBUG :: BB.RESPONSE :: gamestate OK (1ms)
INFO - [G] 2026-09-13 17:17:31 :: DEBUG :: BB.SERVER :: Client connected
INFO - [G] 2026-09-13 17:17:31 :: DEBUG :: BB.REQUEST :: gamestate()
INFO - [G] 2026-09-13 17:17:31 :: DEBUG :: BB.ENDPOINTS :: Init gamestate()
INFO - [G] 2026-09-13 17:17:31 :: DEBUG :: BB.ENDPOINTS :: Return gamestate()
INFO - [G] 2026-09-13 17:17:31 :: DEBUG :: BB.RESPONSE :: gamestate OK (1ms)
INFO - [G] 2026-09-13 17:17:31 :: DEBUG :: BB.SERVER :: Client connected
INFO - [G] 2026-09-13 17:17:31 :: DEBUG :: BB.REQUEST :: gamestate()
INFO - [G] 2026-09-13 17:17:31 :: DEBUG :: BB.ENDPOINTS :: Init gamestate()
INFO - [G] 2026-09-13 17:17:31 :: DEBUG :: BB.ENDPOINTS :: Return gamestate()
INFO - [G] 2026-09-13 17:17:31 :: DEBUG :: BB.RESPONSE :: gamestate OK (1ms)
INFO - [G] 2026-09-13 17:17:31 :: DEBUG :: BB.SERVER :: Client connected
INFO - [G] 2026-09-13 17:17:31 :: DEBUG :: BB.REQUEST :: gamestate()
INFO - [G] 2026-09-13 17:17:31 :: DEBUG :: BB.ENDPOINTS :: Init gamestate()
INFO - [G] 2026-09-13 17:17:31 :: DEBUG :: BB.ENDPOINTS :: Return gamestate()
INFO - [G] 2026-09-13 17:17:31 :: DEBUG :: BB.RESPONSE :: gamestate OK (1ms)
INFO - [G] 2026-09-13 17:17:31 :: DEBUG :: BB.SERVER :: Client connected
INFO - [G] 2026-09-13 17:17:31 :: DEBUG :: BB.REQUEST :: gamestate()
INFO - [G] 2026-09-13 17:17:31 :: DEBUG :: BB.ENDPOINTS :: Init gamestate()
INFO - [G] 2026-09-13 17:17:31 :: DEBUG :: BB.ENDPOINTS :: Return gamestate()
INFO - [G] 2026-09-13 17:17:31 :: DEBUG :: BB.RESPONSE :: gamestate OK (1ms)
INFO - [G] 2026-09-13 17:17:32 :: DEBUG :: BB.SERVER :: Client connected
INFO - [G] 2026-09-13 17:17:32 :: DEBUG :: BB.REQUEST :: discard({cards=[0,1,2,3]})
INFO - [G] 2026-09-13 17:17:32 :: DEBUG :: BB.ENDPOINTS :: Init discard()
INFO - [G] 2026-09-13 17:17:32 :: DEBUG :: BB.ENDPOINTS :: Discarding 4 cards: K♠, Q♠, J♦, 9♣ (3 discards left)
INFO - [G] 2026-09-13 17:17:33 :: DEBUG :: BB.ENDPOINTS :: Return discard()
INFO - [G] 2026-09-13 17:17:33 :: DEBUG :: BB.RESPONSE :: discard OK (1533ms)
INFO - [G] 2026-09-13 17:17:35 :: DEBUG :: BB.SERVER :: Client connected
INFO - [G] 2026-09-13 17:17:35 :: DEBUG :: BB.REQUEST :: gamestate()
INFO - [G] 2026-09-13 17:17:35 :: DEBUG :: BB.ENDPOINTS :: Init gamestate()
INFO - [G] 2026-09-13 17:17:35 :: DEBUG :: BB.ENDPOINTS :: Return gamestate()
INFO - [G] 2026-09-13 17:17:35 :: DEBUG :: BB.RESPONSE :: gamestate OK (1ms)
INFO - [G] 2026-09-13 17:17:35 :: DEBUG :: BB.SERVER :: Client connected
INFO - [G] 2026-09-13 17:17:35 :: DEBUG :: BB.REQUEST :: gamestate()
INFO - [G] 2026-09-13 17:17:35 :: DEBUG :: BB.ENDPOINTS :: Init gamestate()
INFO - [G] 2026-09-13 17:17:35 :: DEBUG :: BB.ENDPOINTS :: Return gamestate()
INFO - [G] 2026-09-13 17:17:35 :: DEBUG :: BB.RESPONSE :: gamestate OK (1ms)
INFO - [G] 2026-09-13 17:17:35 :: DEBUG :: BB.SERVER :: Client connected
INFO - [G] 2026-09-13 17:17:35 :: DEBUG :: BB.REQUEST :: gamestate()
INFO - [G] 2026-09-13 17:17:35 :: DEBUG :: BB.ENDPOINTS :: Init gamestate()
INFO - [G] 2026-09-13 17:17:35 :: DEBUG :: BB.ENDPOINTS :: Return gamestate()
INFO - [G] 2026-09-13 17:17:35 :: DEBUG :: BB.RESPONSE :: gamestate OK (1ms)
INFO - [G] 2026-09-13 17:17:35 :: DEBUG :: BB.SERVER :: Client connected
INFO - [G] 2026-09-13 17:17:35 :: DEBUG :: BB.REQUEST :: gamestate()
INFO - [G] 2026-09-13 17:17:35 :: DEBUG :: BB.ENDPOINTS :: Init gamestate()
INFO - [G] 2026-09-13 17:17:35 :: DEBUG :: BB.ENDPOINTS :: Return gamestate()
INFO - [G] 2026-09-13 17:17:35 :: DEBUG :: BB.RESPONSE :: gamestate OK (1ms)
INFO - [G] 2026-09-13 17:17:35 :: DEBUG :: BB.SERVER :: Client connected
INFO - [G] 2026-09-13 17:17:35 :: DEBUG :: BB.REQUEST :: gamestate()
INFO - [G] 2026-09-13 17:17:35 :: DEBUG :: BB.ENDPOINTS :: Init gamestate()
INFO - [G] 2026-09-13 17:17:35 :: DEBUG :: BB.ENDPOINTS :: Return gamestate()
INFO - [G] 2026-09-13 17:17:35 :: DEBUG :: BB.RESPONSE :: gamestate OK (1ms)
INFO - [G] 2026-09-13 17:17:35 :: DEBUG :: BB.SERVER :: Client connected
INFO - [G] 2026-09-13 17:17:35 :: DEBUG :: BB.REQUEST :: gamestate()
INFO - [G] 2026-09-13 17:17:35 :: DEBUG :: BB.ENDPOINTS :: Init gamestate()
INFO - [G] 2026-09-13 17:17:35 :: DEBUG :: BB.ENDPOINTS :: Return gamestate()
INFO - [G] 2026-09-13 17:17:35 :: DEBUG :: BB.RESPONSE :: gamestate OK (1ms)
INFO - [G] 2026-09-13 17:17:35 :: DEBUG :: BB.SERVER :: Client connected
INFO - [G] 2026-09-13 17:17:35 :: DEBUG :: BB.REQUEST :: play({cards=[2,3,4,5,6]})
INFO - [G] 2026-09-13 17:17:35 :: DEBUG :: BB.ENDPOINTS :: Init play()
INFO - [G] 2026-09-13 17:17:35 :: DEBUG :: BB.ENDPOINTS :: Playing 5 cards: 4♥, 4♣, 4♦, 3♠, 3♥
INFO - [G] 2026-09-13 17:17:47 :: DEBUG :: BB.ENDPOINTS :: Return play() - same round
INFO - [G] 2026-09-13 17:17:47 :: DEBUG :: BB.RESPONSE :: play OK (11558ms)
INFO - [G] 2026-09-13 17:17:48 :: DEBUG :: BB.SERVER :: Client connected
INFO - [G] 2026-09-13 17:17:48 :: DEBUG :: BB.REQUEST :: gamestate()
INFO - [G] 2026-09-13 17:17:48 :: DEBUG :: BB.ENDPOINTS :: Init gamestate()
INFO - [G] 2026-09-13 17:17:48 :: DEBUG :: BB.ENDPOINTS :: Return gamestate()
INFO - [G] 2026-09-13 17:17:48 :: DEBUG :: BB.RESPONSE :: gamestate OK (1ms)
INFO - [G] 2026-09-13 17:17:49 :: DEBUG :: BB.SERVER :: Client connected
INFO - [G] 2026-09-13 17:17:49 :: DEBUG :: BB.REQUEST :: gamestate()
INFO - [G] 2026-09-13 17:17:49 :: DEBUG :: BB.ENDPOINTS :: Init gamestate()
INFO - [G] 2026-09-13 17:17:49 :: DEBUG :: BB.ENDPOINTS :: Return gamestate()
INFO - [G] 2026-09-13 17:17:49 :: DEBUG :: BB.RESPONSE :: gamestate OK (1ms)
INFO - [G] 2026-09-13 17:17:49 :: DEBUG :: BB.SERVER :: Client connected
INFO - [G] 2026-09-13 17:17:49 :: DEBUG :: BB.REQUEST :: gamestate()
INFO - [G] 2026-09-13 17:17:49 :: DEBUG :: BB.ENDPOINTS :: Init gamestate()
INFO - [G] 2026-09-13 17:17:49 :: DEBUG :: BB.ENDPOINTS :: Return gamestate()
INFO - [G] 2026-09-13 17:17:49 :: DEBUG :: BB.RESPONSE :: gamestate OK (1ms)
INFO - [G] 2026-09-13 17:17:49 :: DEBUG :: BB.SERVER :: Client connected
INFO - [G] 2026-09-13 17:17:49 :: DEBUG :: BB.REQUEST :: gamestate()
INFO - [G] 2026-09-13 17:17:49 :: DEBUG :: BB.ENDPOINTS :: Init gamestate()
INFO - [G] 2026-09-13 17:17:49 :: DEBUG :: BB.ENDPOINTS :: Return gamestate()
INFO - [G] 2026-09-13 17:17:49 :: DEBUG :: BB.RESPONSE :: gamestate OK (1ms)
INFO - [G] 2026-09-13 17:17:49 :: DEBUG :: BB.SERVER :: Client connected
INFO - [G] 2026-09-13 17:17:49 :: DEBUG :: BB.REQUEST :: gamestate()
INFO - [G] 2026-09-13 17:17:49 :: DEBUG :: BB.ENDPOINTS :: Init gamestate()
INFO - [G] 2026-09-13 17:17:49 :: DEBUG :: BB.ENDPOINTS :: Return gamestate()
INFO - [G] 2026-09-13 17:17:49 :: DEBUG :: BB.RESPONSE :: gamestate OK (1ms)
INFO - [G] 2026-09-13 17:17:49 :: DEBUG :: BB.SERVER :: Client connected
INFO - [G] 2026-09-13 17:17:49 :: DEBUG :: BB.REQUEST :: discard({cards=[0,1,2,3]})
INFO - [G] 2026-09-13 17:17:49 :: DEBUG :: BB.ENDPOINTS :: Init discard()
INFO - [G] 2026-09-13 17:17:49 :: DEBUG :: BB.ENDPOINTS :: Discarding 4 cards: A♦, 7♥, 6♠, 5♣ (2 discards left)
INFO - [G] 2026-09-13 17:17:51 :: DEBUG :: BB.ENDPOINTS :: Return discard()
INFO - [G] 2026-09-13 17:17:51 :: DEBUG :: BB.RESPONSE :: discard OK (1530ms)
INFO - [G] 2026-09-13 17:17:52 :: DEBUG :: BB.SERVER :: Client connected
INFO - [G] 2026-09-13 17:17:52 :: DEBUG :: BB.REQUEST :: gamestate()
INFO - [G] 2026-09-13 17:17:52 :: DEBUG :: BB.ENDPOINTS :: Init gamestate()
INFO - [G] 2026-09-13 17:17:52 :: DEBUG :: BB.ENDPOINTS :: Return gamestate()
INFO - [G] 2026-09-13 17:17:52 :: DEBUG :: BB.RESPONSE :: gamestate OK (1ms)
INFO - [G] 2026-09-13 17:17:52 :: DEBUG :: BB.SERVER :: Client connected
INFO - [G] 2026-09-13 17:17:52 :: DEBUG :: BB.REQUEST :: gamestate()
INFO - [G] 2026-09-13 17:17:52 :: DEBUG :: BB.ENDPOINTS :: Init gamestate()
INFO - [G] 2026-09-13 17:17:52 :: DEBUG :: BB.ENDPOINTS :: Return gamestate()
INFO - [G] 2026-09-13 17:17:52 :: DEBUG :: BB.RESPONSE :: gamestate OK (1ms)
INFO - [G] 2026-09-13 17:17:52 :: DEBUG :: BB.SERVER :: Client connected
INFO - [G] 2026-09-13 17:17:52 :: DEBUG :: BB.REQUEST :: gamestate()
INFO - [G] 2026-09-13 17:17:52 :: DEBUG :: BB.ENDPOINTS :: Init gamestate()
INFO - [G] 2026-09-13 17:17:52 :: DEBUG :: BB.ENDPOINTS :: Return gamestate()
INFO - [G] 2026-09-13 17:17:52 :: DEBUG :: BB.RESPONSE :: gamestate OK (1ms)
INFO - [G] 2026-09-13 17:17:53 :: DEBUG :: BB.SERVER :: Client connected
INFO - [G] 2026-09-13 17:17:53 :: DEBUG :: BB.REQUEST :: gamestate()
INFO - [G] 2026-09-13 17:17:53 :: DEBUG :: BB.ENDPOINTS :: Init gamestate()
INFO - [G] 2026-09-13 17:17:53 :: DEBUG :: BB.ENDPOINTS :: Return gamestate()
INFO - [G] 2026-09-13 17:17:53 :: DEBUG :: BB.RESPONSE :: gamestate OK (1ms)
INFO - [G] 2026-09-13 17:17:53 :: DEBUG :: BB.SERVER :: Client connected
INFO - [G] 2026-09-13 17:17:53 :: DEBUG :: BB.REQUEST :: gamestate()
INFO - [G] 2026-09-13 17:17:53 :: DEBUG :: BB.ENDPOINTS :: Init gamestate()
INFO - [G] 2026-09-13 17:17:53 :: DEBUG :: BB.ENDPOINTS :: Return gamestate()
INFO - [G] 2026-09-13 17:17:53 :: DEBUG :: BB.RESPONSE :: gamestate OK (1ms)
INFO - [G] 2026-09-13 17:17:53 :: DEBUG :: BB.SERVER :: Client connected
INFO - [G] 2026-09-13 17:17:53 :: DEBUG :: BB.REQUEST :: gamestate()
INFO - [G] 2026-09-13 17:17:53 :: DEBUG :: BB.ENDPOINTS :: Init gamestate()
INFO - [G] 2026-09-13 17:17:53 :: DEBUG :: BB.ENDPOINTS :: Return gamestate()
INFO - [G] 2026-09-13 17:17:53 :: DEBUG :: BB.RESPONSE :: gamestate OK (1ms)
INFO - [G] 2026-09-13 17:17:53 :: DEBUG :: BB.SERVER :: Client connected
INFO - [G] 2026-09-13 17:17:53 :: DEBUG :: BB.REQUEST :: play({cards=[3,4,5,6,7]})
INFO - [G] 2026-09-13 17:17:53 :: DEBUG :: BB.ENDPOINTS :: Init play()
INFO - [G] 2026-09-13 17:17:53 :: DEBUG :: BB.ENDPOINTS :: Playing 5 cards: 3♣, 3♦, 2♠, 2♥, 2♣
INFO - [G] 2026-09-13 17:18:04 :: DEBUG :: BB.ENDPOINTS :: Return play() - same round
INFO - [G] 2026-09-13 17:18:04 :: DEBUG :: BB.RESPONSE :: play OK (11547ms)
INFO - [G] 2026-09-13 17:18:06 :: DEBUG :: BB.SERVER :: Client connected
INFO - [G] 2026-09-13 17:18:06 :: DEBUG :: BB.REQUEST :: gamestate()
INFO - [G] 2026-09-13 17:18:06 :: DEBUG :: BB.ENDPOINTS :: Init gamestate()
INFO - [G] 2026-09-13 17:18:06 :: DEBUG :: BB.ENDPOINTS :: Return gamestate()
INFO - [G] 2026-09-13 17:18:06 :: DEBUG :: BB.RESPONSE :: gamestate OK (1ms)
INFO - [G] 2026-09-13 17:18:06 :: DEBUG :: BB.SERVER :: Client connected
INFO - [G] 2026-09-13 17:18:06 :: DEBUG :: BB.REQUEST :: gamestate()
INFO - [G] 2026-09-13 17:18:06 :: DEBUG :: BB.ENDPOINTS :: Init gamestate()
INFO - [G] 2026-09-13 17:18:06 :: DEBUG :: BB.ENDPOINTS :: Return gamestate()
INFO - [G] 2026-09-13 17:18:06 :: DEBUG :: BB.RESPONSE :: gamestate OK (1ms)
INFO - [G] 2026-09-13 17:18:06 :: DEBUG :: BB.SERVER :: Client connected
INFO - [G] 2026-09-13 17:18:06 :: DEBUG :: BB.REQUEST :: gamestate()
INFO - [G] 2026-09-13 17:18:06 :: DEBUG :: BB.ENDPOINTS :: Init gamestate()
INFO - [G] 2026-09-13 17:18:06 :: DEBUG :: BB.ENDPOINTS :: Return gamestate()
INFO - [G] 2026-09-13 17:18:06 :: DEBUG :: BB.RESPONSE :: gamestate OK (1ms)
INFO - [G] 2026-09-13 17:18:06 :: DEBUG :: BB.SERVER :: Client connected
INFO - [G] 2026-09-13 17:18:06 :: DEBUG :: BB.REQUEST :: gamestate()
INFO - [G] 2026-09-13 17:18:06 :: DEBUG :: BB.ENDPOINTS :: Init gamestate()
INFO - [G] 2026-09-13 17:18:06 :: DEBUG :: BB.ENDPOINTS :: Return gamestate()
INFO - [G] 2026-09-13 17:18:06 :: DEBUG :: BB.RESPONSE :: gamestate OK (1ms)
INFO - [G] 2026-09-13 17:18:06 :: DEBUG :: BB.SERVER :: Client connected
INFO - [G] 2026-09-13 17:18:06 :: DEBUG :: BB.REQUEST :: gamestate()
INFO - [G] 2026-09-13 17:18:06 :: DEBUG :: BB.ENDPOINTS :: Init gamestate()
INFO - [G] 2026-09-13 17:18:06 :: DEBUG :: BB.ENDPOINTS :: Return gamestate()
INFO - [G] 2026-09-13 17:18:06 :: DEBUG :: BB.RESPONSE :: gamestate OK (1ms)
INFO - [G] 2026-09-13 17:18:07 :: DEBUG :: BB.SERVER :: Client connected
INFO - [G] 2026-09-13 17:18:07 :: DEBUG :: BB.REQUEST :: gamestate()
INFO - [G] 2026-09-13 17:18:07 :: DEBUG :: BB.ENDPOINTS :: Init gamestate()
INFO - [G] 2026-09-13 17:18:07 :: DEBUG :: BB.ENDPOINTS :: Return gamestate()
INFO - [G] 2026-09-13 17:18:07 :: DEBUG :: BB.RESPONSE :: gamestate OK (1ms)
INFO - [G] 2026-09-13 17:18:07 :: DEBUG :: BB.SERVER :: Client connected
INFO - [G] 2026-09-13 17:18:07 :: DEBUG :: BB.REQUEST :: discard({cards=[0,3,4,5,6]})
INFO - [G] 2026-09-13 17:18:07 :: DEBUG :: BB.ENDPOINTS :: Init discard()
INFO - [G] 2026-09-13 17:18:07 :: DEBUG :: BB.ENDPOINTS :: Discarding 5 cards: A♥, J♥, 8♦, 7♠, 6♥ (1 discards left)
INFO - [G] 2026-09-13 17:18:08 :: DEBUG :: BB.ENDPOINTS :: Return discard()
INFO - [G] 2026-09-13 17:18:08 :: DEBUG :: BB.RESPONSE :: discard OK (1784ms)
INFO - [G] 2026-09-13 17:18:10 :: DEBUG :: BB.SERVER :: Client connected
INFO - [G] 2026-09-13 17:18:10 :: DEBUG :: BB.REQUEST :: gamestate()
INFO - [G] 2026-09-13 17:18:10 :: DEBUG :: BB.ENDPOINTS :: Init gamestate()
INFO - [G] 2026-09-13 17:18:10 :: DEBUG :: BB.ENDPOINTS :: Return gamestate()
INFO - [G] 2026-09-13 17:18:10 :: DEBUG :: BB.RESPONSE :: gamestate OK (1ms)
INFO - [G] 2026-09-13 17:18:10 :: DEBUG :: BB.SERVER :: Client connected
INFO - [G] 2026-09-13 17:18:10 :: DEBUG :: BB.REQUEST :: gamestate()
INFO - [G] 2026-09-13 17:18:10 :: DEBUG :: BB.ENDPOINTS :: Init gamestate()
INFO - [G] 2026-09-13 17:18:10 :: DEBUG :: BB.ENDPOINTS :: Return gamestate()
INFO - [G] 2026-09-13 17:18:10 :: DEBUG :: BB.RESPONSE :: gamestate OK (1ms)
INFO - [G] 2026-09-13 17:18:10 :: DEBUG :: BB.SERVER :: Client connected
INFO - [G] 2026-09-13 17:18:10 :: DEBUG :: BB.REQUEST :: gamestate()
INFO - [G] 2026-09-13 17:18:10 :: DEBUG :: BB.ENDPOINTS :: Init gamestate()
INFO - [G] 2026-09-13 17:18:10 :: DEBUG :: BB.ENDPOINTS :: Return gamestate()
INFO - [G] 2026-09-13 17:18:10 :: DEBUG :: BB.RESPONSE :: gamestate OK (1ms)
INFO - [G] 2026-09-13 17:18:10 :: DEBUG :: BB.SERVER :: Client connected
INFO - [G] 2026-09-13 17:18:10 :: DEBUG :: BB.REQUEST :: gamestate()
INFO - [G] 2026-09-13 17:18:10 :: DEBUG :: BB.ENDPOINTS :: Init gamestate()
INFO - [G] 2026-09-13 17:18:10 :: DEBUG :: BB.ENDPOINTS :: Return gamestate()
INFO - [G] 2026-09-13 17:18:10 :: DEBUG :: BB.RESPONSE :: gamestate OK (0ms)
INFO - [G] 2026-09-13 17:18:10 :: DEBUG :: BB.SERVER :: Client connected
INFO - [G] 2026-09-13 17:18:10 :: DEBUG :: BB.REQUEST :: gamestate()
INFO - [G] 2026-09-13 17:18:10 :: DEBUG :: BB.ENDPOINTS :: Init gamestate()
INFO - [G] 2026-09-13 17:18:10 :: DEBUG :: BB.ENDPOINTS :: Return gamestate()
INFO - [G] 2026-09-13 17:18:10 :: DEBUG :: BB.RESPONSE :: gamestate OK (0ms)
INFO - [G] 2026-09-13 17:18:11 :: DEBUG :: BB.SERVER :: Client connected
INFO - [G] 2026-09-13 17:18:11 :: DEBUG :: BB.REQUEST :: gamestate()
INFO - [G] 2026-09-13 17:18:11 :: DEBUG :: BB.ENDPOINTS :: Init gamestate()
INFO - [G] 2026-09-13 17:18:11 :: DEBUG :: BB.ENDPOINTS :: Return gamestate()
INFO - [G] 2026-09-13 17:18:11 :: DEBUG :: BB.RESPONSE :: gamestate OK (1ms)
INFO - [G] 2026-09-13 17:18:11 :: DEBUG :: BB.SERVER :: Client connected
INFO - [G] 2026-09-13 17:18:11 :: DEBUG :: BB.REQUEST :: discard({cards=[0,3,4,5,6]})
INFO - [G] 2026-09-13 17:18:11 :: DEBUG :: BB.ENDPOINTS :: Init discard()
INFO - [G] 2026-09-13 17:18:11 :: DEBUG :: BB.ENDPOINTS :: Discarding 5 cards: K♥, J♣, 8♠, 7♦, 6♣ (0 discards left)
INFO - [G] 2026-09-13 17:18:12 :: DEBUG :: BB.ENDPOINTS :: Return discard()
INFO - [G] 2026-09-13 17:18:12 :: DEBUG :: BB.RESPONSE :: discard OK (1777ms)
INFO - [G] 2026-09-13 17:18:14 :: DEBUG :: BB.SERVER :: Client connected
INFO - [G] 2026-09-13 17:18:14 :: DEBUG :: BB.REQUEST :: gamestate()
INFO - [G] 2026-09-13 17:18:14 :: DEBUG :: BB.ENDPOINTS :: Init gamestate()
INFO - [G] 2026-09-13 17:18:14 :: DEBUG :: BB.ENDPOINTS :: Return gamestate()
INFO - [G] 2026-09-13 17:18:14 :: DEBUG :: BB.RESPONSE :: gamestate OK (0ms)
INFO - [G] 2026-09-13 17:18:14 :: DEBUG :: BB.SERVER :: Client connected
INFO - [G] 2026-09-13 17:18:14 :: DEBUG :: BB.REQUEST :: gamestate()
INFO - [G] 2026-09-13 17:18:14 :: DEBUG :: BB.ENDPOINTS :: Init gamestate()
INFO - [G] 2026-09-13 17:18:14 :: DEBUG :: BB.ENDPOINTS :: Return gamestate()
INFO - [G] 2026-09-13 17:18:14 :: DEBUG :: BB.RESPONSE :: gamestate OK (0ms)
INFO - [G] 2026-09-13 17:18:14 :: DEBUG :: BB.SERVER :: Client connected
INFO - [G] 2026-09-13 17:18:14 :: DEBUG :: BB.REQUEST :: gamestate()
INFO - [G] 2026-09-13 17:18:14 :: DEBUG :: BB.ENDPOINTS :: Init gamestate()
INFO - [G] 2026-09-13 17:18:14 :: DEBUG :: BB.ENDPOINTS :: Return gamestate()
INFO - [G] 2026-09-13 17:18:14 :: DEBUG :: BB.RESPONSE :: gamestate OK (0ms)
INFO - [G] 2026-09-13 17:18:14 :: DEBUG :: BB.SERVER :: Client connected
INFO - [G] 2026-09-13 17:18:14 :: DEBUG :: BB.REQUEST :: gamestate()
INFO - [G] 2026-09-13 17:18:14 :: DEBUG :: BB.ENDPOINTS :: Init gamestate()
INFO - [G] 2026-09-13 17:18:14 :: DEBUG :: BB.ENDPOINTS :: Return gamestate()
INFO - [G] 2026-09-13 17:18:14 :: DEBUG :: BB.RESPONSE :: gamestate OK (0ms)
INFO - [G] 2026-09-13 17:18:14 :: DEBUG :: BB.SERVER :: Client connected
INFO - [G] 2026-09-13 17:18:14 :: DEBUG :: BB.REQUEST :: gamestate()
INFO - [G] 2026-09-13 17:18:14 :: DEBUG :: BB.ENDPOINTS :: Init gamestate()
INFO - [G] 2026-09-13 17:18:14 :: DEBUG :: BB.ENDPOINTS :: Return gamestate()
INFO - [G] 2026-09-13 17:18:14 :: DEBUG :: BB.RESPONSE :: gamestate OK (0ms)
INFO - [G] 2026-09-13 17:18:15 :: DEBUG :: BB.SERVER :: Client connected
INFO - [G] 2026-09-13 17:18:15 :: DEBUG :: BB.REQUEST :: gamestate()
INFO - [G] 2026-09-13 17:18:15 :: DEBUG :: BB.ENDPOINTS :: Init gamestate()
INFO - [G] 2026-09-13 17:18:15 :: DEBUG :: BB.ENDPOINTS :: Return gamestate()
INFO - [G] 2026-09-13 17:18:15 :: DEBUG :: BB.RESPONSE :: gamestate OK (0ms)
INFO - [G] 2026-09-13 17:18:15 :: DEBUG :: BB.SERVER :: Client connected
INFO - [G] 2026-09-13 17:18:15 :: DEBUG :: BB.REQUEST :: play({cards=[0,1,3,4,5]})
INFO - [G] 2026-09-13 17:18:15 :: DEBUG :: BB.ENDPOINTS :: Init play()
INFO - [G] 2026-09-13 17:18:15 :: DEBUG :: BB.ENDPOINTS :: Playing 5 cards: A♣, K♣, Q♦, 10♥, 8♣
INFO - [G] 2026-09-13 17:18:22 :: DEBUG :: BB.ENDPOINTS :: Return play() - same round
INFO - [G] 2026-09-13 17:18:22 :: DEBUG :: BB.RESPONSE :: play OK (7311ms)
INFO - [G] 2026-09-13 17:18:24 :: DEBUG :: BB.SERVER :: Client connected
INFO - [G] 2026-09-13 17:18:24 :: DEBUG :: BB.REQUEST :: gamestate()
INFO - [G] 2026-09-13 17:18:24 :: DEBUG :: BB.ENDPOINTS :: Init gamestate()
INFO - [G] 2026-09-13 17:18:24 :: DEBUG :: BB.ENDPOINTS :: Return gamestate()
INFO - [G] 2026-09-13 17:18:24 :: DEBUG :: BB.RESPONSE :: gamestate OK (1ms)
INFO - [G] 2026-09-13 17:18:24 :: DEBUG :: BB.SERVER :: Client connected
INFO - [G] 2026-09-13 17:18:24 :: DEBUG :: BB.REQUEST :: gamestate()
INFO - [G] 2026-09-13 17:18:24 :: DEBUG :: BB.ENDPOINTS :: Init gamestate()
INFO - [G] 2026-09-13 17:18:24 :: DEBUG :: BB.ENDPOINTS :: Return gamestate()
INFO - [G] 2026-09-13 17:18:24 :: DEBUG :: BB.RESPONSE :: gamestate OK (0ms)
INFO - [G] 2026-09-13 17:18:24 :: DEBUG :: BB.SERVER :: Client connected
INFO - [G] 2026-09-13 17:18:24 :: DEBUG :: BB.REQUEST :: gamestate()
INFO - [G] 2026-09-13 17:18:24 :: DEBUG :: BB.ENDPOINTS :: Init gamestate()
INFO - [G] 2026-09-13 17:18:24 :: DEBUG :: BB.ENDPOINTS :: Return gamestate()
INFO - [G] 2026-09-13 17:18:24 :: DEBUG :: BB.RESPONSE :: gamestate OK (0ms)
INFO - [G] 2026-09-13 17:18:24 :: DEBUG :: BB.SERVER :: Client connected
INFO - [G] 2026-09-13 17:18:24 :: DEBUG :: BB.REQUEST :: gamestate()
INFO - [G] 2026-09-13 17:18:24 :: DEBUG :: BB.ENDPOINTS :: Init gamestate()
INFO - [G] 2026-09-13 17:18:24 :: DEBUG :: BB.ENDPOINTS :: Return gamestate()
INFO - [G] 2026-09-13 17:18:24 :: DEBUG :: BB.RESPONSE :: gamestate OK (0ms)
INFO - [G] 2026-09-13 17:18:24 :: DEBUG :: BB.SERVER :: Client connected
INFO - [G] 2026-09-13 17:18:24 :: DEBUG :: BB.REQUEST :: gamestate()
INFO - [G] 2026-09-13 17:18:24 :: DEBUG :: BB.ENDPOINTS :: Init gamestate()
INFO - [G] 2026-09-13 17:18:24 :: DEBUG :: BB.ENDPOINTS :: Return gamestate()
INFO - [G] 2026-09-13 17:18:24 :: DEBUG :: BB.RESPONSE :: gamestate OK (0ms)
INFO - [G] 2026-09-13 17:18:24 :: DEBUG :: BB.SERVER :: Client connected
INFO - [G] 2026-09-13 17:18:24 :: DEBUG :: BB.REQUEST :: gamestate()
INFO - [G] 2026-09-13 17:18:24 :: DEBUG :: BB.ENDPOINTS :: Init gamestate()
INFO - [G] 2026-09-13 17:18:24 :: DEBUG :: BB.ENDPOINTS :: Return gamestate()
INFO - [G] 2026-09-13 17:18:24 :: DEBUG :: BB.RESPONSE :: gamestate OK (0ms)
INFO - [G] 2026-09-13 17:18:24 :: DEBUG :: BB.SERVER :: Client connected
INFO - [G] 2026-09-13 17:18:24 :: DEBUG :: BB.REQUEST :: play({cards=[0,1,2,3,4]})
INFO - [G] 2026-09-13 17:18:24 :: DEBUG :: BB.ENDPOINTS :: Init play()
INFO - [G] 2026-09-13 17:18:24 :: DEBUG :: BB.ENDPOINTS :: Playing 5 cards: A♠, Q♥, J♠, 10♠, 9♦
INFO - [G] 2026-09-13 17:18:31 :: DEBUG :: BB.RESPONSE :: play OK (6468ms)
INFO - [G] 2026-09-13 17:18:32 :: DEBUG :: BB.SERVER :: Client connected
INFO - [G] 2026-09-13 17:18:32 :: DEBUG :: BB.REQUEST :: gamestate()
INFO - [G] 2026-09-13 17:18:32 :: DEBUG :: BB.ENDPOINTS :: Init gamestate()
INFO - [G] 2026-09-13 17:18:32 :: DEBUG :: BB.ENDPOINTS :: Return gamestate()
INFO - [G] 2026-09-13 17:18:32 :: DEBUG :: BB.RESPONSE :: gamestate OK (0ms)
INFO - [G] 2026-09-13 17:18:33 :: DEBUG :: BB.SERVER :: Client connected
INFO - [G] 2026-09-13 17:18:33 :: DEBUG :: BB.REQUEST :: health()
INFO - [G] 2026-09-13 17:18:33 :: DEBUG :: BB.ENDPOINTS :: Init health()
INFO - [G] 2026-09-13 17:18:33 :: DEBUG :: BB.ENDPOINTS :: Return health()
INFO - [G] 2026-09-13 17:18:33 :: DEBUG :: BB.RESPONSE :: health OK (0ms)
INFO - [G] 2026-09-13 17:18:33 :: DEBUG :: BB.SERVER :: Client connected
INFO - [G] 2026-09-13 17:18:33 :: DEBUG :: BB.REQUEST :: menu()
INFO - [G] 2026-09-13 17:18:33 :: DEBUG :: BB.ENDPOINTS :: Init menu()
INFO - [G] 2026-09-13 17:18:37 :: DEBUG :: BB.ENDPOINTS :: Return menu()
INFO - [G] 2026-09-13 17:18:37 :: DEBUG :: BB.RESPONSE :: menu OK (3848ms)
INFO - [G] 2026-09-13 17:18:37 :: DEBUG :: BB.SERVER :: Client connected
INFO - [G] 2026-09-13 17:18:37 :: DEBUG :: BB.REQUEST :: start({deck="RED", stake="WHITE"})
INFO - [G] 2026-09-13 17:18:37 :: DEBUG :: BB.ENDPOINTS :: Init start()
INFO - [G] 2026-09-13 17:18:37 :: DEBUG :: BB.ENDPOINTS :: Setting deck to: Red Deck (from enum: RED)
INFO - [G] 2026-09-13 17:18:37 :: DEBUG :: BB.ENDPOINTS :: Starting run with stake=1 (WHITE), seed=none
INFO - [G] 2026-09-13 17:18:40 :: DEBUG :: BB.ENDPOINTS :: Return start()
INFO - [G] 2026-09-13 17:18:40 :: DEBUG :: BB.RESPONSE :: start OK (3060ms)
INFO - [G] 2026-09-13 17:18:40 :: DEBUG :: BB.SERVER :: Client connected
INFO - [G] 2026-09-13 17:18:40 :: DEBUG :: BB.REQUEST :: gamestate()
INFO - [G] 2026-09-13 17:18:40 :: DEBUG :: BB.ENDPOINTS :: Init gamestate()
INFO - [G] 2026-09-13 17:18:40 :: DEBUG :: BB.ENDPOINTS :: Return gamestate()
INFO - [G] 2026-09-13 17:18:40 :: DEBUG :: BB.RESPONSE :: gamestate OK (1ms)
INFO - [G] 2026-09-13 17:18:40 :: DEBUG :: BB.SERVER :: Client connected
INFO - [G] 2026-09-13 17:18:40 :: DEBUG :: BB.REQUEST :: select()
INFO - [G] 2026-09-13 17:18:40 :: DEBUG :: BB.ENDPOINTS :: Init select()
INFO - [G] 2026-09-13 17:18:40 :: DEBUG :: BB.ENDPOINTS :: Selecting Small (Small Blind), chips required: ?
INFO - [G] 2026-09-13 17:18:43 :: DEBUG :: BB.ENDPOINTS :: Return select()
INFO - [G] 2026-09-13 17:18:43 :: DEBUG :: BB.RESPONSE :: select OK (3185ms)
INFO - [G] 2026-09-13 17:18:45 :: DEBUG :: BB.SERVER :: Client connected
INFO - [G] 2026-09-13 17:18:45 :: DEBUG :: BB.REQUEST :: gamestate()
INFO - [G] 2026-09-13 17:18:45 :: DEBUG :: BB.ENDPOINTS :: Init gamestate()
INFO - [G] 2026-09-13 17:18:45 :: DEBUG :: BB.ENDPOINTS :: Return gamestate()
INFO - [G] 2026-09-13 17:18:45 :: DEBUG :: BB.RESPONSE :: gamestate OK (1ms)
INFO - [G] 2026-09-13 17:18:45 :: DEBUG :: BB.SERVER :: Client connected
INFO - [G] 2026-09-13 17:18:45 :: DEBUG :: BB.REQUEST :: gamestate()
INFO - [G] 2026-09-13 17:18:45 :: DEBUG :: BB.ENDPOINTS :: Init gamestate()
INFO - [G] 2026-09-13 17:18:45 :: DEBUG :: BB.ENDPOINTS :: Return gamestate()
INFO - [G] 2026-09-13 17:18:45 :: DEBUG :: BB.RESPONSE :: gamestate OK (1ms)
INFO - [G] 2026-09-13 17:18:45 :: DEBUG :: BB.SERVER :: Client connected
INFO - [G] 2026-09-13 17:18:45 :: DEBUG :: BB.REQUEST :: gamestate()
INFO - [G] 2026-09-13 17:18:45 :: DEBUG :: BB.ENDPOINTS :: Init gamestate()
INFO - [G] 2026-09-13 17:18:45 :: DEBUG :: BB.ENDPOINTS :: Return gamestate()
INFO - [G] 2026-09-13 17:18:45 :: DEBUG :: BB.RESPONSE :: gamestate OK (1ms)
INFO - [G] 2026-09-13 17:18:45 :: DEBUG :: BB.SERVER :: Client connected
INFO - [G] 2026-09-13 17:18:45 :: DEBUG :: BB.REQUEST :: gamestate()
INFO - [G] 2026-09-13 17:18:45 :: DEBUG :: BB.ENDPOINTS :: Init gamestate()
INFO - [G] 2026-09-13 17:18:45 :: DEBUG :: BB.ENDPOINTS :: Return gamestate()
INFO - [G] 2026-09-13 17:18:45 :: DEBUG :: BB.RESPONSE :: gamestate OK (1ms)
INFO - [G] 2026-09-13 17:18:45 :: DEBUG :: BB.SERVER :: Client connected
INFO - [G] 2026-09-13 17:18:45 :: DEBUG :: BB.REQUEST :: gamestate()
INFO - [G] 2026-09-13 17:18:45 :: DEBUG :: BB.ENDPOINTS :: Init gamestate()
INFO - [G] 2026-09-13 17:18:45 :: DEBUG :: BB.ENDPOINTS :: Return gamestate()
INFO - [G] 2026-09-13 17:18:45 :: DEBUG :: BB.RESPONSE :: gamestate OK (1ms)
INFO - [G] 2026-09-13 17:18:46 :: DEBUG :: BB.SERVER :: Client connected
INFO - [G] 2026-09-13 17:18:46 :: DEBUG :: BB.REQUEST :: play({cards=[0,1,3,4]})
INFO - [G] 2026-09-13 17:18:46 :: DEBUG :: BB.ENDPOINTS :: Init play()
INFO - [G] 2026-09-13 17:18:46 :: DEBUG :: BB.ENDPOINTS :: Playing 4 cards: K♣, K♦, 7♠, 7♣
INFO - [G] 2026-09-13 17:18:56 :: DEBUG :: BB.ENDPOINTS :: Return play() - same round
INFO - [G] 2026-09-13 17:18:56 :: DEBUG :: BB.RESPONSE :: play OK (10669ms)
INFO - [G] 2026-09-13 17:18:58 :: DEBUG :: BB.SERVER :: Client connected
INFO - [G] 2026-09-13 17:18:58 :: DEBUG :: BB.REQUEST :: gamestate()
INFO - [G] 2026-09-13 17:18:58 :: DEBUG :: BB.ENDPOINTS :: Init gamestate()
INFO - [G] 2026-09-13 17:18:58 :: DEBUG :: BB.ENDPOINTS :: Return gamestate()
INFO - [G] 2026-09-13 17:18:58 :: DEBUG :: BB.RESPONSE :: gamestate OK (1ms)
INFO - [G] 2026-09-13 17:18:58 :: DEBUG :: BB.SERVER :: Client connected
INFO - [G] 2026-09-13 17:18:58 :: DEBUG :: BB.REQUEST :: gamestate()
INFO - [G] 2026-09-13 17:18:58 :: DEBUG :: BB.ENDPOINTS :: Init gamestate()
INFO - [G] 2026-09-13 17:18:58 :: DEBUG :: BB.ENDPOINTS :: Return gamestate()
INFO - [G] 2026-09-13 17:18:58 :: DEBUG :: BB.RESPONSE :: gamestate OK (1ms)
INFO - [G] 2026-09-13 17:18:58 :: DEBUG :: BB.SERVER :: Client connected
INFO - [G] 2026-09-13 17:18:58 :: DEBUG :: BB.REQUEST :: gamestate()
INFO - [G] 2026-09-13 17:18:58 :: DEBUG :: BB.ENDPOINTS :: Init gamestate()
INFO - [G] 2026-09-13 17:18:58 :: DEBUG :: BB.ENDPOINTS :: Return gamestate()
INFO - [G] 2026-09-13 17:18:58 :: DEBUG :: BB.RESPONSE :: gamestate OK (1ms)
INFO - [G] 2026-09-13 17:18:58 :: DEBUG :: BB.SERVER :: Client connected
INFO - [G] 2026-09-13 17:18:58 :: DEBUG :: BB.REQUEST :: gamestate()
INFO - [G] 2026-09-13 17:18:58 :: DEBUG :: BB.ENDPOINTS :: Init gamestate()
INFO - [G] 2026-09-13 17:18:58 :: DEBUG :: BB.ENDPOINTS :: Return gamestate()
INFO - [G] 2026-09-13 17:18:58 :: DEBUG :: BB.RESPONSE :: gamestate OK (1ms)
INFO - [G] 2026-09-13 17:18:58 :: DEBUG :: BB.SERVER :: Client connected
INFO - [G] 2026-09-13 17:18:58 :: DEBUG :: BB.REQUEST :: gamestate()
INFO - [G] 2026-09-13 17:18:58 :: DEBUG :: BB.ENDPOINTS :: Init gamestate()
INFO - [G] 2026-09-13 17:18:58 :: DEBUG :: BB.ENDPOINTS :: Return gamestate()
INFO - [G] 2026-09-13 17:18:58 :: DEBUG :: BB.RESPONSE :: gamestate OK (1ms)
INFO - [G] 2026-09-13 17:18:59 :: DEBUG :: BB.SERVER :: Client connected
INFO - [G] 2026-09-13 17:18:59 :: DEBUG :: BB.REQUEST :: gamestate()
INFO - [G] 2026-09-13 17:18:59 :: DEBUG :: BB.ENDPOINTS :: Init gamestate()
INFO - [G] 2026-09-13 17:18:59 :: DEBUG :: BB.ENDPOINTS :: Return gamestate()
INFO - [G] 2026-09-13 17:18:59 :: DEBUG :: BB.RESPONSE :: gamestate OK (1ms)
INFO - [G] 2026-09-13 17:18:59 :: DEBUG :: BB.SERVER :: Client connected
INFO - [G] 2026-09-13 17:18:59 :: DEBUG :: BB.REQUEST :: discard({cards=[0,1,2,3,4]})
INFO - [G] 2026-09-13 17:18:59 :: DEBUG :: BB.ENDPOINTS :: Init discard()
INFO - [G] 2026-09-13 17:18:59 :: DEBUG :: BB.ENDPOINTS :: Discarding 5 cards: A♣, K♥, 10♠, 9♣, 8♥ (3 discards left)
INFO - [G] 2026-09-13 17:19:01 :: DEBUG :: BB.ENDPOINTS :: Return discard()
INFO - [G] 2026-09-13 17:19:01 :: DEBUG :: BB.RESPONSE :: discard OK (1972ms)
INFO - [G] 2026-09-13 17:19:02 :: DEBUG :: BB.SERVER :: Client connected
INFO - [G] 2026-09-13 17:19:02 :: DEBUG :: BB.REQUEST :: gamestate()
INFO - [G] 2026-09-13 17:19:02 :: DEBUG :: BB.ENDPOINTS :: Init gamestate()
INFO - [G] 2026-09-13 17:19:02 :: DEBUG :: BB.ENDPOINTS :: Return gamestate()
INFO - [G] 2026-09-13 17:19:02 :: DEBUG :: BB.RESPONSE :: gamestate OK (1ms)
INFO - [G] 2026-09-13 17:19:02 :: DEBUG :: BB.SERVER :: Client connected
INFO - [G] 2026-09-13 17:19:02 :: DEBUG :: BB.REQUEST :: gamestate()
INFO - [G] 2026-09-13 17:19:02 :: DEBUG :: BB.ENDPOINTS :: Init gamestate()
INFO - [G] 2026-09-13 17:19:02 :: DEBUG :: BB.ENDPOINTS :: Return gamestate()
INFO - [G] 2026-09-13 17:19:02 :: DEBUG :: BB.RESPONSE :: gamestate OK (1ms)
INFO - [G] 2026-09-13 17:19:02 :: DEBUG :: BB.SERVER :: Client connected
INFO - [G] 2026-09-13 17:19:02 :: DEBUG :: BB.REQUEST :: gamestate()
INFO - [G] 2026-09-13 17:19:02 :: DEBUG :: BB.ENDPOINTS :: Init gamestate()
INFO - [G] 2026-09-13 17:19:02 :: DEBUG :: BB.ENDPOINTS :: Return gamestate()
INFO - [G] 2026-09-13 17:19:02 :: DEBUG :: BB.RESPONSE :: gamestate OK (1ms)
INFO - [G] 2026-09-13 17:19:03 :: DEBUG :: BB.SERVER :: Client connected
INFO - [G] 2026-09-13 17:19:03 :: DEBUG :: BB.REQUEST :: gamestate()
INFO - [G] 2026-09-13 17:19:03 :: DEBUG :: BB.ENDPOINTS :: Init gamestate()
INFO - [G] 2026-09-13 17:19:03 :: DEBUG :: BB.ENDPOINTS :: Return gamestate()
INFO - [G] 2026-09-13 17:19:03 :: DEBUG :: BB.RESPONSE :: gamestate OK (1ms)
INFO - [G] 2026-09-13 17:19:03 :: DEBUG :: BB.SERVER :: Client connected
INFO - [G] 2026-09-13 17:19:03 :: DEBUG :: BB.REQUEST :: gamestate()
INFO - [G] 2026-09-13 17:19:03 :: DEBUG :: BB.ENDPOINTS :: Init gamestate()
INFO - [G] 2026-09-13 17:19:03 :: DEBUG :: BB.ENDPOINTS :: Return gamestate()
INFO - [G] 2026-09-13 17:19:03 :: DEBUG :: BB.RESPONSE :: gamestate OK (1ms)
INFO - [G] 2026-09-13 17:19:03 :: DEBUG :: BB.SERVER :: Client connected
INFO - [G] 2026-09-13 17:19:03 :: DEBUG :: BB.REQUEST :: play({cards=[1,2,3,4]})
INFO - [G] 2026-09-13 17:19:03 :: DEBUG :: BB.ENDPOINTS :: Init play()
INFO - [G] 2026-09-13 17:19:03 :: DEBUG :: BB.ENDPOINTS :: Playing 4 cards: 7♥, 7♦, 6♣, 6♦
INFO - [G] 2026-09-13 17:19:13 :: DEBUG :: BB.ENDPOINTS :: Return play() - same round
INFO - [G] 2026-09-13 17:19:13 :: DEBUG :: BB.RESPONSE :: play OK (10622ms)
INFO - [G] 2026-09-13 17:19:15 :: DEBUG :: BB.SERVER :: Client connected
INFO - [G] 2026-09-13 17:19:15 :: DEBUG :: BB.REQUEST :: gamestate()
INFO - [G] 2026-09-13 17:19:15 :: DEBUG :: BB.ENDPOINTS :: Init gamestate()
INFO - [G] 2026-09-13 17:19:15 :: DEBUG :: BB.ENDPOINTS :: Return gamestate()
INFO - [G] 2026-09-13 17:19:15 :: DEBUG :: BB.RESPONSE :: gamestate OK (1ms)
INFO - [G] 2026-09-13 17:19:15 :: DEBUG :: BB.SERVER :: Client connected
INFO - [G] 2026-09-13 17:19:15 :: DEBUG :: BB.REQUEST :: gamestate()
INFO - [G] 2026-09-13 17:19:15 :: DEBUG :: BB.ENDPOINTS :: Init gamestate()
INFO - [G] 2026-09-13 17:19:15 :: DEBUG :: BB.ENDPOINTS :: Return gamestate()
INFO - [G] 2026-09-13 17:19:15 :: DEBUG :: BB.RESPONSE :: gamestate OK (1ms)
INFO - [G] 2026-09-13 17:19:15 :: DEBUG :: BB.SERVER :: Client connected
INFO - [G] 2026-09-13 17:19:15 :: DEBUG :: BB.REQUEST :: gamestate()
INFO - [G] 2026-09-13 17:19:15 :: DEBUG :: BB.ENDPOINTS :: Init gamestate()
INFO - [G] 2026-09-13 17:19:15 :: DEBUG :: BB.ENDPOINTS :: Return gamestate()
INFO - [G] 2026-09-13 17:19:15 :: DEBUG :: BB.RESPONSE :: gamestate OK (1ms)
INFO - [G] 2026-09-13 17:19:15 :: DEBUG :: BB.SERVER :: Client connected
INFO - [G] 2026-09-13 17:19:15 :: DEBUG :: BB.REQUEST :: gamestate()
INFO - [G] 2026-09-13 17:19:15 :: DEBUG :: BB.ENDPOINTS :: Init gamestate()
INFO - [G] 2026-09-13 17:19:15 :: DEBUG :: BB.ENDPOINTS :: Return gamestate()
INFO - [G] 2026-09-13 17:19:15 :: DEBUG :: BB.RESPONSE :: gamestate OK (1ms)
INFO - [G] 2026-09-13 17:19:15 :: DEBUG :: BB.SERVER :: Client connected
INFO - [G] 2026-09-13 17:19:15 :: DEBUG :: BB.REQUEST :: gamestate()
INFO - [G] 2026-09-13 17:19:15 :: DEBUG :: BB.ENDPOINTS :: Init gamestate()
INFO - [G] 2026-09-13 17:19:15 :: DEBUG :: BB.ENDPOINTS :: Return gamestate()
INFO - [G] 2026-09-13 17:19:15 :: DEBUG :: BB.RESPONSE :: gamestate OK (1ms)
INFO - [G] 2026-09-13 17:19:16 :: DEBUG :: BB.SERVER :: Client connected
INFO - [G] 2026-09-13 17:19:16 :: DEBUG :: BB.REQUEST :: play({cards=[1,2,4,5]})
INFO - [G] 2026-09-13 17:19:16 :: DEBUG :: BB.ENDPOINTS :: Init play()
INFO - [G] 2026-09-13 17:19:16 :: DEBUG :: BB.ENDPOINTS :: Playing 4 cards: Q♠, Q♥, 4♥, 4♦
INFO - [G] 2026-09-13 17:19:26 :: DEBUG :: BB.ENDPOINTS :: Return play() - same round
INFO - [G] 2026-09-13 17:19:26 :: DEBUG :: BB.RESPONSE :: play OK (10637ms)
INFO - [G] 2026-09-13 17:19:28 :: DEBUG :: BB.SERVER :: Client connected
INFO - [G] 2026-09-13 17:19:28 :: DEBUG :: BB.REQUEST :: gamestate()
INFO - [G] 2026-09-13 17:19:28 :: DEBUG :: BB.ENDPOINTS :: Init gamestate()
INFO - [G] 2026-09-13 17:19:28 :: DEBUG :: BB.ENDPOINTS :: Return gamestate()
INFO - [G] 2026-09-13 17:19:28 :: DEBUG :: BB.RESPONSE :: gamestate OK (1ms)
INFO - [G] 2026-09-13 17:19:28 :: DEBUG :: BB.SERVER :: Client connected
INFO - [G] 2026-09-13 17:19:28 :: DEBUG :: BB.REQUEST :: gamestate()
INFO - [G] 2026-09-13 17:19:28 :: DEBUG :: BB.ENDPOINTS :: Init gamestate()
INFO - [G] 2026-09-13 17:19:28 :: DEBUG :: BB.ENDPOINTS :: Return gamestate()
INFO - [G] 2026-09-13 17:19:28 :: DEBUG :: BB.RESPONSE :: gamestate OK (1ms)
INFO - [G] 2026-09-13 17:19:28 :: DEBUG :: BB.SERVER :: Client connected
INFO - [G] 2026-09-13 17:19:28 :: DEBUG :: BB.REQUEST :: gamestate()
INFO - [G] 2026-09-13 17:19:28 :: DEBUG :: BB.ENDPOINTS :: Init gamestate()
INFO - [G] 2026-09-13 17:19:28 :: DEBUG :: BB.ENDPOINTS :: Return gamestate()
INFO - [G] 2026-09-13 17:19:28 :: DEBUG :: BB.RESPONSE :: gamestate OK (1ms)
INFO - [G] 2026-09-13 17:19:28 :: DEBUG :: BB.SERVER :: Client connected
INFO - [G] 2026-09-13 17:19:28 :: DEBUG :: BB.REQUEST :: gamestate()
INFO - [G] 2026-09-13 17:19:28 :: DEBUG :: BB.ENDPOINTS :: Init gamestate()
INFO - [G] 2026-09-13 17:19:28 :: DEBUG :: BB.ENDPOINTS :: Return gamestate()
INFO - [G] 2026-09-13 17:19:28 :: DEBUG :: BB.RESPONSE :: gamestate OK (1ms)
INFO - [G] 2026-09-13 17:19:28 :: DEBUG :: BB.SERVER :: Client connected
INFO - [G] 2026-09-13 17:19:28 :: DEBUG :: BB.REQUEST :: play({cards=[5,6,7]})
INFO - [G] 2026-09-13 17:19:28 :: DEBUG :: BB.ENDPOINTS :: Init play()
INFO - [G] 2026-09-13 17:19:28 :: DEBUG :: BB.ENDPOINTS :: Playing 3 cards: 2♠, 2♥, 2♦
INFO - [G] 2026-09-13 17:19:42 :: DEBUG :: BB.ENDPOINTS :: Return play() - cash out
INFO - [G] 2026-09-13 17:19:42 :: DEBUG :: BB.RESPONSE :: play OK (13929ms)
INFO - [G] 2026-09-13 17:19:44 :: DEBUG :: BB.SERVER :: Client connected
INFO - [G] 2026-09-13 17:19:44 :: DEBUG :: BB.REQUEST :: gamestate()
INFO - [G] 2026-09-13 17:19:44 :: DEBUG :: BB.ENDPOINTS :: Init gamestate()
INFO - [G] 2026-09-13 17:19:44 :: DEBUG :: BB.ENDPOINTS :: Return gamestate()
INFO - [G] 2026-09-13 17:19:44 :: DEBUG :: BB.RESPONSE :: gamestate OK (1ms)
INFO - [G] 2026-09-13 17:19:44 :: DEBUG :: BB.SERVER :: Client connected
INFO - [G] 2026-09-13 17:19:44 :: DEBUG :: BB.REQUEST :: cash_out()
INFO - [G] 2026-09-13 17:19:44 :: DEBUG :: BB.ENDPOINTS :: Init cash_out()
INFO - [G] 2026-09-13 17:19:45 :: DEBUG :: BB.ENDPOINTS :: Return cash_out() - reached SHOP state
INFO - [G] 2026-09-13 17:19:45 :: DEBUG :: BB.RESPONSE :: cash_out OK (1770ms)
INFO - [G] 2026-09-13 17:19:47 :: DEBUG :: BB.SERVER :: Client connected
INFO - [G] 2026-09-13 17:19:47 :: DEBUG :: BB.REQUEST :: gamestate()
INFO - [G] 2026-09-13 17:19:47 :: DEBUG :: BB.ENDPOINTS :: Init gamestate()
INFO - [G] 2026-09-13 17:19:47 :: DEBUG :: BB.ENDPOINTS :: Return gamestate()
INFO - [G] 2026-09-13 17:19:47 :: DEBUG :: BB.RESPONSE :: gamestate OK (1ms)
INFO - [G] 2026-09-13 17:19:47 :: DEBUG :: BB.SERVER :: Client connected
INFO - [G] 2026-09-13 17:19:47 :: DEBUG :: BB.REQUEST :: next_round()
INFO - [G] 2026-09-13 17:19:47 :: DEBUG :: BB.ENDPOINTS :: Init next_round()
INFO - [G] 2026-09-13 17:19:48 :: DEBUG :: BB.ENDPOINTS :: Return next_round() - reached BLIND_SELECT state
INFO - [G] 2026-09-13 17:19:48 :: DEBUG :: BB.RESPONSE :: next_round OK (629ms)
INFO - [G] 2026-09-13 17:19:49 :: DEBUG :: BB.SERVER :: Client connected
INFO - [G] 2026-09-13 17:19:49 :: DEBUG :: BB.REQUEST :: gamestate()
INFO - [G] 2026-09-13 17:19:49 :: DEBUG :: BB.ENDPOINTS :: Init gamestate()
INFO - [G] 2026-09-13 17:19:49 :: DEBUG :: BB.ENDPOINTS :: Return gamestate()
INFO - [G] 2026-09-13 17:19:49 :: DEBUG :: BB.RESPONSE :: gamestate OK (1ms)
INFO - [G] 2026-09-13 17:19:49 :: DEBUG :: BB.SERVER :: Client connected
INFO - [G] 2026-09-13 17:19:49 :: DEBUG :: BB.REQUEST :: select()
INFO - [G] 2026-09-13 17:19:49 :: DEBUG :: BB.ENDPOINTS :: Init select()
INFO - [G] 2026-09-13 17:19:49 :: DEBUG :: BB.ENDPOINTS :: Selecting Big (Big Blind), chips required: ?
INFO - [G] 2026-09-13 17:19:52 :: DEBUG :: BB.ENDPOINTS :: Return select()
INFO - [G] 2026-09-13 17:19:52 :: DEBUG :: BB.RESPONSE :: select OK (3032ms)
INFO - [G] 2026-09-13 17:19:54 :: DEBUG :: BB.SERVER :: Client connected
INFO - [G] 2026-09-13 17:19:54 :: DEBUG :: BB.REQUEST :: gamestate()
INFO - [G] 2026-09-13 17:19:54 :: DEBUG :: BB.ENDPOINTS :: Init gamestate()
INFO - [G] 2026-09-13 17:19:54 :: DEBUG :: BB.ENDPOINTS :: Return gamestate()
INFO - [G] 2026-09-13 17:19:54 :: DEBUG :: BB.RESPONSE :: gamestate OK (1ms)
INFO - [G] 2026-09-13 17:19:54 :: DEBUG :: BB.SERVER :: Client connected
INFO - [G] 2026-09-13 17:19:54 :: DEBUG :: BB.REQUEST :: gamestate()
INFO - [G] 2026-09-13 17:19:54 :: DEBUG :: BB.ENDPOINTS :: Init gamestate()
INFO - [G] 2026-09-13 17:19:54 :: DEBUG :: BB.ENDPOINTS :: Return gamestate()
INFO - [G] 2026-09-13 17:19:54 :: DEBUG :: BB.RESPONSE :: gamestate OK (1ms)
INFO - [G] 2026-09-13 17:19:54 :: DEBUG :: BB.SERVER :: Client connected
INFO - [G] 2026-09-13 17:19:54 :: DEBUG :: BB.REQUEST :: gamestate()
INFO - [G] 2026-09-13 17:19:54 :: DEBUG :: BB.ENDPOINTS :: Init gamestate()
INFO - [G] 2026-09-13 17:19:54 :: DEBUG :: BB.ENDPOINTS :: Return gamestate()
INFO - [G] 2026-09-13 17:19:54 :: DEBUG :: BB.RESPONSE :: gamestate OK (1ms)
INFO - [G] 2026-09-13 17:19:54 :: DEBUG :: BB.SERVER :: Client connected
INFO - [G] 2026-09-13 17:19:54 :: DEBUG :: BB.REQUEST :: gamestate()
INFO - [G] 2026-09-13 17:19:54 :: DEBUG :: BB.ENDPOINTS :: Init gamestate()
INFO - [G] 2026-09-13 17:19:54 :: DEBUG :: BB.ENDPOINTS :: Return gamestate()
INFO - [G] 2026-09-13 17:19:54 :: DEBUG :: BB.RESPONSE :: gamestate OK (1ms)
INFO - [G] 2026-09-13 17:19:54 :: DEBUG :: BB.SERVER :: Client connected
INFO - [G] 2026-09-13 17:19:54 :: DEBUG :: BB.REQUEST :: gamestate()
INFO - [G] 2026-09-13 17:19:54 :: DEBUG :: BB.ENDPOINTS :: Init gamestate()
INFO - [G] 2026-09-13 17:19:54 :: DEBUG :: BB.ENDPOINTS :: Return gamestate()
INFO - [G] 2026-09-13 17:19:54 :: DEBUG :: BB.RESPONSE :: gamestate OK (1ms)
INFO - [G] 2026-09-13 17:19:54 :: DEBUG :: BB.SERVER :: Client connected
INFO - [G] 2026-09-13 17:19:54 :: DEBUG :: BB.REQUEST :: gamestate()
INFO - [G] 2026-09-13 17:19:54 :: DEBUG :: BB.ENDPOINTS :: Init gamestate()
INFO - [G] 2026-09-13 17:19:54 :: DEBUG :: BB.ENDPOINTS :: Return gamestate()
INFO - [G] 2026-09-13 17:19:54 :: DEBUG :: BB.RESPONSE :: gamestate OK (1ms)
INFO - [G] 2026-09-13 17:19:55 :: DEBUG :: BB.SERVER :: Client connected
INFO - [G] 2026-09-13 17:19:55 :: DEBUG :: BB.REQUEST :: discard({cards=[0,1,2,3,4]})
INFO - [G] 2026-09-13 17:19:55 :: DEBUG :: BB.ENDPOINTS :: Init discard()
INFO - [G] 2026-09-13 17:19:55 :: DEBUG :: BB.ENDPOINTS :: Discarding 5 cards: A♣, J♣, 10♥, 6♠, 4♠ (3 discards left)
INFO - [G] 2026-09-13 17:19:56 :: DEBUG :: BB.ENDPOINTS :: Return discard()
INFO - [G] 2026-09-13 17:19:56 :: DEBUG :: BB.RESPONSE :: discard OK (1802ms)
INFO - [G] 2026-09-13 17:19:58 :: DEBUG :: BB.SERVER :: Client connected
INFO - [G] 2026-09-13 17:19:58 :: DEBUG :: BB.REQUEST :: gamestate()
INFO - [G] 2026-09-13 17:19:58 :: DEBUG :: BB.ENDPOINTS :: Init gamestate()
INFO - [G] 2026-09-13 17:19:58 :: DEBUG :: BB.ENDPOINTS :: Return gamestate()
INFO - [G] 2026-09-13 17:19:58 :: DEBUG :: BB.RESPONSE :: gamestate OK (1ms)
INFO - [G] 2026-09-13 17:19:58 :: DEBUG :: BB.SERVER :: Client connected
INFO - [G] 2026-09-13 17:19:58 :: DEBUG :: BB.REQUEST :: gamestate()
INFO - [G] 2026-09-13 17:19:58 :: DEBUG :: BB.ENDPOINTS :: Init gamestate()
INFO - [G] 2026-09-13 17:19:58 :: DEBUG :: BB.ENDPOINTS :: Return gamestate()
INFO - [G] 2026-09-13 17:19:58 :: DEBUG :: BB.RESPONSE :: gamestate OK (1ms)
INFO - [G] 2026-09-13 17:19:58 :: DEBUG :: BB.SERVER :: Client connected
INFO - [G] 2026-09-13 17:19:58 :: DEBUG :: BB.REQUEST :: gamestate()
INFO - [G] 2026-09-13 17:19:58 :: DEBUG :: BB.ENDPOINTS :: Init gamestate()
INFO - [G] 2026-09-13 17:19:58 :: DEBUG :: BB.ENDPOINTS :: Return gamestate()
INFO - [G] 2026-09-13 17:19:58 :: DEBUG :: BB.RESPONSE :: gamestate OK (1ms)
INFO - [G] 2026-09-13 17:19:58 :: DEBUG :: BB.SERVER :: Client connected
INFO - [G] 2026-09-13 17:19:58 :: DEBUG :: BB.REQUEST :: gamestate()
INFO - [G] 2026-09-13 17:19:58 :: DEBUG :: BB.ENDPOINTS :: Init gamestate()
INFO - [G] 2026-09-13 17:19:58 :: DEBUG :: BB.ENDPOINTS :: Return gamestate()
INFO - [G] 2026-09-13 17:19:58 :: DEBUG :: BB.RESPONSE :: gamestate OK (1ms)
INFO - [G] 2026-09-13 17:19:58 :: DEBUG :: BB.SERVER :: Client connected
INFO - [G] 2026-09-13 17:19:58 :: DEBUG :: BB.REQUEST :: gamestate()
INFO - [G] 2026-09-13 17:19:58 :: DEBUG :: BB.ENDPOINTS :: Init gamestate()
INFO - [G] 2026-09-13 17:19:58 :: DEBUG :: BB.ENDPOINTS :: Return gamestate()
INFO - [G] 2026-09-13 17:19:58 :: DEBUG :: BB.RESPONSE :: gamestate OK (1ms)
INFO - [G] 2026-09-13 17:19:59 :: DEBUG :: BB.SERVER :: Client connected
INFO - [G] 2026-09-13 17:19:59 :: DEBUG :: BB.REQUEST :: gamestate()
INFO - [G] 2026-09-13 17:19:59 :: DEBUG :: BB.ENDPOINTS :: Init gamestate()
INFO - [G] 2026-09-13 17:19:59 :: DEBUG :: BB.ENDPOINTS :: Return gamestate()
INFO - [G] 2026-09-13 17:19:59 :: DEBUG :: BB.RESPONSE :: gamestate OK (1ms)
INFO - [G] 2026-09-13 17:19:59 :: DEBUG :: BB.SERVER :: Client connected
INFO - [G] 2026-09-13 17:19:59 :: DEBUG :: BB.REQUEST :: discard({cards=[0,1,2,3,5]})
INFO - [G] 2026-09-13 17:19:59 :: DEBUG :: BB.ENDPOINTS :: Init discard()
INFO - [G] 2026-09-13 17:19:59 :: DEBUG :: BB.ENDPOINTS :: Discarding 5 cards: 10♦, 9♦, 5♣, 4♥, 3♣ (2 discards left)
INFO - [G] 2026-09-13 17:20:00 :: DEBUG :: BB.ENDPOINTS :: Return discard()
INFO - [G] 2026-09-13 17:20:00 :: DEBUG :: BB.RESPONSE :: discard OK (1802ms)
INFO - [G] 2026-09-13 17:20:02 :: DEBUG :: BB.SERVER :: Client connected
INFO - [G] 2026-09-13 17:20:02 :: DEBUG :: BB.REQUEST :: gamestate()
INFO - [G] 2026-09-13 17:20:02 :: DEBUG :: BB.ENDPOINTS :: Init gamestate()
INFO - [G] 2026-09-13 17:20:02 :: DEBUG :: BB.ENDPOINTS :: Return gamestate()
INFO - [G] 2026-09-13 17:20:02 :: DEBUG :: BB.RESPONSE :: gamestate OK (1ms)
INFO - [G] 2026-09-13 17:20:02 :: DEBUG :: BB.SERVER :: Client connected
INFO - [G] 2026-09-13 17:20:02 :: DEBUG :: BB.REQUEST :: gamestate()
INFO - [G] 2026-09-13 17:20:02 :: DEBUG :: BB.ENDPOINTS :: Init gamestate()
INFO - [G] 2026-09-13 17:20:02 :: DEBUG :: BB.ENDPOINTS :: Return gamestate()
INFO - [G] 2026-09-13 17:20:02 :: DEBUG :: BB.RESPONSE :: gamestate OK (1ms)
INFO - [G] 2026-09-13 17:20:02 :: DEBUG :: BB.SERVER :: Client connected
INFO - [G] 2026-09-13 17:20:02 :: DEBUG :: BB.REQUEST :: gamestate()
INFO - [G] 2026-09-13 17:20:02 :: DEBUG :: BB.ENDPOINTS :: Init gamestate()
INFO - [G] 2026-09-13 17:20:02 :: DEBUG :: BB.ENDPOINTS :: Return gamestate()
INFO - [G] 2026-09-13 17:20:02 :: DEBUG :: BB.RESPONSE :: gamestate OK (1ms)
INFO - [G] 2026-09-13 17:20:02 :: DEBUG :: BB.SERVER :: Client connected
INFO - [G] 2026-09-13 17:20:02 :: DEBUG :: BB.REQUEST :: gamestate()
INFO - [G] 2026-09-13 17:20:02 :: DEBUG :: BB.ENDPOINTS :: Init gamestate()
INFO - [G] 2026-09-13 17:20:02 :: DEBUG :: BB.ENDPOINTS :: Return gamestate()
INFO - [G] 2026-09-13 17:20:02 :: DEBUG :: BB.RESPONSE :: gamestate OK (1ms)
INFO - [G] 2026-09-13 17:20:03 :: DEBUG :: BB.SERVER :: Client connected
INFO - [G] 2026-09-13 17:20:03 :: DEBUG :: BB.REQUEST :: gamestate()
INFO - [G] 2026-09-13 17:20:03 :: DEBUG :: BB.ENDPOINTS :: Init gamestate()
INFO - [G] 2026-09-13 17:20:03 :: DEBUG :: BB.ENDPOINTS :: Return gamestate()
INFO - [G] 2026-09-13 17:20:03 :: DEBUG :: BB.RESPONSE :: gamestate OK (1ms)
INFO - [G] 2026-09-13 17:20:03 :: DEBUG :: BB.SERVER :: Client connected
INFO - [G] 2026-09-13 17:20:03 :: DEBUG :: BB.REQUEST :: gamestate()
INFO - [G] 2026-09-13 17:20:03 :: DEBUG :: BB.ENDPOINTS :: Init gamestate()
INFO - [G] 2026-09-13 17:20:03 :: DEBUG :: BB.ENDPOINTS :: Return gamestate()
INFO - [G] 2026-09-13 17:20:03 :: DEBUG :: BB.RESPONSE :: gamestate OK (1ms)
INFO - [G] 2026-09-13 17:20:03 :: DEBUG :: BB.SERVER :: Client connected
INFO - [G] 2026-09-13 17:20:03 :: DEBUG :: BB.REQUEST :: play({cards=[0,1,5,6,7]})
INFO - [G] 2026-09-13 17:20:03 :: DEBUG :: BB.ENDPOINTS :: Init play()
INFO - [G] 2026-09-13 17:20:03 :: DEBUG :: BB.ENDPOINTS :: Playing 5 cards: K♣, K♦, 2♠, 2♥, 2♦
INFO - [G] 2026-09-13 17:20:15 :: DEBUG :: BB.ENDPOINTS :: Return play() - same round
INFO - [G] 2026-09-13 17:20:15 :: DEBUG :: BB.RESPONSE :: play OK (11733ms)
INFO - [G] 2026-09-13 17:20:16 :: DEBUG :: BB.SERVER :: Client connected
INFO - [G] 2026-09-13 17:20:16 :: DEBUG :: BB.REQUEST :: gamestate()
INFO - [G] 2026-09-13 17:20:16 :: DEBUG :: BB.ENDPOINTS :: Init gamestate()
INFO - [G] 2026-09-13 17:20:16 :: DEBUG :: BB.ENDPOINTS :: Return gamestate()
INFO - [G] 2026-09-13 17:20:16 :: DEBUG :: BB.RESPONSE :: gamestate OK (1ms)
INFO - [G] 2026-09-13 17:20:16 :: DEBUG :: BB.SERVER :: Client connected
INFO - [G] 2026-09-13 17:20:16 :: DEBUG :: BB.REQUEST :: gamestate()
INFO - [G] 2026-09-13 17:20:16 :: DEBUG :: BB.ENDPOINTS :: Init gamestate()
INFO - [G] 2026-09-13 17:20:16 :: DEBUG :: BB.ENDPOINTS :: Return gamestate()
INFO - [G] 2026-09-13 17:20:16 :: DEBUG :: BB.RESPONSE :: gamestate OK (1ms)
INFO - [G] 2026-09-13 17:20:16 :: DEBUG :: BB.SERVER :: Client connected
INFO - [G] 2026-09-13 17:20:16 :: DEBUG :: BB.REQUEST :: gamestate()
INFO - [G] 2026-09-13 17:20:16 :: DEBUG :: BB.ENDPOINTS :: Init gamestate()
INFO - [G] 2026-09-13 17:20:16 :: DEBUG :: BB.ENDPOINTS :: Return gamestate()
INFO - [G] 2026-09-13 17:20:16 :: DEBUG :: BB.RESPONSE :: gamestate OK (1ms)
INFO - [G] 2026-09-13 17:20:16 :: DEBUG :: BB.SERVER :: Client connected
INFO - [G] 2026-09-13 17:20:16 :: DEBUG :: BB.REQUEST :: gamestate()
INFO - [G] 2026-09-13 17:20:16 :: DEBUG :: BB.ENDPOINTS :: Init gamestate()
INFO - [G] 2026-09-13 17:20:16 :: DEBUG :: BB.ENDPOINTS :: Return gamestate()
INFO - [G] 2026-09-13 17:20:16 :: DEBUG :: BB.RESPONSE :: gamestate OK (1ms)
INFO - [G] 2026-09-13 17:20:17 :: DEBUG :: BB.SERVER :: Client connected
INFO - [G] 2026-09-13 17:20:17 :: DEBUG :: BB.REQUEST :: gamestate()
INFO - [G] 2026-09-13 17:20:17 :: DEBUG :: BB.ENDPOINTS :: Init gamestate()
INFO - [G] 2026-09-13 17:20:17 :: DEBUG :: BB.ENDPOINTS :: Return gamestate()
INFO - [G] 2026-09-13 17:20:17 :: DEBUG :: BB.RESPONSE :: gamestate OK (1ms)
INFO - [G] 2026-09-13 17:20:17 :: DEBUG :: BB.SERVER :: Client connected
INFO - [G] 2026-09-13 17:20:17 :: DEBUG :: BB.REQUEST :: play({cards=[0,1,4,5]})
INFO - [G] 2026-09-13 17:20:17 :: DEBUG :: BB.ENDPOINTS :: Init play()
INFO - [G] 2026-09-13 17:20:17 :: DEBUG :: BB.ENDPOINTS :: Playing 4 cards: K♠, K♥, 8♠, 8♣
INFO - [G] 2026-09-13 17:20:27 :: DEBUG :: BB.ENDPOINTS :: Return play() - same round
INFO - [G] 2026-09-13 17:20:27 :: DEBUG :: BB.RESPONSE :: play OK (10307ms)
INFO - [G] 2026-09-13 17:20:29 :: DEBUG :: BB.SERVER :: Client connected
INFO - [G] 2026-09-13 17:20:29 :: DEBUG :: BB.REQUEST :: gamestate()
INFO - [G] 2026-09-13 17:20:29 :: DEBUG :: BB.ENDPOINTS :: Init gamestate()
INFO - [G] 2026-09-13 17:20:29 :: DEBUG :: BB.ENDPOINTS :: Return gamestate()
INFO - [G] 2026-09-13 17:20:29 :: DEBUG :: BB.RESPONSE :: gamestate OK (1ms)
INFO - [G] 2026-09-13 17:20:29 :: DEBUG :: BB.SERVER :: Client connected
INFO - [G] 2026-09-13 17:20:29 :: DEBUG :: BB.REQUEST :: gamestate()
INFO - [G] 2026-09-13 17:20:29 :: DEBUG :: BB.ENDPOINTS :: Init gamestate()
INFO - [G] 2026-09-13 17:20:29 :: DEBUG :: BB.ENDPOINTS :: Return gamestate()
INFO - [G] 2026-09-13 17:20:29 :: DEBUG :: BB.RESPONSE :: gamestate OK (1ms)
INFO - [G] 2026-09-13 17:20:29 :: DEBUG :: BB.SERVER :: Client connected
INFO - [G] 2026-09-13 17:20:29 :: DEBUG :: BB.REQUEST :: gamestate()
INFO - [G] 2026-09-13 17:20:29 :: DEBUG :: BB.ENDPOINTS :: Init gamestate()
INFO - [G] 2026-09-13 17:20:29 :: DEBUG :: BB.ENDPOINTS :: Return gamestate()
INFO - [G] 2026-09-13 17:20:29 :: DEBUG :: BB.RESPONSE :: gamestate OK (1ms)
INFO - [G] 2026-09-13 17:20:29 :: DEBUG :: BB.SERVER :: Client connected
INFO - [G] 2026-09-13 17:20:29 :: DEBUG :: BB.REQUEST :: gamestate()
INFO - [G] 2026-09-13 17:20:29 :: DEBUG :: BB.ENDPOINTS :: Init gamestate()
INFO - [G] 2026-09-13 17:20:29 :: DEBUG :: BB.ENDPOINTS :: Return gamestate()
INFO - [G] 2026-09-13 17:20:29 :: DEBUG :: BB.RESPONSE :: gamestate OK (1ms)
INFO - [G] 2026-09-13 17:20:29 :: DEBUG :: BB.SERVER :: Client connected
INFO - [G] 2026-09-13 17:20:29 :: DEBUG :: BB.REQUEST :: play({cards=[4,5,6]})
INFO - [G] 2026-09-13 17:20:29 :: DEBUG :: BB.ENDPOINTS :: Init play()
INFO - [G] 2026-09-13 17:20:29 :: DEBUG :: BB.ENDPOINTS :: Playing 3 cards: 7♠, 7♥, 7♣
INFO - [G] 2026-09-13 17:20:40 :: DEBUG :: BB.ENDPOINTS :: Return play() - cash out
INFO - [G] 2026-09-13 17:20:40 :: DEBUG :: BB.RESPONSE :: play OK (10891ms)
INFO - [G] 2026-09-13 17:20:41 :: DEBUG :: BB.SERVER :: Client connected
INFO - [G] 2026-09-13 17:20:41 :: DEBUG :: BB.REQUEST :: gamestate()
INFO - [G] 2026-09-13 17:20:41 :: DEBUG :: BB.ENDPOINTS :: Init gamestate()
INFO - [G] 2026-09-13 17:20:41 :: DEBUG :: BB.ENDPOINTS :: Return gamestate()
INFO - [G] 2026-09-13 17:20:41 :: DEBUG :: BB.RESPONSE :: gamestate OK (1ms)
INFO - [G] 2026-09-13 17:20:41 :: DEBUG :: BB.SERVER :: Client connected
INFO - [G] 2026-09-13 17:20:41 :: DEBUG :: BB.REQUEST :: cash_out()
INFO - [G] 2026-09-13 17:20:41 :: DEBUG :: BB.ENDPOINTS :: Init cash_out()
INFO - [G] 2026-09-13 17:20:48 :: DEBUG :: BB.ENDPOINTS :: Return cash_out() - reached SHOP state
INFO - [G] 2026-09-13 17:20:48 :: DEBUG :: BB.RESPONSE :: cash_out OK (6644ms)
INFO - [G] 2026-09-13 17:20:50 :: DEBUG :: BB.SERVER :: Client connected
INFO - [G] 2026-09-13 17:20:50 :: DEBUG :: BB.REQUEST :: gamestate()
INFO - [G] 2026-09-13 17:20:50 :: DEBUG :: BB.ENDPOINTS :: Init gamestate()
INFO - [G] 2026-09-13 17:20:50 :: DEBUG :: BB.ENDPOINTS :: Return gamestate()
INFO - [G] 2026-09-13 17:20:50 :: DEBUG :: BB.RESPONSE :: gamestate OK (1ms)
INFO - [G] 2026-09-13 17:20:50 :: DEBUG :: BB.SERVER :: Client connected
INFO - [G] 2026-09-13 17:20:50 :: DEBUG :: BB.REQUEST :: next_round()
INFO - [G] 2026-09-13 17:20:50 :: DEBUG :: BB.ENDPOINTS :: Init next_round()
INFO - [G] 2026-09-13 17:20:50 :: DEBUG :: BB.ENDPOINTS :: Return next_round() - reached BLIND_SELECT state
INFO - [G] 2026-09-13 17:20:50 :: DEBUG :: BB.RESPONSE :: next_round OK (610ms)
INFO - [G] 2026-09-13 17:20:52 :: DEBUG :: BB.SERVER :: Client connected
INFO - [G] 2026-09-13 17:20:52 :: DEBUG :: BB.REQUEST :: gamestate()
INFO - [G] 2026-09-13 17:20:52 :: DEBUG :: BB.ENDPOINTS :: Init gamestate()
INFO - [G] 2026-09-13 17:20:52 :: DEBUG :: BB.ENDPOINTS :: Return gamestate()
INFO - [G] 2026-09-13 17:20:52 :: DEBUG :: BB.RESPONSE :: gamestate OK (1ms)
INFO - [G] 2026-09-13 17:20:52 :: DEBUG :: BB.SERVER :: Client connected
INFO - [G] 2026-09-13 17:20:52 :: DEBUG :: BB.REQUEST :: select()
INFO - [G] 2026-09-13 17:20:52 :: DEBUG :: BB.ENDPOINTS :: Init select()
INFO - [G] 2026-09-13 17:20:52 :: DEBUG :: BB.ENDPOINTS :: Selecting Boss (The Hook), chips required: ?
INFO - [G] 2026-09-13 17:20:55 :: DEBUG :: BB.ENDPOINTS :: Return select()
INFO - [G] 2026-09-13 17:20:55 :: DEBUG :: BB.RESPONSE :: select OK (2949ms)
INFO - [G] 2026-09-13 17:20:56 :: DEBUG :: BB.SERVER :: Client connected
INFO - [G] 2026-09-13 17:20:56 :: DEBUG :: BB.REQUEST :: gamestate()
INFO - [G] 2026-09-13 17:20:56 :: DEBUG :: BB.ENDPOINTS :: Init gamestate()
INFO - [G] 2026-09-13 17:20:56 :: DEBUG :: BB.ENDPOINTS :: Return gamestate()
INFO - [G] 2026-09-13 17:20:56 :: DEBUG :: BB.RESPONSE :: gamestate OK (1ms)
INFO - [G] 2026-09-13 17:20:56 :: DEBUG :: BB.SERVER :: Client connected
INFO - [G] 2026-09-13 17:20:56 :: DEBUG :: BB.REQUEST :: gamestate()
INFO - [G] 2026-09-13 17:20:56 :: DEBUG :: BB.ENDPOINTS :: Init gamestate()
INFO - [G] 2026-09-13 17:20:56 :: DEBUG :: BB.ENDPOINTS :: Return gamestate()
INFO - [G] 2026-09-13 17:20:56 :: DEBUG :: BB.RESPONSE :: gamestate OK (1ms)
INFO - [G] 2026-09-13 17:20:57 :: DEBUG :: BB.SERVER :: Client connected
INFO - [G] 2026-09-13 17:20:57 :: DEBUG :: BB.REQUEST :: gamestate()
INFO - [G] 2026-09-13 17:20:57 :: DEBUG :: BB.ENDPOINTS :: Init gamestate()
INFO - [G] 2026-09-13 17:20:57 :: DEBUG :: BB.ENDPOINTS :: Return gamestate()
INFO - [G] 2026-09-13 17:20:57 :: DEBUG :: BB.RESPONSE :: gamestate OK (1ms)
INFO - [G] 2026-09-13 17:20:57 :: DEBUG :: BB.SERVER :: Client connected
INFO - [G] 2026-09-13 17:20:57 :: DEBUG :: BB.REQUEST :: gamestate()
INFO - [G] 2026-09-13 17:20:57 :: DEBUG :: BB.ENDPOINTS :: Init gamestate()
INFO - [G] 2026-09-13 17:20:57 :: DEBUG :: BB.ENDPOINTS :: Return gamestate()
INFO - [G] 2026-09-13 17:20:57 :: DEBUG :: BB.RESPONSE :: gamestate OK (1ms)
INFO - [G] 2026-09-13 17:20:57 :: DEBUG :: BB.SERVER :: Client connected
INFO - [G] 2026-09-13 17:20:57 :: DEBUG :: BB.REQUEST :: gamestate()
INFO - [G] 2026-09-13 17:20:57 :: DEBUG :: BB.ENDPOINTS :: Init gamestate()
INFO - [G] 2026-09-13 17:20:57 :: DEBUG :: BB.ENDPOINTS :: Return gamestate()
INFO - [G] 2026-09-13 17:20:57 :: DEBUG :: BB.RESPONSE :: gamestate OK (1ms)
INFO - [G] 2026-09-13 17:20:57 :: DEBUG :: BB.SERVER :: Client connected
INFO - [G] 2026-09-13 17:20:57 :: DEBUG :: BB.REQUEST :: gamestate()
INFO - [G] 2026-09-13 17:20:57 :: DEBUG :: BB.ENDPOINTS :: Init gamestate()
INFO - [G] 2026-09-13 17:20:57 :: DEBUG :: BB.ENDPOINTS :: Return gamestate()
INFO - [G] 2026-09-13 17:20:57 :: DEBUG :: BB.RESPONSE :: gamestate OK (1ms)
INFO - [G] 2026-09-13 17:20:57 :: DEBUG :: BB.SERVER :: Client connected
INFO - [G] 2026-09-13 17:20:57 :: DEBUG :: BB.REQUEST :: discard({cards=[0,1,2,6,7]})
INFO - [G] 2026-09-13 17:20:57 :: DEBUG :: BB.ENDPOINTS :: Init discard()
INFO - [G] 2026-09-13 17:20:57 :: DEBUG :: BB.ENDPOINTS :: Discarding 5 cards: Q♠, J♠, 9♠, 7♠, 3♥ (3 discards left)
INFO - [G] 2026-09-13 17:20:59 :: DEBUG :: BB.ENDPOINTS :: Return discard()
INFO - [G] 2026-09-13 17:20:59 :: DEBUG :: BB.RESPONSE :: discard OK (1788ms)
INFO - [G] 2026-09-13 17:21:00 :: DEBUG :: BB.SERVER :: Client connected
INFO - [G] 2026-09-13 17:21:00 :: DEBUG :: BB.REQUEST :: gamestate()
INFO - [G] 2026-09-13 17:21:00 :: DEBUG :: BB.ENDPOINTS :: Init gamestate()
INFO - [G] 2026-09-13 17:21:00 :: DEBUG :: BB.ENDPOINTS :: Return gamestate()
INFO - [G] 2026-09-13 17:21:00 :: DEBUG :: BB.RESPONSE :: gamestate OK (1ms)
INFO - [G] 2026-09-13 17:21:01 :: DEBUG :: BB.SERVER :: Client connected
INFO - [G] 2026-09-13 17:21:01 :: DEBUG :: BB.REQUEST :: gamestate()
INFO - [G] 2026-09-13 17:21:01 :: DEBUG :: BB.ENDPOINTS :: Init gamestate()
INFO - [G] 2026-09-13 17:21:01 :: DEBUG :: BB.ENDPOINTS :: Return gamestate()
INFO - [G] 2026-09-13 17:21:01 :: DEBUG :: BB.RESPONSE :: gamestate OK (1ms)
INFO - [G] 2026-09-13 17:21:01 :: DEBUG :: BB.SERVER :: Client connected
INFO - [G] 2026-09-13 17:21:01 :: DEBUG :: BB.REQUEST :: gamestate()
INFO - [G] 2026-09-13 17:21:01 :: DEBUG :: BB.ENDPOINTS :: Init gamestate()
INFO - [G] 2026-09-13 17:21:01 :: DEBUG :: BB.ENDPOINTS :: Return gamestate()
INFO - [G] 2026-09-13 17:21:01 :: DEBUG :: BB.RESPONSE :: gamestate OK (1ms)
INFO - [G] 2026-09-13 17:21:01 :: DEBUG :: BB.SERVER :: Client connected
INFO - [G] 2026-09-13 17:21:01 :: DEBUG :: BB.REQUEST :: gamestate()
INFO - [G] 2026-09-13 17:21:01 :: DEBUG :: BB.ENDPOINTS :: Init gamestate()
INFO - [G] 2026-09-13 17:21:01 :: DEBUG :: BB.ENDPOINTS :: Return gamestate()
INFO - [G] 2026-09-13 17:21:01 :: DEBUG :: BB.RESPONSE :: gamestate OK (1ms)
INFO - [G] 2026-09-13 17:21:01 :: DEBUG :: BB.SERVER :: Client connected
INFO - [G] 2026-09-13 17:21:01 :: DEBUG :: BB.REQUEST :: gamestate()
INFO - [G] 2026-09-13 17:21:01 :: DEBUG :: BB.ENDPOINTS :: Init gamestate()
INFO - [G] 2026-09-13 17:21:01 :: DEBUG :: BB.ENDPOINTS :: Return gamestate()
INFO - [G] 2026-09-13 17:21:01 :: DEBUG :: BB.RESPONSE :: gamestate OK (1ms)
INFO - [G] 2026-09-13 17:21:01 :: DEBUG :: BB.SERVER :: Client connected
INFO - [G] 2026-09-13 17:21:01 :: DEBUG :: BB.REQUEST :: gamestate()
INFO - [G] 2026-09-13 17:21:01 :: DEBUG :: BB.ENDPOINTS :: Init gamestate()
INFO - [G] 2026-09-13 17:21:01 :: DEBUG :: BB.ENDPOINTS :: Return gamestate()
INFO - [G] 2026-09-13 17:21:01 :: DEBUG :: BB.RESPONSE :: gamestate OK (1ms)
INFO - [G] 2026-09-13 17:21:01 :: DEBUG :: BB.SERVER :: Client connected
INFO - [G] 2026-09-13 17:21:01 :: DEBUG :: BB.REQUEST :: discard({cards=[0,1,5,6,7]})
INFO - [G] 2026-09-13 17:21:01 :: DEBUG :: BB.ENDPOINTS :: Init discard()
INFO - [G] 2026-09-13 17:21:01 :: DEBUG :: BB.ENDPOINTS :: Discarding 5 cards: K♥, 9♣, 6♠, 5♠, 3♠ (2 discards left)
INFO - [G] 2026-09-13 17:21:03 :: DEBUG :: BB.ENDPOINTS :: Return discard()
INFO - [G] 2026-09-13 17:21:03 :: DEBUG :: BB.RESPONSE :: discard OK (1778ms)
INFO - [G] 2026-09-13 17:21:05 :: DEBUG :: BB.SERVER :: Client connected
INFO - [G] 2026-09-13 17:21:05 :: DEBUG :: BB.REQUEST :: gamestate()
INFO - [G] 2026-09-13 17:21:05 :: DEBUG :: BB.ENDPOINTS :: Init gamestate()
INFO - [G] 2026-09-13 17:21:05 :: DEBUG :: BB.ENDPOINTS :: Return gamestate()
INFO - [G] 2026-09-13 17:21:05 :: DEBUG :: BB.RESPONSE :: gamestate OK (1ms)
INFO - [G] 2026-09-13 17:21:05 :: DEBUG :: BB.SERVER :: Client connected
INFO - [G] 2026-09-13 17:21:05 :: DEBUG :: BB.REQUEST :: gamestate()
INFO - [G] 2026-09-13 17:21:05 :: DEBUG :: BB.ENDPOINTS :: Init gamestate()
INFO - [G] 2026-09-13 17:21:05 :: DEBUG :: BB.ENDPOINTS :: Return gamestate()
INFO - [G] 2026-09-13 17:21:05 :: DEBUG :: BB.RESPONSE :: gamestate OK (1ms)
INFO - [G] 2026-09-13 17:21:05 :: DEBUG :: BB.SERVER :: Client connected
INFO - [G] 2026-09-13 17:21:05 :: DEBUG :: BB.REQUEST :: gamestate()
INFO - [G] 2026-09-13 17:21:05 :: DEBUG :: BB.ENDPOINTS :: Init gamestate()
INFO - [G] 2026-09-13 17:21:05 :: DEBUG :: BB.ENDPOINTS :: Return gamestate()
INFO - [G] 2026-09-13 17:21:05 :: DEBUG :: BB.RESPONSE :: gamestate OK (1ms)
INFO - [G] 2026-09-13 17:21:05 :: DEBUG :: BB.SERVER :: Client connected
INFO - [G] 2026-09-13 17:21:05 :: DEBUG :: BB.REQUEST :: gamestate()
INFO - [G] 2026-09-13 17:21:05 :: DEBUG :: BB.ENDPOINTS :: Init gamestate()
INFO - [G] 2026-09-13 17:21:05 :: DEBUG :: BB.ENDPOINTS :: Return gamestate()
INFO - [G] 2026-09-13 17:21:05 :: DEBUG :: BB.RESPONSE :: gamestate OK (1ms)
INFO - [G] 2026-09-13 17:21:05 :: DEBUG :: BB.SERVER :: Client connected
INFO - [G] 2026-09-13 17:21:05 :: DEBUG :: BB.REQUEST :: gamestate()
INFO - [G] 2026-09-13 17:21:05 :: DEBUG :: BB.ENDPOINTS :: Init gamestate()
INFO - [G] 2026-09-13 17:21:05 :: DEBUG :: BB.ENDPOINTS :: Return gamestate()
INFO - [G] 2026-09-13 17:21:05 :: DEBUG :: BB.RESPONSE :: gamestate OK (1ms)
INFO - [G] 2026-09-13 17:21:05 :: DEBUG :: BB.SERVER :: Client connected
INFO - [G] 2026-09-13 17:21:05 :: DEBUG :: BB.REQUEST :: play({cards=[3,4,5,6]})
INFO - [G] 2026-09-13 17:21:05 :: DEBUG :: BB.ENDPOINTS :: Init play()
INFO - [G] 2026-09-13 17:21:05 :: DEBUG :: BB.ENDPOINTS :: Playing 4 cards: 8♠, 8♥, 8♣, 8♦
INFO - [G] 2026-09-13 17:21:19 :: DEBUG :: BB.ENDPOINTS :: Return play() - cash out
INFO - [G] 2026-09-13 17:21:19 :: DEBUG :: BB.RESPONSE :: play OK (14143ms)
INFO - [G] 2026-09-13 17:21:21 :: DEBUG :: BB.SERVER :: Client connected
INFO - [G] 2026-09-13 17:21:21 :: DEBUG :: BB.REQUEST :: gamestate()
INFO - [G] 2026-09-13 17:21:21 :: DEBUG :: BB.ENDPOINTS :: Init gamestate()
INFO - [G] 2026-09-13 17:21:21 :: DEBUG :: BB.ENDPOINTS :: Return gamestate()
INFO - [G] 2026-09-13 17:21:21 :: DEBUG :: BB.RESPONSE :: gamestate OK (1ms)
INFO - [G] 2026-09-13 17:21:52 :: DEBUG :: BB.SERVER :: Client connected
INFO - [G] 2026-09-13 17:21:52 :: DEBUG :: BB.REQUEST :: gamestate()
INFO - [G] 2026-09-13 17:21:52 :: DEBUG :: BB.ENDPOINTS :: Init gamestate()
INFO - [G] 2026-09-13 17:21:52 :: DEBUG :: BB.ENDPOINTS :: Return gamestate()
INFO - [G] 2026-09-13 17:21:52 :: DEBUG :: BB.RESPONSE :: gamestate OK (1ms)
