INFO - [♥] Lovely 0.9.0
INFO - [♥] Game directory is at "/Users/abhipoluri/Library/Application Support/Steam/steamapps/common/Balatro/Balatro.app/Contents/MacOS"
INFO - [♥] Writing logs to "/Users/abhipoluri/Library/Application Support/Balatro/Mods/lovely/log"
INFO - [♥] Using mod directory at "/Users/abhipoluri/Library/Application Support/Balatro/Mods"
INFO - [♥] No blacklist.txt in Mods/lovely.
INFO - [♥] Cleaning up dump directory at "/Users/abhipoluri/Library/Application Support/Balatro/Mods/lovely/dump"
INFO - [♥] Cleaning up game-dump directory at "/Users/abhipoluri/Library/Application Support/Balatro/Mods/lovely/game-dump"
INFO - [♥] Initialization complete in 51ms
INFO - [♥] Applied 1 patch to '=[love "wrap_GraphicsShader.lua"]'
INFO - [♥] Applied 1 patch to '=[lovely SMODS.preflight.core "src/preflight/core.lua"]'
INFO - [G] Failed to connect to the debug server
INFO - [G] 2026-09-13 18:51:51 :: DEBUG :: DebugConsole :: Steamodded Debug Socket started !
INFO - [G] [stage]	Loading APIs
INFO - [G] [stage]	Processing Mod Files
INFO - [G] /Users/abhipoluri/Library/Application Support/Balatro/Mods	balatrobot	1
INFO - [G] 2026-09-13 18:51:51 :: WARN  :: Utils :: Trailing dot found in version "1.~".
INFO - [G] 2026-09-13 18:51:51 :: INFO  :: Loader :: Valid JSON file found
INFO - [G] 2026-09-13 18:51:51 :: DEBUG :: loader :: Blacklist file does not exist
INFO - [G] /Users/abhipoluri/Library/Application Support/Balatro/Mods	lovely	1
INFO - [G] /Users/abhipoluri/Library/Application Support/Balatro/Mods	smods	1
INFO - [G] 2026-09-13 18:51:51 :: INFO  :: Steamodded :: Preflight loaded after 0.0025989583333332
INFO - [♥] Applied 13 patches to 'main.lua'
INFO - [♥] Applied 6 patches to 'engine/controller.lua'
INFO - [♥] Applied 16 patches to 'back.lua'
INFO - [♥] Applied 10 patches to 'tag.lua'
INFO - [♥] Applied 5 patches to 'engine/event.lua'
INFO - [♥] Applied 1 patch to 'engine/node.lua'
INFO - [♥] Applied 2 patches to 'engine/moveable.lua'
INFO - [♥] Applied 4 patches to 'engine/sprite.lua'
INFO - [♥] Applied 4 patches to 'engine/animatedsprite.lua'
INFO - [♥] Applied 78 patches to 'functions/misc_functions.lua'
INFO - [♥] Applied 65 patches to 'game.lua'
INFO - [♥] Applied 4 patches to 'globals.lua'
INFO - [♥] Applied 15 patches to 'engine/ui.lua'
WARN - [♥] Pattern '{n=G.UIT.O, config={draw_layer = 1, object = DynaText({scale = args.scale, string = args.text, maxw = args.maxw, colours = {args.colour},float = true, shadow = true, silent = not args.noisy, args.scale, pop_in = 0, pop_in_rate = 6, rotate = args.rotate or nil})}},\n' on target 'functions/UI_definitions.lua' for pattern patch from smods/lovely/calc_returns.toml resulted in no matches
INFO - [♥] Applied 141 patches to 'functions/UI_definitions.lua'
INFO - [♥] Applied 63 patches to 'functions/state_events.lua'
INFO - [♥] Applied 148 patches to 'functions/common_events.lua'
INFO - [♥] Applied 65 patches to 'functions/button_callbacks.lua'
INFO - [♥] Applied 238 patches to 'card.lua'
INFO - [♥] Applied 21 patches to 'cardarea.lua'
INFO - [♥] Applied 41 patches to 'blind.lua'
INFO - [♥] Applied 10 patches to 'card_character.lua'
INFO - [♥] Applied 24 patches to 'engine/text.lua'
INFO - [G] 2026-09-13 18:51:52 :: INFO  :: SMODS :: Steamodded v1.0.0~BETA-1814a
INFO - [♥] Applied 9 patches to 'engine/sound_manager.lua'
INFO - [♥] Applied 1 patch to 'CRT.fs'
INFO - [♥] Applied 1 patch to 'engine/save_manager.lua'
INFO - [♥] Applied 2 patches to 'flame.fs'
INFO - [G] 2026-09-13 18:51:53 :: DEBUG :: BB.SETTINGS :: Patched love.update with dt=0.016666666666667
INFO - [G] 2026-09-13 18:51:53 :: DEBUG :: BB.SERVER :: Loaded OpenRPC spec from /Users/abhipoluri/Library/Application Support/Balatro/Mods/balatrobot/src/lua/utils/openrpc.json
INFO - [G] 2026-09-13 18:51:53 :: DEBUG :: BB.SERVER :: HTTP server listening on http://127.0.0.1:12346
INFO - [G] 2026-09-13 18:51:53 :: DEBUG :: BB.DISPATCHER :: Loading endpoint: src/lua/endpoints/health.lua
INFO - [G] 2026-09-13 18:51:53 :: DEBUG :: BB.DISPATCHER :: Registered endpoint: health
INFO - [G] 2026-09-13 18:51:53 :: DEBUG :: BB.DISPATCHER :: Loading endpoint: src/lua/endpoints/gamestate.lua
INFO - [G] 2026-09-13 18:51:53 :: DEBUG :: BB.DISPATCHER :: Registered endpoint: gamestate
INFO - [G] 2026-09-13 18:51:53 :: DEBUG :: BB.DISPATCHER :: Loading endpoint: src/lua/endpoints/save.lua
INFO - [G] 2026-09-13 18:51:53 :: DEBUG :: BB.DISPATCHER :: Registered endpoint: save
INFO - [G] 2026-09-13 18:51:53 :: DEBUG :: BB.DISPATCHER :: Loading endpoint: src/lua/endpoints/load.lua
INFO - [G] 2026-09-13 18:51:53 :: DEBUG :: BB.DISPATCHER :: Registered endpoint: load
INFO - [G] 2026-09-13 18:51:53 :: DEBUG :: BB.DISPATCHER :: Loading endpoint: src/lua/endpoints/screenshot.lua
INFO - [G] 2026-09-13 18:51:53 :: DEBUG :: BB.DISPATCHER :: Registered endpoint: screenshot
INFO - [G] 2026-09-13 18:51:53 :: DEBUG :: BB.DISPATCHER :: Loading endpoint: src/lua/endpoints/set.lua
INFO - [G] 2026-09-13 18:51:53 :: DEBUG :: BB.DISPATCHER :: Registered endpoint: set
INFO - [G] 2026-09-13 18:51:53 :: DEBUG :: BB.DISPATCHER :: Loading endpoint: src/lua/endpoints/add.lua
INFO - [G] 2026-09-13 18:51:53 :: DEBUG :: BB.DISPATCHER :: Registered endpoint: add
INFO - [G] 2026-09-13 18:51:53 :: DEBUG :: BB.DISPATCHER :: Loading endpoint: src/lua/endpoints/menu.lua
INFO - [G] 2026-09-13 18:51:53 :: DEBUG :: BB.DISPATCHER :: Registered endpoint: menu
INFO - [G] 2026-09-13 18:51:53 :: DEBUG :: BB.DISPATCHER :: Loading endpoint: src/lua/endpoints/start.lua
INFO - [G] 2026-09-13 18:51:53 :: DEBUG :: BB.DISPATCHER :: Registered endpoint: start
INFO - [G] 2026-09-13 18:51:53 :: DEBUG :: BB.DISPATCHER :: Loading endpoint: src/lua/endpoints/skip.lua
INFO - [G] 2026-09-13 18:51:53 :: DEBUG :: BB.DISPATCHER :: Registered endpoint: skip
INFO - [G] 2026-09-13 18:51:53 :: DEBUG :: BB.DISPATCHER :: Loading endpoint: src/lua/endpoints/select.lua
INFO - [G] 2026-09-13 18:51:53 :: DEBUG :: BB.DISPATCHER :: Registered endpoint: select
INFO - [G] 2026-09-13 18:51:53 :: DEBUG :: BB.DISPATCHER :: Loading endpoint: src/lua/endpoints/play.lua
INFO - [G] 2026-09-13 18:51:53 :: DEBUG :: BB.DISPATCHER :: Registered endpoint: play
INFO - [G] 2026-09-13 18:51:53 :: DEBUG :: BB.DISPATCHER :: Loading endpoint: src/lua/endpoints/discard.lua
INFO - [G] 2026-09-13 18:51:53 :: DEBUG :: BB.DISPATCHER :: Registered endpoint: discard
INFO - [G] 2026-09-13 18:51:53 :: DEBUG :: BB.DISPATCHER :: Loading endpoint: src/lua/endpoints/cash_out.lua
INFO - [G] 2026-09-13 18:51:53 :: DEBUG :: BB.DISPATCHER :: Registered endpoint: cash_out
INFO - [G] 2026-09-13 18:51:53 :: DEBUG :: BB.DISPATCHER :: Loading endpoint: src/lua/endpoints/next_round.lua
INFO - [G] 2026-09-13 18:51:53 :: DEBUG :: BB.DISPATCHER :: Registered endpoint: next_round
INFO - [G] 2026-09-13 18:51:53 :: DEBUG :: BB.DISPATCHER :: Loading endpoint: src/lua/endpoints/reroll.lua
INFO - [G] 2026-09-13 18:51:53 :: DEBUG :: BB.DISPATCHER :: Registered endpoint: reroll
INFO - [G] 2026-09-13 18:51:53 :: DEBUG :: BB.DISPATCHER :: Loading endpoint: src/lua/endpoints/buy.lua
INFO - [G] 2026-09-13 18:51:53 :: DEBUG :: BB.DISPATCHER :: Registered endpoint: buy
INFO - [G] 2026-09-13 18:51:53 :: DEBUG :: BB.DISPATCHER :: Loading endpoint: src/lua/endpoints/pack.lua
INFO - [G] 2026-09-13 18:51:53 :: DEBUG :: BB.DISPATCHER :: Registered endpoint: pack
INFO - [G] 2026-09-13 18:51:53 :: DEBUG :: BB.DISPATCHER :: Loading endpoint: src/lua/endpoints/rearrange.lua
INFO - [G] 2026-09-13 18:51:53 :: DEBUG :: BB.DISPATCHER :: Registered endpoint: rearrange
INFO - [G] 2026-09-13 18:51:53 :: DEBUG :: BB.DISPATCHER :: Loading endpoint: src/lua/endpoints/sell.lua
INFO - [G] 2026-09-13 18:51:53 :: DEBUG :: BB.DISPATCHER :: Registered endpoint: sell
INFO - [G] 2026-09-13 18:51:53 :: DEBUG :: BB.DISPATCHER :: Loading endpoint: src/lua/endpoints/use.lua
INFO - [G] 2026-09-13 18:51:53 :: DEBUG :: BB.DISPATCHER :: Registered endpoint: use
INFO - [G] 2026-09-13 18:51:53 :: DEBUG :: BB.DISPATCHER :: Loaded 21 endpoint(s)
INFO - [G] 2026-09-13 18:51:53 :: DEBUG :: BB.DISPATCHER :: Dispatcher initialized successfully
INFO - [G] 2026-09-13 18:51:53 :: INFO  :: BB.BALATROBOT :: BalatroBot loaded - version 1.5.2
INFO - [G] 2026-09-13 18:51:53 :: INFO  :: TIMER :: [0000] Injected Fonts in 0.001 ms
INFO - [G] 2026-09-13 18:51:53 :: INFO  :: TIMER :: [0000] Injected DynaTextEffects in 0.001 ms
INFO - [G] 2026-09-13 18:51:53 :: INFO  :: TIMER :: [0000] Injected Language in 0.001 ms
INFO - [G] 2026-09-13 18:51:53 :: INFO  :: TIMER :: [0064] Injected Attribute in 0.066 ms
INFO - [G] 2026-09-13 18:51:53 :: INFO  :: TIMER :: [0000] Injected [INTERNAL] in 1.621 ms
INFO - [G] 2026-09-13 18:51:53 :: INFO  :: TIMER :: [0003] Injected Atlas in 109.164 ms
INFO - [G] 2026-09-13 18:51:53 :: INFO  :: TIMER :: [0003] Injected Sound in 0.789 ms
INFO - [G] 2026-09-13 18:51:53 :: INFO  :: TIMER :: [0002] Injected nil in 0.011 ms
INFO - [G] 2026-09-13 18:51:53 :: INFO  :: TIMER :: [0008] Injected Stake in 0.167 ms
INFO - [G] 2026-09-13 18:51:53 :: INFO  :: TIMER :: [0004] Injected Rarity in 0.019 ms
INFO - [G] 2026-09-13 18:51:53 :: INFO  :: TIMER :: [0004] Injected ObjectType in 0.029 ms
INFO - [G] 2026-09-13 18:51:53 :: INFO  :: TIMER :: [0050] Injected Center in 0.150 ms
INFO - [G] 2026-09-13 18:51:53 :: INFO  :: TIMER :: [0007] Injected Undiscovered Sprite in 0.013 ms
INFO - [G] 2026-09-13 18:51:53 :: INFO  :: TIMER :: [0002] Injected Blind in 0.010 ms
INFO - [G] 2026-09-13 18:51:53 :: INFO  :: TIMER :: [0004] Injected Seal in 0.065 ms
INFO - [G] 2026-09-13 18:51:53 :: INFO  :: TIMER :: [0004] Injected Suit in 0.065 ms
INFO - [G] 2026-09-13 18:51:53 :: INFO  :: TIMER :: [0013] Injected Rank in 0.054 ms
INFO - [G] 2026-09-13 18:51:53 :: INFO  :: TIMER :: [0028] Injected DeckSkin in 0.096 ms
INFO - [G] 2026-09-13 18:51:53 :: INFO  :: TIMER :: [0017] Injected JimboQuip in 0.025 ms
INFO - [G] 2026-09-13 18:51:53 :: INFO  :: TIMER :: [0012] Injected PokerHand in 0.045 ms
INFO - [G] 2026-09-13 18:51:53 :: INFO  :: TIMER :: [0020] Injected Challenge in 0.027 ms
INFO - [G] 2026-09-13 18:51:53 :: INFO  :: TIMER :: [0000] Injected Tag in 0.001 ms
INFO - [G] 2026-09-13 18:51:53 :: INFO  :: TIMER :: [0004] Injected Sticker in 0.070 ms
INFO - [G] 2026-09-13 18:51:53 :: INFO  :: TIMER :: [0000] Injected Shader in 0.001 ms
INFO - [G] 2026-09-13 18:51:53 :: INFO  :: TIMER :: [0001] Injected ScreenShader in 0.006 ms
INFO - [G] 2026-09-13 18:51:53 :: INFO  :: TIMER :: [0002] Injected Keybind in 0.008 ms
INFO - [G] 2026-09-13 18:51:53 :: INFO  :: TIMER :: [0000] Injected Achievement in 0.043 ms
INFO - [G] 2026-09-13 18:51:53 :: INFO  :: TIMER :: [0002] Injected Scoring_Parameters in 0.045 ms
INFO - [G] 2026-09-13 18:51:53 :: INFO  :: TIMER :: [0003] Injected Scoring_Calculations in 0.008 ms
INFO - [G] 2026-09-13 18:51:53 :: INFO  :: TIMER :: [0022] Injected Draw Step in 0.052 ms
INFO - [G] 2026-09-13 18:51:53 :: INFO  :: TIMER :: [0000] Injected [INTERNAL] in 0.064 ms
[S_API] SteamAPI_Init(): Loaded '/Users/abhipoluri/Library/Application Support/Steam/Steam.AppBundle/Steam/Contents/MacOS/steamclient.dylib' OK.
Setting breakpad minidump AppID = 2379780
SteamInternal_SetMinidumpSteamID:  Caching Steam ID:  76561199008564685 [API loaded no]
INFO - [G] 2026-09-13 18:51:53 :: DEBUG :: BB.SERVER :: Client connected
INFO - [G] 2026-09-13 18:51:53 :: DEBUG :: BB.REQUEST :: health()
INFO - [G] 2026-09-13 18:51:53 :: DEBUG :: BB.ENDPOINTS :: Init health()
INFO - [G] 2026-09-13 18:51:53 :: DEBUG :: BB.ENDPOINTS :: Return health()
INFO - [G] 2026-09-13 18:51:53 :: DEBUG :: BB.RESPONSE :: health OK (0ms)
INFO - [G] 2026-09-13 18:52:20 :: DEBUG :: BB.SERVER :: Client connected
INFO - [G] 2026-09-13 18:52:20 :: DEBUG :: BB.REQUEST :: health()
INFO - [G] 2026-09-13 18:52:20 :: DEBUG :: BB.ENDPOINTS :: Init health()
INFO - [G] 2026-09-13 18:52:20 :: DEBUG :: BB.ENDPOINTS :: Return health()
INFO - [G] 2026-09-13 18:52:20 :: DEBUG :: BB.RESPONSE :: health OK (0ms)
INFO - [G] 2026-09-13 18:59:34 :: DEBUG :: BB.SERVER :: Client connected
INFO - [G] 2026-09-13 18:59:34 :: DEBUG :: BB.REQUEST :: health()
INFO - [G] 2026-09-13 18:59:34 :: DEBUG :: BB.ENDPOINTS :: Init health()
INFO - [G] 2026-09-13 18:59:34 :: DEBUG :: BB.ENDPOINTS :: Return health()
INFO - [G] 2026-09-13 18:59:34 :: DEBUG :: BB.RESPONSE :: health OK (0ms)
INFO - [G] 2026-09-13 18:59:36 :: DEBUG :: BB.SERVER :: Client connected
INFO - [G] 2026-09-13 18:59:36 :: DEBUG :: BB.REQUEST :: menu()
INFO - [G] 2026-09-13 18:59:36 :: DEBUG :: BB.ENDPOINTS :: Init menu()
INFO - [G] 2026-09-13 18:59:36 :: DEBUG :: BB.ENDPOINTS :: Return menu()
INFO - [G] 2026-09-13 18:59:36 :: DEBUG :: BB.RESPONSE :: menu OK (16ms)
INFO - [G] 2026-09-13 18:59:36 :: DEBUG :: BB.SERVER :: Client connected
INFO - [G] 2026-09-13 18:59:36 :: DEBUG :: BB.REQUEST :: start({deck="RED", stake="WHITE"})
INFO - [G] 2026-09-13 18:59:36 :: DEBUG :: BB.ENDPOINTS :: Init start()
INFO - [G] 2026-09-13 18:59:36 :: DEBUG :: BB.ENDPOINTS :: Setting deck to: Red Deck (from enum: RED)
INFO - [G] 2026-09-13 18:59:36 :: DEBUG :: BB.ENDPOINTS :: Starting run with stake=1 (WHITE), seed=none
INFO - [G] 2026-09-13 18:59:39 :: DEBUG :: BB.ENDPOINTS :: Return start()
INFO - [G] 2026-09-13 18:59:39 :: DEBUG :: BB.RESPONSE :: start OK (3065ms)
INFO - [G] 2026-09-13 18:59:39 :: DEBUG :: BB.SERVER :: Client connected
INFO - [G] 2026-09-13 18:59:39 :: DEBUG :: BB.REQUEST :: gamestate()
INFO - [G] 2026-09-13 18:59:39 :: DEBUG :: BB.ENDPOINTS :: Init gamestate()
INFO - [G] 2026-09-13 18:59:39 :: DEBUG :: BB.ENDPOINTS :: Return gamestate()
INFO - [G] 2026-09-13 18:59:39 :: DEBUG :: BB.RESPONSE :: gamestate OK (1ms)
INFO - [G] 2026-09-13 18:59:39 :: DEBUG :: BB.SERVER :: Client connected
INFO - [G] 2026-09-13 18:59:39 :: DEBUG :: BB.REQUEST :: select()
INFO - [G] 2026-09-13 18:59:39 :: DEBUG :: BB.ENDPOINTS :: Init select()
INFO - [G] 2026-09-13 18:59:39 :: DEBUG :: BB.ENDPOINTS :: Selecting Small (Small Blind), chips required: ?
INFO - [G] 2026-09-13 18:59:42 :: DEBUG :: BB.ENDPOINTS :: Return select()
INFO - [G] 2026-09-13 18:59:42 :: DEBUG :: BB.RESPONSE :: select OK (3184ms)
INFO - [G] 2026-09-13 18:59:42 :: DEBUG :: BB.SERVER :: Client connected
INFO - [G] 2026-09-13 18:59:42 :: DEBUG :: BB.REQUEST :: gamestate()
INFO - [G] 2026-09-13 18:59:42 :: DEBUG :: BB.ENDPOINTS :: Init gamestate()
INFO - [G] 2026-09-13 18:59:42 :: DEBUG :: BB.ENDPOINTS :: Return gamestate()
INFO - [G] 2026-09-13 18:59:42 :: DEBUG :: BB.RESPONSE :: gamestate OK (1ms)
INFO - [G] 2026-09-13 18:59:42 :: DEBUG :: BB.SERVER :: Client connected
INFO - [G] 2026-09-13 18:59:42 :: DEBUG :: BB.REQUEST :: play({cards=[1,2,3,4,7]})
INFO - [G] 2026-09-13 18:59:42 :: DEBUG :: BB.ENDPOINTS :: Init play()
INFO - [G] 2026-09-13 18:59:42 :: DEBUG :: BB.ENDPOINTS :: Playing 5 cards: Q♣, J♣, 10♣, 9♣, 2♣
INFO - [G] 2026-09-13 19:00:01 :: DEBUG :: BB.ENDPOINTS :: Return play() - cash out
INFO - [G] 2026-09-13 19:00:01 :: DEBUG :: BB.RESPONSE :: play OK (18390ms)
INFO - [G] 2026-09-13 19:00:02 :: DEBUG :: BB.SERVER :: Client connected
INFO - [G] 2026-09-13 19:00:02 :: DEBUG :: BB.REQUEST :: gamestate()
INFO - [G] 2026-09-13 19:00:02 :: DEBUG :: BB.ENDPOINTS :: Init gamestate()
INFO - [G] 2026-09-13 19:00:02 :: DEBUG :: BB.ENDPOINTS :: Return gamestate()
INFO - [G] 2026-09-13 19:00:02 :: DEBUG :: BB.RESPONSE :: gamestate OK (1ms)
INFO - [G] 2026-09-13 19:00:02 :: DEBUG :: BB.SERVER :: Client connected
INFO - [G] 2026-09-13 19:00:02 :: DEBUG :: BB.REQUEST :: cash_out()
INFO - [G] 2026-09-13 19:00:02 :: DEBUG :: BB.ENDPOINTS :: Init cash_out()
INFO - [G] 2026-09-13 19:00:04 :: DEBUG :: BB.ENDPOINTS :: Return cash_out() - reached SHOP state
INFO - [G] 2026-09-13 19:00:04 :: DEBUG :: BB.RESPONSE :: cash_out OK (1769ms)
INFO - [G] 2026-09-13 19:00:04 :: DEBUG :: BB.SERVER :: Client connected
INFO - [G] 2026-09-13 19:00:04 :: DEBUG :: BB.REQUEST :: gamestate()
INFO - [G] 2026-09-13 19:00:04 :: DEBUG :: BB.ENDPOINTS :: Init gamestate()
INFO - [G] 2026-09-13 19:00:04 :: DEBUG :: BB.ENDPOINTS :: Return gamestate()
INFO - [G] 2026-09-13 19:00:04 :: DEBUG :: BB.RESPONSE :: gamestate OK (1ms)
INFO - [G] 2026-09-13 19:00:04 :: DEBUG :: BB.SERVER :: Client connected
INFO - [G] 2026-09-13 19:00:04 :: DEBUG :: BB.REQUEST :: next_round()
INFO - [G] 2026-09-13 19:00:04 :: DEBUG :: BB.ENDPOINTS :: Init next_round()
INFO - [G] 2026-09-13 19:00:05 :: DEBUG :: BB.ENDPOINTS :: Return next_round() - reached BLIND_SELECT state
INFO - [G] 2026-09-13 19:00:05 :: DEBUG :: BB.RESPONSE :: next_round OK (819ms)
INFO - [G] 2026-09-13 19:00:05 :: DEBUG :: BB.SERVER :: Client connected
INFO - [G] 2026-09-13 19:00:05 :: DEBUG :: BB.REQUEST :: gamestate()
INFO - [G] 2026-09-13 19:00:05 :: DEBUG :: BB.ENDPOINTS :: Init gamestate()
INFO - [G] 2026-09-13 19:00:05 :: DEBUG :: BB.ENDPOINTS :: Return gamestate()
INFO - [G] 2026-09-13 19:00:05 :: DEBUG :: BB.RESPONSE :: gamestate OK (1ms)
INFO - [G] 2026-09-13 19:00:05 :: DEBUG :: BB.SERVER :: Client connected
INFO - [G] 2026-09-13 19:00:05 :: DEBUG :: BB.REQUEST :: select()
INFO - [G] 2026-09-13 19:00:05 :: DEBUG :: BB.ENDPOINTS :: Init select()
INFO - [G] 2026-09-13 19:00:05 :: DEBUG :: BB.ENDPOINTS :: Selecting Big (Big Blind), chips required: ?
INFO - [G] 2026-09-13 19:00:08 :: DEBUG :: BB.ENDPOINTS :: Return select()
INFO - [G] 2026-09-13 19:00:08 :: DEBUG :: BB.RESPONSE :: select OK (3165ms)
INFO - [G] 2026-09-13 19:00:08 :: DEBUG :: BB.SERVER :: Client connected
INFO - [G] 2026-09-13 19:00:08 :: DEBUG :: BB.REQUEST :: gamestate()
INFO - [G] 2026-09-13 19:00:08 :: DEBUG :: BB.ENDPOINTS :: Init gamestate()
INFO - [G] 2026-09-13 19:00:08 :: DEBUG :: BB.ENDPOINTS :: Return gamestate()
INFO - [G] 2026-09-13 19:00:08 :: DEBUG :: BB.RESPONSE :: gamestate OK (1ms)
INFO - [G] 2026-09-13 19:00:08 :: DEBUG :: BB.SERVER :: Client connected
INFO - [G] 2026-09-13 19:00:08 :: DEBUG :: BB.REQUEST :: play({cards=[1,2,3,4]})
INFO - [G] 2026-09-13 19:00:08 :: DEBUG :: BB.ENDPOINTS :: Init play()
INFO - [G] 2026-09-13 19:00:08 :: DEBUG :: BB.ENDPOINTS :: Playing 4 cards: J♣, J♦, 8♠, 8♦
INFO - [G] 2026-09-13 19:00:19 :: DEBUG :: BB.ENDPOINTS :: Return play() - same round
INFO - [G] 2026-09-13 19:00:19 :: DEBUG :: BB.RESPONSE :: play OK (10748ms)
INFO - [G] 2026-09-13 19:00:20 :: DEBUG :: BB.SERVER :: Client connected
INFO - [G] 2026-09-13 19:00:20 :: DEBUG :: BB.REQUEST :: gamestate()
INFO - [G] 2026-09-13 19:00:20 :: DEBUG :: BB.ENDPOINTS :: Init gamestate()
INFO - [G] 2026-09-13 19:00:20 :: DEBUG :: BB.ENDPOINTS :: Return gamestate()
INFO - [G] 2026-09-13 19:00:20 :: DEBUG :: BB.RESPONSE :: gamestate OK (1ms)
INFO - [G] 2026-09-13 19:00:21 :: DEBUG :: BB.SERVER :: Client connected
INFO - [G] 2026-09-13 19:00:21 :: DEBUG :: BB.REQUEST :: discard({cards=[0,3,4,5]})
INFO - [G] 2026-09-13 19:00:21 :: DEBUG :: BB.ENDPOINTS :: Init discard()
INFO - [G] 2026-09-13 19:00:21 :: DEBUG :: BB.ENDPOINTS :: Discarding 4 cards: K♦, 8♥, 7♦, 3♠ (3 discards left)
INFO - [G] 2026-09-13 19:00:22 :: DEBUG :: BB.ENDPOINTS :: Return discard()
INFO - [G] 2026-09-13 19:00:22 :: DEBUG :: BB.RESPONSE :: discard OK (1664ms)
INFO - [G] 2026-09-13 19:00:24 :: DEBUG :: BB.SERVER :: Client connected
INFO - [G] 2026-09-13 19:00:24 :: DEBUG :: BB.REQUEST :: gamestate()
INFO - [G] 2026-09-13 19:00:24 :: DEBUG :: BB.ENDPOINTS :: Init gamestate()
INFO - [G] 2026-09-13 19:00:24 :: DEBUG :: BB.ENDPOINTS :: Return gamestate()
INFO - [G] 2026-09-13 19:00:24 :: DEBUG :: BB.RESPONSE :: gamestate OK (1ms)
INFO - [G] 2026-09-13 19:00:24 :: DEBUG :: BB.SERVER :: Client connected
INFO - [G] 2026-09-13 19:00:24 :: DEBUG :: BB.REQUEST :: play({cards=[2,3,6,7]})
INFO - [G] 2026-09-13 19:00:24 :: DEBUG :: BB.ENDPOINTS :: Init play()
INFO - [G] 2026-09-13 19:00:24 :: DEBUG :: BB.ENDPOINTS :: Playing 4 cards: 10♥, 10♦, 2♥, 2♣
INFO - [G] 2026-09-13 19:00:35 :: DEBUG :: BB.ENDPOINTS :: Return play() - same round
INFO - [G] 2026-09-13 19:00:35 :: DEBUG :: BB.RESPONSE :: play OK (10658ms)
INFO - [G] 2026-09-13 19:00:36 :: DEBUG :: BB.SERVER :: Client connected
INFO - [G] 2026-09-13 19:00:36 :: DEBUG :: BB.REQUEST :: gamestate()
INFO - [G] 2026-09-13 19:00:36 :: DEBUG :: BB.ENDPOINTS :: Init gamestate()
INFO - [G] 2026-09-13 19:00:36 :: DEBUG :: BB.ENDPOINTS :: Return gamestate()
INFO - [G] 2026-09-13 19:00:36 :: DEBUG :: BB.RESPONSE :: gamestate OK (1ms)
INFO - [G] 2026-09-13 19:00:36 :: DEBUG :: BB.SERVER :: Client connected
INFO - [G] 2026-09-13 19:00:36 :: DEBUG :: BB.REQUEST :: play({cards=[0]})
INFO - [G] 2026-09-13 19:00:36 :: DEBUG :: BB.ENDPOINTS :: Init play()
INFO - [G] 2026-09-13 19:00:36 :: DEBUG :: BB.ENDPOINTS :: Playing 1 cards: K♣
INFO - [G] 2026-09-13 19:00:42 :: DEBUG :: BB.ENDPOINTS :: Return play() - same round
INFO - [G] 2026-09-13 19:00:42 :: DEBUG :: BB.RESPONSE :: play OK (6028ms)
INFO - [G] 2026-09-13 19:00:44 :: DEBUG :: BB.SERVER :: Client connected
INFO - [G] 2026-09-13 19:00:44 :: DEBUG :: BB.REQUEST :: gamestate()
INFO - [G] 2026-09-13 19:00:44 :: DEBUG :: BB.ENDPOINTS :: Init gamestate()
INFO - [G] 2026-09-13 19:00:44 :: DEBUG :: BB.ENDPOINTS :: Return gamestate()
INFO - [G] 2026-09-13 19:00:44 :: DEBUG :: BB.RESPONSE :: gamestate OK (1ms)
INFO - [G] 2026-09-13 19:00:44 :: DEBUG :: BB.SERVER :: Client connected
INFO - [G] 2026-09-13 19:00:44 :: DEBUG :: BB.REQUEST :: play({cards=[0]})
INFO - [G] 2026-09-13 19:00:44 :: DEBUG :: BB.ENDPOINTS :: Init play()
INFO - [G] 2026-09-13 19:00:44 :: DEBUG :: BB.ENDPOINTS :: Playing 1 cards: Q♠
INFO - [G] 2026-09-13 19:00:50 :: DEBUG :: BB.RESPONSE :: play OK (5633ms)
INFO - [G] 2026-09-13 19:00:51 :: DEBUG :: BB.SERVER :: Client connected
INFO - [G] 2026-09-13 19:00:51 :: DEBUG :: BB.REQUEST :: gamestate()
INFO - [G] 2026-09-13 19:00:51 :: DEBUG :: BB.ENDPOINTS :: Init gamestate()
INFO - [G] 2026-09-13 19:00:51 :: DEBUG :: BB.ENDPOINTS :: Return gamestate()
INFO - [G] 2026-09-13 19:00:51 :: DEBUG :: BB.RESPONSE :: gamestate OK (1ms)
INFO - [G] 2026-09-13 19:07:15 :: DEBUG :: BB.SERVER :: Client connected
INFO - [G] 2026-09-13 19:07:15 :: DEBUG :: BB.REQUEST :: health()
INFO - [G] 2026-09-13 19:07:15 :: DEBUG :: BB.ENDPOINTS :: Init health()
INFO - [G] 2026-09-13 19:07:15 :: DEBUG :: BB.ENDPOINTS :: Return health()
INFO - [G] 2026-09-13 19:07:15 :: DEBUG :: BB.RESPONSE :: health OK (0ms)
INFO - [G] 2026-09-13 19:07:17 :: DEBUG :: BB.SERVER :: Client connected
INFO - [G] 2026-09-13 19:07:17 :: DEBUG :: BB.REQUEST :: menu()
INFO - [G] 2026-09-13 19:07:17 :: DEBUG :: BB.ENDPOINTS :: Init menu()
INFO - [G] 2026-09-13 19:07:21 :: DEBUG :: BB.ENDPOINTS :: Return menu()
INFO - [G] 2026-09-13 19:07:21 :: DEBUG :: BB.RESPONSE :: menu OK (3894ms)
INFO - [G] 2026-09-13 19:07:21 :: DEBUG :: BB.SERVER :: Client connected
INFO - [G] 2026-09-13 19:07:21 :: DEBUG :: BB.REQUEST :: start({deck="RED", stake="WHITE"})
INFO - [G] 2026-09-13 19:07:21 :: DEBUG :: BB.ENDPOINTS :: Init start()
INFO - [G] 2026-09-13 19:07:21 :: DEBUG :: BB.ENDPOINTS :: Setting deck to: Red Deck (from enum: RED)
INFO - [G] 2026-09-13 19:07:21 :: DEBUG :: BB.ENDPOINTS :: Starting run with stake=1 (WHITE), seed=none
INFO - [G] 2026-09-13 19:07:24 :: DEBUG :: BB.ENDPOINTS :: Return start()
INFO - [G] 2026-09-13 19:07:24 :: DEBUG :: BB.RESPONSE :: start OK (3044ms)
INFO - [G] 2026-09-13 19:07:24 :: DEBUG :: BB.SERVER :: Client connected
INFO - [G] 2026-09-13 19:07:24 :: DEBUG :: BB.REQUEST :: gamestate()
INFO - [G] 2026-09-13 19:07:24 :: DEBUG :: BB.ENDPOINTS :: Init gamestate()
INFO - [G] 2026-09-13 19:07:24 :: DEBUG :: BB.ENDPOINTS :: Return gamestate()
INFO - [G] 2026-09-13 19:07:24 :: DEBUG :: BB.RESPONSE :: gamestate OK (1ms)
INFO - [G] 2026-09-13 19:07:24 :: DEBUG :: BB.SERVER :: Client connected
INFO - [G] 2026-09-13 19:07:24 :: DEBUG :: BB.REQUEST :: select()
INFO - [G] 2026-09-13 19:07:24 :: DEBUG :: BB.ENDPOINTS :: Init select()
INFO - [G] 2026-09-13 19:07:24 :: DEBUG :: BB.ENDPOINTS :: Selecting Small (Small Blind), chips required: ?
INFO - [G] 2026-09-13 19:07:27 :: DEBUG :: BB.ENDPOINTS :: Return select()
INFO - [G] 2026-09-13 19:07:27 :: DEBUG :: BB.RESPONSE :: select OK (3198ms)
INFO - [G] 2026-09-13 19:07:27 :: DEBUG :: BB.SERVER :: Client connected
INFO - [G] 2026-09-13 19:07:27 :: DEBUG :: BB.REQUEST :: gamestate()
INFO - [G] 2026-09-13 19:07:27 :: DEBUG :: BB.ENDPOINTS :: Init gamestate()
INFO - [G] 2026-09-13 19:07:27 :: DEBUG :: BB.ENDPOINTS :: Return gamestate()
INFO - [G] 2026-09-13 19:07:27 :: DEBUG :: BB.RESPONSE :: gamestate OK (1ms)
INFO - [G] 2026-09-13 19:07:28 :: DEBUG :: BB.SERVER :: Client connected
INFO - [G] 2026-09-13 19:07:28 :: DEBUG :: BB.REQUEST :: play({cards=[5,6,7]})
INFO - [G] 2026-09-13 19:07:28 :: DEBUG :: BB.ENDPOINTS :: Init play()
INFO - [G] 2026-09-13 19:07:28 :: DEBUG :: BB.ENDPOINTS :: Playing 3 cards: 3♠, 3♥, 3♦
INFO - [G] 2026-09-13 19:07:37 :: DEBUG :: BB.ENDPOINTS :: Return play() - same round
INFO - [G] 2026-09-13 19:07:37 :: DEBUG :: BB.RESPONSE :: play OK (9200ms)
INFO - [G] 2026-09-13 19:07:38 :: DEBUG :: BB.SERVER :: Client connected
INFO - [G] 2026-09-13 19:07:38 :: DEBUG :: BB.REQUEST :: gamestate()
INFO - [G] 2026-09-13 19:07:38 :: DEBUG :: BB.ENDPOINTS :: Init gamestate()
INFO - [G] 2026-09-13 19:07:38 :: DEBUG :: BB.ENDPOINTS :: Return gamestate()
INFO - [G] 2026-09-13 19:07:38 :: DEBUG :: BB.RESPONSE :: gamestate OK (1ms)
INFO - [G] 2026-09-13 19:07:38 :: DEBUG :: BB.SERVER :: Client connected
INFO - [G] 2026-09-13 19:07:38 :: DEBUG :: BB.REQUEST :: play({cards=[4,5]})
INFO - [G] 2026-09-13 19:07:38 :: DEBUG :: BB.ENDPOINTS :: Init play()
INFO - [G] 2026-09-13 19:07:38 :: DEBUG :: BB.ENDPOINTS :: Playing 2 cards: 8♠, 8♥
INFO - [G] 2026-09-13 19:07:46 :: DEBUG :: BB.ENDPOINTS :: Return play() - same round
INFO - [G] 2026-09-13 19:07:46 :: DEBUG :: BB.RESPONSE :: play OK (7586ms)
INFO - [G] 2026-09-13 19:07:48 :: DEBUG :: BB.SERVER :: Client connected
INFO - [G] 2026-09-13 19:07:48 :: DEBUG :: BB.REQUEST :: gamestate()
INFO - [G] 2026-09-13 19:07:48 :: DEBUG :: BB.ENDPOINTS :: Init gamestate()
INFO - [G] 2026-09-13 19:07:48 :: DEBUG :: BB.ENDPOINTS :: Return gamestate()
INFO - [G] 2026-09-13 19:07:48 :: DEBUG :: BB.RESPONSE :: gamestate OK (1ms)
INFO - [G] 2026-09-13 19:07:48 :: DEBUG :: BB.SERVER :: Client connected
INFO - [G] 2026-09-13 19:07:48 :: DEBUG :: BB.REQUEST :: discard({cards=[3,4,5,6,7]})
INFO - [G] 2026-09-13 19:07:48 :: DEBUG :: BB.ENDPOINTS :: Init discard()
INFO - [G] 2026-09-13 19:07:48 :: DEBUG :: BB.ENDPOINTS :: Discarding 5 cards: Q♥, J♦, 7♦, 5♦, 4♣ (3 discards left)
INFO - [G] 2026-09-13 19:07:50 :: DEBUG :: BB.ENDPOINTS :: Return discard()
INFO - [G] 2026-09-13 19:07:50 :: DEBUG :: BB.RESPONSE :: discard OK (1980ms)
INFO - [G] 2026-09-13 19:07:51 :: DEBUG :: BB.SERVER :: Client connected
INFO - [G] 2026-09-13 19:07:51 :: DEBUG :: BB.REQUEST :: gamestate()
INFO - [G] 2026-09-13 19:07:51 :: DEBUG :: BB.ENDPOINTS :: Init gamestate()
INFO - [G] 2026-09-13 19:07:51 :: DEBUG :: BB.ENDPOINTS :: Return gamestate()
INFO - [G] 2026-09-13 19:07:51 :: DEBUG :: BB.RESPONSE :: gamestate OK (1ms)
INFO - [G] 2026-09-13 19:07:51 :: DEBUG :: BB.SERVER :: Client connected
INFO - [G] 2026-09-13 19:07:51 :: DEBUG :: BB.REQUEST :: play({cards=[0,1,2,3]})
INFO - [G] 2026-09-13 19:07:51 :: DEBUG :: BB.ENDPOINTS :: Init play()
INFO - [G] 2026-09-13 19:07:51 :: DEBUG :: BB.ENDPOINTS :: Playing 4 cards: A♣, A♦, K♥, K♦
INFO - [G] 2026-09-13 19:08:02 :: DEBUG :: BB.ENDPOINTS :: Return play() - same round
INFO - [G] 2026-09-13 19:08:02 :: DEBUG :: BB.RESPONSE :: play OK (10634ms)
INFO - [G] 2026-09-13 19:08:04 :: DEBUG :: BB.SERVER :: Client connected
INFO - [G] 2026-09-13 19:08:04 :: DEBUG :: BB.REQUEST :: gamestate()
INFO - [G] 2026-09-13 19:08:04 :: DEBUG :: BB.ENDPOINTS :: Init gamestate()
INFO - [G] 2026-09-13 19:08:04 :: DEBUG :: BB.ENDPOINTS :: Return gamestate()
INFO - [G] 2026-09-13 19:08:04 :: DEBUG :: BB.RESPONSE :: gamestate OK (1ms)
INFO - [G] 2026-09-13 19:08:04 :: DEBUG :: BB.SERVER :: Client connected
INFO - [G] 2026-09-13 19:08:04 :: DEBUG :: BB.REQUEST :: play({cards=[2,3,4,5,6]})
INFO - [G] 2026-09-13 19:08:04 :: DEBUG :: BB.ENDPOINTS :: Init play()
INFO - [G] 2026-09-13 19:08:04 :: DEBUG :: BB.ENDPOINTS :: Playing 5 cards: 7♥, 6♣, 5♣, 4♠, 3♣
INFO - [G] 2026-09-13 19:08:20 :: DEBUG :: BB.ENDPOINTS :: Return play() - cash out
INFO - [G] 2026-09-13 19:08:20 :: DEBUG :: BB.RESPONSE :: play OK (16541ms)
INFO - [G] 2026-09-13 19:08:22 :: DEBUG :: BB.SERVER :: Client connected
INFO - [G] 2026-09-13 19:08:22 :: DEBUG :: BB.REQUEST :: gamestate()
INFO - [G] 2026-09-13 19:08:22 :: DEBUG :: BB.ENDPOINTS :: Init gamestate()
INFO - [G] 2026-09-13 19:08:22 :: DEBUG :: BB.ENDPOINTS :: Return gamestate()
INFO - [G] 2026-09-13 19:08:22 :: DEBUG :: BB.RESPONSE :: gamestate OK (2ms)
INFO - [G] 2026-09-13 19:08:22 :: DEBUG :: BB.SERVER :: Client connected
INFO - [G] 2026-09-13 19:08:22 :: DEBUG :: BB.REQUEST :: cash_out()
INFO - [G] 2026-09-13 19:08:22 :: DEBUG :: BB.ENDPOINTS :: Init cash_out()
INFO - [G] 2026-09-13 19:08:24 :: DEBUG :: BB.ENDPOINTS :: Return cash_out() - reached SHOP state
INFO - [G] 2026-09-13 19:08:24 :: DEBUG :: BB.RESPONSE :: cash_out OK (1764ms)
INFO - [G] 2026-09-13 19:08:24 :: DEBUG :: BB.SERVER :: Client connected
INFO - [G] 2026-09-13 19:08:24 :: DEBUG :: BB.REQUEST :: gamestate()
INFO - [G] 2026-09-13 19:08:24 :: DEBUG :: BB.ENDPOINTS :: Init gamestate()
INFO - [G] 2026-09-13 19:08:24 :: DEBUG :: BB.ENDPOINTS :: Return gamestate()
INFO - [G] 2026-09-13 19:08:24 :: DEBUG :: BB.RESPONSE :: gamestate OK (2ms)
INFO - [G] 2026-09-13 19:08:24 :: DEBUG :: BB.SERVER :: Client connected
INFO - [G] 2026-09-13 19:08:24 :: DEBUG :: BB.REQUEST :: next_round()
INFO - [G] 2026-09-13 19:08:24 :: DEBUG :: BB.ENDPOINTS :: Init next_round()
INFO - [G] 2026-09-13 19:08:24 :: DEBUG :: BB.ENDPOINTS :: Return next_round() - reached BLIND_SELECT state
INFO - [G] 2026-09-13 19:08:24 :: DEBUG :: BB.RESPONSE :: next_round OK (814ms)
INFO - [G] 2026-09-13 19:08:24 :: DEBUG :: BB.SERVER :: Client connected
INFO - [G] 2026-09-13 19:08:24 :: DEBUG :: BB.REQUEST :: gamestate()
INFO - [G] 2026-09-13 19:08:24 :: DEBUG :: BB.ENDPOINTS :: Init gamestate()
INFO - [G] 2026-09-13 19:08:24 :: DEBUG :: BB.ENDPOINTS :: Return gamestate()
INFO - [G] 2026-09-13 19:08:24 :: DEBUG :: BB.RESPONSE :: gamestate OK (1ms)
INFO - [G] 2026-09-13 19:08:24 :: DEBUG :: BB.SERVER :: Client connected
INFO - [G] 2026-09-13 19:08:24 :: DEBUG :: BB.REQUEST :: select()
INFO - [G] 2026-09-13 19:08:24 :: DEBUG :: BB.ENDPOINTS :: Init select()
INFO - [G] 2026-09-13 19:08:24 :: DEBUG :: BB.ENDPOINTS :: Selecting Big (Big Blind), chips required: ?
INFO - [G] 2026-09-13 19:08:27 :: DEBUG :: BB.ENDPOINTS :: Return select()
INFO - [G] 2026-09-13 19:08:27 :: DEBUG :: BB.RESPONSE :: select OK (3015ms)
INFO - [G] 2026-09-13 19:08:27 :: DEBUG :: BB.SERVER :: Client connected
INFO - [G] 2026-09-13 19:08:27 :: DEBUG :: BB.REQUEST :: gamestate()
INFO - [G] 2026-09-13 19:08:27 :: DEBUG :: BB.ENDPOINTS :: Init gamestate()
INFO - [G] 2026-09-13 19:08:27 :: DEBUG :: BB.ENDPOINTS :: Return gamestate()
INFO - [G] 2026-09-13 19:08:27 :: DEBUG :: BB.RESPONSE :: gamestate OK (1ms)
INFO - [G] 2026-09-13 19:08:28 :: DEBUG :: BB.SERVER :: Client connected
INFO - [G] 2026-09-13 19:08:28 :: DEBUG :: BB.REQUEST :: play({cards=[0,1,3,4,5]})
INFO - [G] 2026-09-13 19:08:28 :: DEBUG :: BB.ENDPOINTS :: Init play()
INFO - [G] 2026-09-13 19:08:28 :: DEBUG :: BB.ENDPOINTS :: Playing 5 cards: A♦, K♣, Q♦, J♥, 10♣
INFO - [G] 2026-09-13 19:08:39 :: DEBUG :: BB.ENDPOINTS :: Return play() - same round
INFO - [G] 2026-09-13 19:08:39 :: DEBUG :: BB.RESPONSE :: play OK (11735ms)
INFO - [G] 2026-09-13 19:08:41 :: DEBUG :: BB.SERVER :: Client connected
INFO - [G] 2026-09-13 19:08:41 :: DEBUG :: BB.REQUEST :: gamestate()
INFO - [G] 2026-09-13 19:08:41 :: DEBUG :: BB.ENDPOINTS :: Init gamestate()
INFO - [G] 2026-09-13 19:08:41 :: DEBUG :: BB.ENDPOINTS :: Return gamestate()
INFO - [G] 2026-09-13 19:08:41 :: DEBUG :: BB.RESPONSE :: gamestate OK (1ms)
INFO - [G] 2026-09-13 19:08:41 :: DEBUG :: BB.SERVER :: Client connected
INFO - [G] 2026-09-13 19:08:41 :: DEBUG :: BB.REQUEST :: discard({cards=[0,1,4]})
INFO - [G] 2026-09-13 19:08:41 :: DEBUG :: BB.ENDPOINTS :: Init discard()
INFO - [G] 2026-09-13 19:08:41 :: DEBUG :: BB.ENDPOINTS :: Discarding 3 cards: K♦, Q♠, 9♠ (3 discards left)
INFO - [G] 2026-09-13 19:08:42 :: DEBUG :: BB.ENDPOINTS :: Return discard()
INFO - [G] 2026-09-13 19:08:42 :: DEBUG :: BB.RESPONSE :: discard OK (1292ms)
INFO - [G] 2026-09-13 19:08:44 :: DEBUG :: BB.SERVER :: Client connected
INFO - [G] 2026-09-13 19:08:44 :: DEBUG :: BB.REQUEST :: gamestate()
INFO - [G] 2026-09-13 19:08:44 :: DEBUG :: BB.ENDPOINTS :: Init gamestate()
INFO - [G] 2026-09-13 19:08:44 :: DEBUG :: BB.ENDPOINTS :: Return gamestate()
INFO - [G] 2026-09-13 19:08:44 :: DEBUG :: BB.RESPONSE :: gamestate OK (1ms)
INFO - [G] 2026-09-13 19:08:44 :: DEBUG :: BB.SERVER :: Client connected
INFO - [G] 2026-09-13 19:08:44 :: DEBUG :: BB.REQUEST :: play({cards=[2,3,4,5]})
INFO - [G] 2026-09-13 19:08:44 :: DEBUG :: BB.ENDPOINTS :: Init play()
INFO - [G] 2026-09-13 19:08:44 :: DEBUG :: BB.ENDPOINTS :: Playing 4 cards: 4♠, 4♥, 4♣, 4♦
INFO - [G] 2026-09-13 19:08:56 :: DEBUG :: BB.ENDPOINTS :: Return play() - cash out
INFO - [G] 2026-09-13 19:08:56 :: DEBUG :: BB.RESPONSE :: play OK (11924ms)
INFO - [G] 2026-09-13 19:08:58 :: DEBUG :: BB.SERVER :: Client connected
INFO - [G] 2026-09-13 19:08:58 :: DEBUG :: BB.REQUEST :: gamestate()
INFO - [G] 2026-09-13 19:08:58 :: DEBUG :: BB.ENDPOINTS :: Init gamestate()
INFO - [G] 2026-09-13 19:08:58 :: DEBUG :: BB.ENDPOINTS :: Return gamestate()
INFO - [G] 2026-09-13 19:08:58 :: DEBUG :: BB.RESPONSE :: gamestate OK (1ms)
INFO - [G] 2026-09-13 19:08:58 :: DEBUG :: BB.SERVER :: Client connected
INFO - [G] 2026-09-13 19:08:58 :: DEBUG :: BB.REQUEST :: cash_out()
INFO - [G] 2026-09-13 19:08:58 :: DEBUG :: BB.ENDPOINTS :: Init cash_out()
INFO - [G] 2026-09-13 19:09:05 :: DEBUG :: BB.ENDPOINTS :: Return cash_out() - reached SHOP state
INFO - [G] 2026-09-13 19:09:05 :: DEBUG :: BB.RESPONSE :: cash_out OK (7042ms)
INFO - [G] 2026-09-13 19:09:05 :: DEBUG :: BB.SERVER :: Client connected
INFO - [G] 2026-09-13 19:09:05 :: DEBUG :: BB.REQUEST :: gamestate()
INFO - [G] 2026-09-13 19:09:05 :: DEBUG :: BB.ENDPOINTS :: Init gamestate()
INFO - [G] 2026-09-13 19:09:05 :: DEBUG :: BB.ENDPOINTS :: Return gamestate()
INFO - [G] 2026-09-13 19:09:05 :: DEBUG :: BB.RESPONSE :: gamestate OK (2ms)
INFO - [G] 2026-09-13 19:09:05 :: DEBUG :: BB.SERVER :: Client connected
INFO - [G] 2026-09-13 19:09:05 :: DEBUG :: BB.REQUEST :: next_round()
INFO - [G] 2026-09-13 19:09:05 :: DEBUG :: BB.ENDPOINTS :: Init next_round()
INFO - [G] 2026-09-13 19:09:05 :: DEBUG :: BB.ENDPOINTS :: Return next_round() - reached BLIND_SELECT state
INFO - [G] 2026-09-13 19:09:05 :: DEBUG :: BB.RESPONSE :: next_round OK (831ms)
INFO - [G] 2026-09-13 19:09:05 :: DEBUG :: BB.SERVER :: Client connected
INFO - [G] 2026-09-13 19:09:05 :: DEBUG :: BB.REQUEST :: gamestate()
INFO - [G] 2026-09-13 19:09:05 :: DEBUG :: BB.ENDPOINTS :: Init gamestate()
INFO - [G] 2026-09-13 19:09:05 :: DEBUG :: BB.ENDPOINTS :: Return gamestate()
INFO - [G] 2026-09-13 19:09:05 :: DEBUG :: BB.RESPONSE :: gamestate OK (1ms)
INFO - [G] 2026-09-13 19:09:05 :: DEBUG :: BB.SERVER :: Client connected
INFO - [G] 2026-09-13 19:09:05 :: DEBUG :: BB.REQUEST :: select()
INFO - [G] 2026-09-13 19:09:05 :: DEBUG :: BB.ENDPOINTS :: Init select()
INFO - [G] 2026-09-13 19:09:05 :: DEBUG :: BB.ENDPOINTS :: Selecting Boss (The Psychic), chips required: ?
INFO - [G] 2026-09-13 19:09:08 :: DEBUG :: BB.ENDPOINTS :: Return select()
INFO - [G] 2026-09-13 19:09:08 :: DEBUG :: BB.RESPONSE :: select OK (3040ms)
INFO - [G] 2026-09-13 19:09:08 :: DEBUG :: BB.SERVER :: Client connected
INFO - [G] 2026-09-13 19:09:08 :: DEBUG :: BB.REQUEST :: gamestate()
INFO - [G] 2026-09-13 19:09:08 :: DEBUG :: BB.ENDPOINTS :: Init gamestate()
INFO - [G] 2026-09-13 19:09:08 :: DEBUG :: BB.ENDPOINTS :: Return gamestate()
INFO - [G] 2026-09-13 19:09:08 :: DEBUG :: BB.RESPONSE :: gamestate OK (1ms)
INFO - [G] 2026-09-13 19:09:09 :: DEBUG :: BB.SERVER :: Client connected
INFO - [G] 2026-09-13 19:09:09 :: DEBUG :: BB.REQUEST :: play({cards=[2,3,4,5,6]})
INFO - [G] 2026-09-13 19:09:09 :: DEBUG :: BB.ENDPOINTS :: Init play()
INFO - [G] 2026-09-13 19:09:09 :: DEBUG :: BB.ENDPOINTS :: Playing 5 cards: 10♥, 9♠, 8♣, 7♣, 6♥
INFO - [G] 2026-09-13 19:09:20 :: DEBUG :: BB.ENDPOINTS :: Return play() - same round
INFO - [G] 2026-09-13 19:09:20 :: DEBUG :: BB.RESPONSE :: play OK (11800ms)
INFO - [G] 2026-09-13 19:09:22 :: DEBUG :: BB.SERVER :: Client connected
INFO - [G] 2026-09-13 19:09:22 :: DEBUG :: BB.REQUEST :: gamestate()
INFO - [G] 2026-09-13 19:09:22 :: DEBUG :: BB.ENDPOINTS :: Init gamestate()
INFO - [G] 2026-09-13 19:09:22 :: DEBUG :: BB.ENDPOINTS :: Return gamestate()
INFO - [G] 2026-09-13 19:09:22 :: DEBUG :: BB.RESPONSE :: gamestate OK (1ms)
INFO - [G] 2026-09-13 19:09:22 :: DEBUG :: BB.SERVER :: Client connected
INFO - [G] 2026-09-13 19:09:22 :: DEBUG :: BB.REQUEST :: discard({cards=[1,4,5,6,7]})
INFO - [G] 2026-09-13 19:09:22 :: DEBUG :: BB.ENDPOINTS :: Init discard()
INFO - [G] 2026-09-13 19:09:22 :: DEBUG :: BB.ENDPOINTS :: Discarding 5 cards: Q♠, 9♦, 8♦, 5♥, 4♠ (3 discards left)
INFO - [G] 2026-09-13 19:09:24 :: DEBUG :: BB.ENDPOINTS :: Return discard()
INFO - [G] 2026-09-13 19:09:24 :: DEBUG :: BB.RESPONSE :: discard OK (1765ms)
INFO - [G] 2026-09-13 19:09:26 :: DEBUG :: BB.SERVER :: Client connected
INFO - [G] 2026-09-13 19:09:26 :: DEBUG :: BB.REQUEST :: gamestate()
INFO - [G] 2026-09-13 19:09:26 :: DEBUG :: BB.ENDPOINTS :: Init gamestate()
INFO - [G] 2026-09-13 19:09:26 :: DEBUG :: BB.ENDPOINTS :: Return gamestate()
INFO - [G] 2026-09-13 19:09:26 :: DEBUG :: BB.RESPONSE :: gamestate OK (1ms)
INFO - [G] 2026-09-13 19:09:26 :: DEBUG :: BB.SERVER :: Client connected
INFO - [G] 2026-09-13 19:09:26 :: DEBUG :: BB.REQUEST :: play({cards=[1,2,3,4]})
INFO - [G] 2026-09-13 19:09:26 :: DEBUG :: BB.ENDPOINTS :: Init play()
INFO - [G] 2026-09-13 19:09:26 :: DEBUG :: BB.ENDPOINTS :: Playing 4 cards: K♣, K♦, J♠, J♥
INFO - [G] 2026-09-13 19:09:31 :: DEBUG :: BB.ENDPOINTS :: Return play() - same round
INFO - [G] 2026-09-13 19:09:31 :: DEBUG :: BB.RESPONSE :: play OK (5388ms)
INFO - [G] 2026-09-13 19:09:33 :: DEBUG :: BB.SERVER :: Client connected
INFO - [G] 2026-09-13 19:09:33 :: DEBUG :: BB.REQUEST :: gamestate()
INFO - [G] 2026-09-13 19:09:33 :: DEBUG :: BB.ENDPOINTS :: Init gamestate()
INFO - [G] 2026-09-13 19:09:33 :: DEBUG :: BB.ENDPOINTS :: Return gamestate()
INFO - [G] 2026-09-13 19:09:33 :: DEBUG :: BB.RESPONSE :: gamestate OK (1ms)
INFO - [G] 2026-09-13 19:09:33 :: DEBUG :: BB.SERVER :: Client connected
INFO - [G] 2026-09-13 19:09:33 :: DEBUG :: BB.REQUEST :: discard({cards=[2,3,4,5]})
INFO - [G] 2026-09-13 19:09:33 :: DEBUG :: BB.ENDPOINTS :: Init discard()
INFO - [G] 2026-09-13 19:09:33 :: DEBUG :: BB.ENDPOINTS :: Discarding 4 cards: Q♥, 10♦, 9♣, 7♠ (2 discards left)
INFO - [G] 2026-09-13 19:09:34 :: DEBUG :: BB.ENDPOINTS :: Return discard()
INFO - [G] 2026-09-13 19:09:34 :: DEBUG :: BB.RESPONSE :: discard OK (1526ms)
INFO - [G] 2026-09-13 19:09:36 :: DEBUG :: BB.SERVER :: Client connected
INFO - [G] 2026-09-13 19:09:36 :: DEBUG :: BB.REQUEST :: gamestate()
INFO - [G] 2026-09-13 19:09:36 :: DEBUG :: BB.ENDPOINTS :: Init gamestate()
INFO - [G] 2026-09-13 19:09:36 :: DEBUG :: BB.ENDPOINTS :: Return gamestate()
INFO - [G] 2026-09-13 19:09:36 :: DEBUG :: BB.RESPONSE :: gamestate OK (1ms)
INFO - [G] 2026-09-13 19:09:36 :: DEBUG :: BB.SERVER :: Client connected
INFO - [G] 2026-09-13 19:09:36 :: DEBUG :: BB.REQUEST :: discard({cards=[4,5,6,7]})
INFO - [G] 2026-09-13 19:09:36 :: DEBUG :: BB.ENDPOINTS :: Init discard()
INFO - [G] 2026-09-13 19:09:36 :: DEBUG :: BB.ENDPOINTS :: Discarding 4 cards: Q♦, 4♥, 4♦, 2♥ (1 discards left)
INFO - [G] 2026-09-13 19:09:38 :: DEBUG :: BB.ENDPOINTS :: Return discard()
INFO - [G] 2026-09-13 19:09:38 :: DEBUG :: BB.RESPONSE :: discard OK (1535ms)
INFO - [G] 2026-09-13 19:09:39 :: DEBUG :: BB.SERVER :: Client connected
INFO - [G] 2026-09-13 19:09:39 :: DEBUG :: BB.REQUEST :: gamestate()
INFO - [G] 2026-09-13 19:09:39 :: DEBUG :: BB.ENDPOINTS :: Init gamestate()
INFO - [G] 2026-09-13 19:09:39 :: DEBUG :: BB.ENDPOINTS :: Return gamestate()
INFO - [G] 2026-09-13 19:09:39 :: DEBUG :: BB.RESPONSE :: gamestate OK (1ms)
INFO - [G] 2026-09-13 19:09:39 :: DEBUG :: BB.SERVER :: Client connected
INFO - [G] 2026-09-13 19:09:39 :: DEBUG :: BB.REQUEST :: play({cards=[0,1,2,3,4]})
INFO - [G] 2026-09-13 19:09:39 :: DEBUG :: BB.ENDPOINTS :: Init play()
INFO - [G] 2026-09-13 19:09:39 :: DEBUG :: BB.ENDPOINTS :: Playing 5 cards: A♠, A♣, A♦, K♠, K♥
INFO - [G] 2026-09-13 19:09:54 :: DEBUG :: BB.ENDPOINTS :: Return play() - cash out
INFO - [G] 2026-09-13 19:09:54 :: DEBUG :: BB.RESPONSE :: play OK (14182ms)
INFO - [G] 2026-09-13 19:09:55 :: DEBUG :: BB.SERVER :: Client connected
INFO - [G] 2026-09-13 19:09:55 :: DEBUG :: BB.REQUEST :: gamestate()
INFO - [G] 2026-09-13 19:09:55 :: DEBUG :: BB.ENDPOINTS :: Init gamestate()
INFO - [G] 2026-09-13 19:09:55 :: DEBUG :: BB.ENDPOINTS :: Return gamestate()
INFO - [G] 2026-09-13 19:09:55 :: DEBUG :: BB.RESPONSE :: gamestate OK (1ms)
INFO - [G] 2026-09-13 19:11:06 :: DEBUG :: BB.SERVER :: Client connected
INFO - [G] 2026-09-13 19:11:06 :: DEBUG :: BB.REQUEST :: health()
INFO - [G] 2026-09-13 19:11:06 :: DEBUG :: BB.ENDPOINTS :: Init health()
INFO - [G] 2026-09-13 19:11:06 :: DEBUG :: BB.ENDPOINTS :: Return health()
INFO - [G] 2026-09-13 19:11:06 :: DEBUG :: BB.RESPONSE :: health OK (0ms)
INFO - [G] 2026-09-13 19:11:09 :: DEBUG :: BB.SERVER :: Client connected
INFO - [G] 2026-09-13 19:11:09 :: DEBUG :: BB.REQUEST :: menu()
INFO - [G] 2026-09-13 19:11:09 :: DEBUG :: BB.ENDPOINTS :: Init menu()
INFO - [G] 2026-09-13 19:11:12 :: DEBUG :: BB.ENDPOINTS :: Return menu()
INFO - [G] 2026-09-13 19:11:12 :: DEBUG :: BB.RESPONSE :: menu OK (3876ms)
INFO - [G] 2026-09-13 19:11:12 :: DEBUG :: BB.SERVER :: Client connected
INFO - [G] 2026-09-13 19:11:12 :: DEBUG :: BB.REQUEST :: start({deck="RED", stake="WHITE"})
INFO - [G] 2026-09-13 19:11:12 :: DEBUG :: BB.ENDPOINTS :: Init start()
INFO - [G] 2026-09-13 19:11:12 :: DEBUG :: BB.ENDPOINTS :: Setting deck to: Red Deck (from enum: RED)
INFO - [G] 2026-09-13 19:11:12 :: DEBUG :: BB.ENDPOINTS :: Starting run with stake=1 (WHITE), seed=none
INFO - [G] 2026-09-13 19:11:15 :: DEBUG :: BB.ENDPOINTS :: Return start()
INFO - [G] 2026-09-13 19:11:15 :: DEBUG :: BB.RESPONSE :: start OK (3053ms)
INFO - [G] 2026-09-13 19:11:15 :: DEBUG :: BB.SERVER :: Client connected
INFO - [G] 2026-09-13 19:11:15 :: DEBUG :: BB.REQUEST :: gamestate()
INFO - [G] 2026-09-13 19:11:15 :: DEBUG :: BB.ENDPOINTS :: Init gamestate()
INFO - [G] 2026-09-13 19:11:15 :: DEBUG :: BB.ENDPOINTS :: Return gamestate()
INFO - [G] 2026-09-13 19:11:15 :: DEBUG :: BB.RESPONSE :: gamestate OK (1ms)
INFO - [G] 2026-09-13 19:11:15 :: DEBUG :: BB.SERVER :: Client connected
INFO - [G] 2026-09-13 19:11:15 :: DEBUG :: BB.REQUEST :: select()
INFO - [G] 2026-09-13 19:11:15 :: DEBUG :: BB.ENDPOINTS :: Init select()
INFO - [G] 2026-09-13 19:11:15 :: DEBUG :: BB.ENDPOINTS :: Selecting Small (Small Blind), chips required: ?
INFO - [G] 2026-09-13 19:11:19 :: DEBUG :: BB.ENDPOINTS :: Return select()
INFO - [G] 2026-09-13 19:11:19 :: DEBUG :: BB.RESPONSE :: select OK (3172ms)
INFO - [G] 2026-09-13 19:11:19 :: DEBUG :: BB.SERVER :: Client connected
INFO - [G] 2026-09-13 19:11:19 :: DEBUG :: BB.REQUEST :: gamestate()
INFO - [G] 2026-09-13 19:11:19 :: DEBUG :: BB.ENDPOINTS :: Init gamestate()
INFO - [G] 2026-09-13 19:11:19 :: DEBUG :: BB.ENDPOINTS :: Return gamestate()
INFO - [G] 2026-09-13 19:11:19 :: DEBUG :: BB.RESPONSE :: gamestate OK (1ms)
INFO - [G] 2026-09-13 19:11:19 :: DEBUG :: BB.SERVER :: Client connected
INFO - [G] 2026-09-13 19:11:19 :: DEBUG :: BB.REQUEST :: discard({cards=[0,2,3,6,7]})
INFO - [G] 2026-09-13 19:11:19 :: DEBUG :: BB.ENDPOINTS :: Init discard()
INFO - [G] 2026-09-13 19:11:19 :: DEBUG :: BB.ENDPOINTS :: Discarding 5 cards: Q♥, 7♥, 5♣, 3♦, 2♦ (3 discards left)
INFO - [G] 2026-09-13 19:11:21 :: DEBUG :: BB.ENDPOINTS :: Return discard()
INFO - [G] 2026-09-13 19:11:21 :: DEBUG :: BB.RESPONSE :: discard OK (1967ms)
INFO - [G] 2026-09-13 19:11:22 :: DEBUG :: BB.SERVER :: Client connected
INFO - [G] 2026-09-13 19:11:22 :: DEBUG :: BB.REQUEST :: gamestate()
INFO - [G] 2026-09-13 19:11:22 :: DEBUG :: BB.ENDPOINTS :: Init gamestate()
INFO - [G] 2026-09-13 19:11:22 :: DEBUG :: BB.ENDPOINTS :: Return gamestate()
INFO - [G] 2026-09-13 19:11:22 :: DEBUG :: BB.RESPONSE :: gamestate OK (1ms)
INFO - [G] 2026-09-13 19:11:23 :: DEBUG :: BB.SERVER :: Client connected
INFO - [G] 2026-09-13 19:11:23 :: DEBUG :: BB.REQUEST :: discard({cards=[2,3,7]})
INFO - [G] 2026-09-13 19:11:23 :: DEBUG :: BB.ENDPOINTS :: Init discard()
INFO - [G] 2026-09-13 19:11:23 :: DEBUG :: BB.ENDPOINTS :: Discarding 3 cards: 10♣, 7♠, 2♠ (2 discards left)
INFO - [G] 2026-09-13 19:11:24 :: DEBUG :: BB.ENDPOINTS :: Return discard()
INFO - [G] 2026-09-13 19:11:24 :: DEBUG :: BB.RESPONSE :: discard OK (1398ms)
INFO - [G] 2026-09-13 19:11:26 :: DEBUG :: BB.SERVER :: Client connected
INFO - [G] 2026-09-13 19:11:26 :: DEBUG :: BB.REQUEST :: gamestate()
INFO - [G] 2026-09-13 19:11:26 :: DEBUG :: BB.ENDPOINTS :: Init gamestate()
INFO - [G] 2026-09-13 19:11:26 :: DEBUG :: BB.ENDPOINTS :: Return gamestate()
INFO - [G] 2026-09-13 19:11:26 :: DEBUG :: BB.RESPONSE :: gamestate OK (1ms)
INFO - [G] 2026-09-13 19:11:26 :: DEBUG :: BB.SERVER :: Client connected
INFO - [G] 2026-09-13 19:11:26 :: DEBUG :: BB.REQUEST :: discard({cards=[2,3,7]})
INFO - [G] 2026-09-13 19:11:26 :: DEBUG :: BB.ENDPOINTS :: Init discard()
INFO - [G] 2026-09-13 19:11:26 :: DEBUG :: BB.ENDPOINTS :: Discarding 3 cards: Q♣, 6♠, 3♥ (1 discards left)
INFO - [G] 2026-09-13 19:11:27 :: DEBUG :: BB.ENDPOINTS :: Return discard()
INFO - [G] 2026-09-13 19:11:27 :: DEBUG :: BB.RESPONSE :: discard OK (1393ms)
INFO - [G] 2026-09-13 19:11:29 :: DEBUG :: BB.SERVER :: Client connected
INFO - [G] 2026-09-13 19:11:29 :: DEBUG :: BB.REQUEST :: gamestate()
INFO - [G] 2026-09-13 19:11:29 :: DEBUG :: BB.ENDPOINTS :: Init gamestate()
INFO - [G] 2026-09-13 19:11:29 :: DEBUG :: BB.ENDPOINTS :: Return gamestate()
INFO - [G] 2026-09-13 19:11:29 :: DEBUG :: BB.RESPONSE :: gamestate OK (1ms)
INFO - [G] 2026-09-13 19:11:29 :: DEBUG :: BB.SERVER :: Client connected
INFO - [G] 2026-09-13 19:11:29 :: DEBUG :: BB.REQUEST :: discard({cards=[2,3,4]})
INFO - [G] 2026-09-13 19:11:29 :: DEBUG :: BB.ENDPOINTS :: Init discard()
INFO - [G] 2026-09-13 19:11:29 :: DEBUG :: BB.ENDPOINTS :: Discarding 3 cards: Q♦, J♥, 8♥ (0 discards left)
INFO - [G] 2026-09-13 19:11:30 :: DEBUG :: BB.ENDPOINTS :: Return discard()
INFO - [G] 2026-09-13 19:11:30 :: DEBUG :: BB.RESPONSE :: discard OK (1400ms)
INFO - [G] 2026-09-13 19:11:32 :: DEBUG :: BB.SERVER :: Client connected
INFO - [G] 2026-09-13 19:11:32 :: DEBUG :: BB.REQUEST :: gamestate()
INFO - [G] 2026-09-13 19:11:32 :: DEBUG :: BB.ENDPOINTS :: Init gamestate()
INFO - [G] 2026-09-13 19:11:32 :: DEBUG :: BB.ENDPOINTS :: Return gamestate()
INFO - [G] 2026-09-13 19:11:32 :: DEBUG :: BB.RESPONSE :: gamestate OK (1ms)
INFO - [G] 2026-09-13 19:11:32 :: DEBUG :: BB.SERVER :: Client connected
INFO - [G] 2026-09-13 19:11:32 :: DEBUG :: BB.REQUEST :: play({cards=[0,1,5,6,7]})
INFO - [G] 2026-09-13 19:11:32 :: DEBUG :: BB.ENDPOINTS :: Init play()
INFO - [G] 2026-09-13 19:11:32 :: DEBUG :: BB.ENDPOINTS :: Playing 5 cards: A♠, A♦, 4♠, 4♥, 4♦
INFO - [G] 2026-09-13 19:11:44 :: DEBUG :: BB.ENDPOINTS :: Return play() - same round
INFO - [G] 2026-09-13 19:11:44 :: DEBUG :: BB.RESPONSE :: play OK (12201ms)
INFO - [G] 2026-09-13 19:11:46 :: DEBUG :: BB.SERVER :: Client connected
INFO - [G] 2026-09-13 19:11:46 :: DEBUG :: BB.REQUEST :: gamestate()
INFO - [G] 2026-09-13 19:11:46 :: DEBUG :: BB.ENDPOINTS :: Init gamestate()
INFO - [G] 2026-09-13 19:11:46 :: DEBUG :: BB.ENDPOINTS :: Return gamestate()
INFO - [G] 2026-09-13 19:11:46 :: DEBUG :: BB.RESPONSE :: gamestate OK (1ms)
INFO - [G] 2026-09-13 19:11:46 :: DEBUG :: BB.SERVER :: Client connected
INFO - [G] 2026-09-13 19:11:46 :: DEBUG :: BB.REQUEST :: play({cards=[5,6]})
INFO - [G] 2026-09-13 19:11:46 :: DEBUG :: BB.ENDPOINTS :: Init play()
INFO - [G] 2026-09-13 19:11:46 :: DEBUG :: BB.ENDPOINTS :: Playing 2 cards: 5♥, 5♦
INFO - [G] 2026-09-13 19:12:01 :: DEBUG :: BB.ENDPOINTS :: Return play() - cash out
INFO - [G] 2026-09-13 19:12:01 :: DEBUG :: BB.RESPONSE :: play OK (15057ms)
INFO - [G] 2026-09-13 19:12:03 :: DEBUG :: BB.SERVER :: Client connected
INFO - [G] 2026-09-13 19:12:03 :: DEBUG :: BB.REQUEST :: gamestate()
INFO - [G] 2026-09-13 19:12:03 :: DEBUG :: BB.ENDPOINTS :: Init gamestate()
INFO - [G] 2026-09-13 19:12:03 :: DEBUG :: BB.ENDPOINTS :: Return gamestate()
INFO - [G] 2026-09-13 19:12:03 :: DEBUG :: BB.RESPONSE :: gamestate OK (1ms)
INFO - [G] 2026-09-13 19:12:03 :: DEBUG :: BB.SERVER :: Client connected
INFO - [G] 2026-09-13 19:12:03 :: DEBUG :: BB.REQUEST :: cash_out()
INFO - [G] 2026-09-13 19:12:03 :: DEBUG :: BB.ENDPOINTS :: Init cash_out()
INFO - [G] 2026-09-13 19:12:04 :: DEBUG :: BB.ENDPOINTS :: Return cash_out() - reached SHOP state
INFO - [G] 2026-09-13 19:12:04 :: DEBUG :: BB.RESPONSE :: cash_out OK (1767ms)
INFO - [G] 2026-09-13 19:12:04 :: DEBUG :: BB.SERVER :: Client connected
INFO - [G] 2026-09-13 19:12:04 :: DEBUG :: BB.REQUEST :: gamestate()
INFO - [G] 2026-09-13 19:12:04 :: DEBUG :: BB.ENDPOINTS :: Init gamestate()
INFO - [G] 2026-09-13 19:12:04 :: DEBUG :: BB.ENDPOINTS :: Return gamestate()
INFO - [G] 2026-09-13 19:12:04 :: DEBUG :: BB.RESPONSE :: gamestate OK (2ms)
INFO - [G] 2026-09-13 19:12:04 :: DEBUG :: BB.SERVER :: Client connected
INFO - [G] 2026-09-13 19:12:04 :: DEBUG :: BB.REQUEST :: next_round()
INFO - [G] 2026-09-13 19:12:04 :: DEBUG :: BB.ENDPOINTS :: Init next_round()
INFO - [G] 2026-09-13 19:12:05 :: DEBUG :: BB.ENDPOINTS :: Return next_round() - reached BLIND_SELECT state
INFO - [G] 2026-09-13 19:12:05 :: DEBUG :: BB.RESPONSE :: next_round OK (848ms)
INFO - [G] 2026-09-13 19:12:05 :: DEBUG :: BB.SERVER :: Client connected
INFO - [G] 2026-09-13 19:12:05 :: DEBUG :: BB.REQUEST :: gamestate()
INFO - [G] 2026-09-13 19:12:05 :: DEBUG :: BB.ENDPOINTS :: Init gamestate()
INFO - [G] 2026-09-13 19:12:05 :: DEBUG :: BB.ENDPOINTS :: Return gamestate()
INFO - [G] 2026-09-13 19:12:05 :: DEBUG :: BB.RESPONSE :: gamestate OK (1ms)
INFO - [G] 2026-09-13 19:12:05 :: DEBUG :: BB.SERVER :: Client connected
INFO - [G] 2026-09-13 19:12:05 :: DEBUG :: BB.REQUEST :: select()
INFO - [G] 2026-09-13 19:12:05 :: DEBUG :: BB.ENDPOINTS :: Init select()
INFO - [G] 2026-09-13 19:12:05 :: DEBUG :: BB.ENDPOINTS :: Selecting Big (Big Blind), chips required: ?
INFO - [G] 2026-09-13 19:12:08 :: DEBUG :: BB.ENDPOINTS :: Return select()
INFO - [G] 2026-09-13 19:12:08 :: DEBUG :: BB.RESPONSE :: select OK (3029ms)
INFO - [G] 2026-09-13 19:12:08 :: DEBUG :: BB.SERVER :: Client connected
INFO - [G] 2026-09-13 19:12:08 :: DEBUG :: BB.REQUEST :: gamestate()
INFO - [G] 2026-09-13 19:12:08 :: DEBUG :: BB.ENDPOINTS :: Init gamestate()
INFO - [G] 2026-09-13 19:12:08 :: DEBUG :: BB.ENDPOINTS :: Return gamestate()
INFO - [G] 2026-09-13 19:12:08 :: DEBUG :: BB.RESPONSE :: gamestate OK (1ms)
INFO - [G] 2026-09-13 19:12:09 :: DEBUG :: BB.SERVER :: Client connected
INFO - [G] 2026-09-13 19:12:09 :: DEBUG :: BB.REQUEST :: discard({cards=[4,5,6,7]})
INFO - [G] 2026-09-13 19:12:09 :: DEBUG :: BB.ENDPOINTS :: Init discard()
INFO - [G] 2026-09-13 19:12:09 :: DEBUG :: BB.ENDPOINTS :: Discarding 4 cards: 8♣, 6♥, 3♥, 3♦ (3 discards left)
INFO - [G] 2026-09-13 19:12:10 :: DEBUG :: BB.ENDPOINTS :: Return discard()
INFO - [G] 2026-09-13 19:12:10 :: DEBUG :: BB.RESPONSE :: discard OK (1549ms)
INFO - [G] 2026-09-13 19:12:12 :: DEBUG :: BB.SERVER :: Client connected
INFO - [G] 2026-09-13 19:12:12 :: DEBUG :: BB.REQUEST :: gamestate()
INFO - [G] 2026-09-13 19:12:12 :: DEBUG :: BB.ENDPOINTS :: Init gamestate()
INFO - [G] 2026-09-13 19:12:12 :: DEBUG :: BB.ENDPOINTS :: Return gamestate()
INFO - [G] 2026-09-13 19:12:12 :: DEBUG :: BB.RESPONSE :: gamestate OK (1ms)
INFO - [G] 2026-09-13 19:12:12 :: DEBUG :: BB.SERVER :: Client connected
INFO - [G] 2026-09-13 19:12:12 :: DEBUG :: BB.REQUEST :: play({cards=[0,1,3,4,5]})
INFO - [G] 2026-09-13 19:12:12 :: DEBUG :: BB.ENDPOINTS :: Init play()
INFO - [G] 2026-09-13 19:12:12 :: DEBUG :: BB.ENDPOINTS :: Playing 5 cards: A♠, A♣, 10♠, 10♥, 10♦
INFO - [G] 2026-09-13 19:12:24 :: DEBUG :: BB.ENDPOINTS :: Return play() - same round
INFO - [G] 2026-09-13 19:12:24 :: DEBUG :: BB.RESPONSE :: play OK (11771ms)
INFO - [G] 2026-09-13 19:12:25 :: DEBUG :: BB.SERVER :: Client connected
INFO - [G] 2026-09-13 19:12:25 :: DEBUG :: BB.REQUEST :: gamestate()
INFO - [G] 2026-09-13 19:12:25 :: DEBUG :: BB.ENDPOINTS :: Init gamestate()
INFO - [G] 2026-09-13 19:12:25 :: DEBUG :: BB.ENDPOINTS :: Return gamestate()
INFO - [G] 2026-09-13 19:12:25 :: DEBUG :: BB.RESPONSE :: gamestate OK (1ms)
INFO - [G] 2026-09-13 19:12:25 :: DEBUG :: BB.SERVER :: Client connected
INFO - [G] 2026-09-13 19:12:25 :: DEBUG :: BB.REQUEST :: discard({cards=[0,1,3,4,5]})
INFO - [G] 2026-09-13 19:12:25 :: DEBUG :: BB.ENDPOINTS :: Init discard()
INFO - [G] 2026-09-13 19:12:25 :: DEBUG :: BB.ENDPOINTS :: Discarding 5 cards: K♣, Q♣, 8♠, 5♥, 3♣ (2 discards left)
INFO - [G] 2026-09-13 19:12:27 :: DEBUG :: BB.ENDPOINTS :: Return discard()
INFO - [G] 2026-09-13 19:12:27 :: DEBUG :: BB.RESPONSE :: discard OK (1817ms)
INFO - [G] 2026-09-13 19:12:29 :: DEBUG :: BB.SERVER :: Client connected
INFO - [G] 2026-09-13 19:12:29 :: DEBUG :: BB.REQUEST :: gamestate()
INFO - [G] 2026-09-13 19:12:29 :: DEBUG :: BB.ENDPOINTS :: Init gamestate()
INFO - [G] 2026-09-13 19:12:29 :: DEBUG :: BB.ENDPOINTS :: Return gamestate()
INFO - [G] 2026-09-13 19:12:29 :: DEBUG :: BB.RESPONSE :: gamestate OK (1ms)
INFO - [G] 2026-09-13 19:12:29 :: DEBUG :: BB.SERVER :: Client connected
INFO - [G] 2026-09-13 19:12:29 :: DEBUG :: BB.REQUEST :: play({cards=[2,3,4,5,6]})
INFO - [G] 2026-09-13 19:12:29 :: DEBUG :: BB.ENDPOINTS :: Init play()
INFO - [G] 2026-09-13 19:12:29 :: DEBUG :: BB.ENDPOINTS :: Playing 5 cards: 7♠, 7♥, 7♦, 2♠, 2♥
INFO - [G] 2026-09-13 19:12:42 :: DEBUG :: BB.ENDPOINTS :: Return play() - cash out
INFO - [G] 2026-09-13 19:12:42 :: DEBUG :: BB.RESPONSE :: play OK (13272ms)
INFO - [G] 2026-09-13 19:12:44 :: DEBUG :: BB.SERVER :: Client connected
INFO - [G] 2026-09-13 19:12:44 :: DEBUG :: BB.REQUEST :: gamestate()
INFO - [G] 2026-09-13 19:12:44 :: DEBUG :: BB.ENDPOINTS :: Init gamestate()
INFO - [G] 2026-09-13 19:12:44 :: DEBUG :: BB.ENDPOINTS :: Return gamestate()
INFO - [G] 2026-09-13 19:12:44 :: DEBUG :: BB.RESPONSE :: gamestate OK (1ms)
INFO - [G] 2026-09-13 19:12:44 :: DEBUG :: BB.SERVER :: Client connected
INFO - [G] 2026-09-13 19:12:44 :: DEBUG :: BB.REQUEST :: cash_out()
INFO - [G] 2026-09-13 19:12:44 :: DEBUG :: BB.ENDPOINTS :: Init cash_out()
INFO - [G] 2026-09-13 19:12:51 :: DEBUG :: BB.ENDPOINTS :: Return cash_out() - reached SHOP state
INFO - [G] 2026-09-13 19:12:51 :: DEBUG :: BB.RESPONSE :: cash_out OK (7040ms)
INFO - [G] 2026-09-13 19:12:51 :: DEBUG :: BB.SERVER :: Client connected
INFO - [G] 2026-09-13 19:12:51 :: DEBUG :: BB.REQUEST :: gamestate()
INFO - [G] 2026-09-13 19:12:51 :: DEBUG :: BB.ENDPOINTS :: Init gamestate()
INFO - [G] 2026-09-13 19:12:51 :: DEBUG :: BB.ENDPOINTS :: Return gamestate()
INFO - [G] 2026-09-13 19:12:51 :: DEBUG :: BB.RESPONSE :: gamestate OK (1ms)
INFO - [G] 2026-09-13 19:12:51 :: DEBUG :: BB.SERVER :: Client connected
INFO - [G] 2026-09-13 19:12:51 :: DEBUG :: BB.REQUEST :: next_round()
INFO - [G] 2026-09-13 19:12:51 :: DEBUG :: BB.ENDPOINTS :: Init next_round()
INFO - [G] 2026-09-13 19:12:52 :: DEBUG :: BB.ENDPOINTS :: Return next_round() - reached BLIND_SELECT state
INFO - [G] 2026-09-13 19:12:52 :: DEBUG :: BB.RESPONSE :: next_round OK (817ms)
INFO - [G] 2026-09-13 19:12:52 :: DEBUG :: BB.SERVER :: Client connected
INFO - [G] 2026-09-13 19:12:52 :: DEBUG :: BB.REQUEST :: gamestate()
INFO - [G] 2026-09-13 19:12:52 :: DEBUG :: BB.ENDPOINTS :: Init gamestate()
INFO - [G] 2026-09-13 19:12:52 :: DEBUG :: BB.ENDPOINTS :: Return gamestate()
INFO - [G] 2026-09-13 19:12:52 :: DEBUG :: BB.RESPONSE :: gamestate OK (1ms)
INFO - [G] 2026-09-13 19:12:52 :: DEBUG :: BB.SERVER :: Client connected
INFO - [G] 2026-09-13 19:12:52 :: DEBUG :: BB.REQUEST :: select()
INFO - [G] 2026-09-13 19:12:52 :: DEBUG :: BB.ENDPOINTS :: Init select()
INFO - [G] 2026-09-13 19:12:52 :: DEBUG :: BB.ENDPOINTS :: Selecting Boss (The Manacle), chips required: ?
INFO - [G] 2026-09-13 19:12:55 :: DEBUG :: BB.ENDPOINTS :: Return select()
INFO - [G] 2026-09-13 19:12:55 :: DEBUG :: BB.RESPONSE :: select OK (2912ms)
INFO - [G] 2026-09-13 19:12:55 :: DEBUG :: BB.SERVER :: Client connected
INFO - [G] 2026-09-13 19:12:55 :: DEBUG :: BB.REQUEST :: gamestate()
INFO - [G] 2026-09-13 19:12:55 :: DEBUG :: BB.ENDPOINTS :: Init gamestate()
INFO - [G] 2026-09-13 19:12:55 :: DEBUG :: BB.ENDPOINTS :: Return gamestate()
INFO - [G] 2026-09-13 19:12:55 :: DEBUG :: BB.RESPONSE :: gamestate OK (1ms)
INFO - [G] 2026-09-13 19:12:55 :: DEBUG :: BB.SERVER :: Client connected
INFO - [G] 2026-09-13 19:12:55 :: DEBUG :: BB.REQUEST :: discard({cards=[4,5,6]})
INFO - [G] 2026-09-13 19:12:55 :: DEBUG :: BB.ENDPOINTS :: Init discard()
INFO - [G] 2026-09-13 19:12:55 :: DEBUG :: BB.ENDPOINTS :: Discarding 3 cards: 9♠, 7♠, 2♠ (3 discards left)
INFO - [G] 2026-09-13 19:12:56 :: DEBUG :: BB.ENDPOINTS :: Return discard()
INFO - [G] 2026-09-13 19:12:56 :: DEBUG :: BB.RESPONSE :: discard OK (1403ms)
INFO - [G] 2026-09-13 19:12:58 :: DEBUG :: BB.SERVER :: Client connected
INFO - [G] 2026-09-13 19:12:58 :: DEBUG :: BB.REQUEST :: gamestate()
INFO - [G] 2026-09-13 19:12:58 :: DEBUG :: BB.ENDPOINTS :: Init gamestate()
INFO - [G] 2026-09-13 19:12:58 :: DEBUG :: BB.ENDPOINTS :: Return gamestate()
INFO - [G] 2026-09-13 19:12:58 :: DEBUG :: BB.RESPONSE :: gamestate OK (1ms)
INFO - [G] 2026-09-13 19:12:58 :: DEBUG :: BB.SERVER :: Client connected
INFO - [G] 2026-09-13 19:12:58 :: DEBUG :: BB.REQUEST :: play({cards=[0,1,4,5]})
INFO - [G] 2026-09-13 19:12:58 :: DEBUG :: BB.ENDPOINTS :: Init play()
INFO - [G] 2026-09-13 19:12:58 :: DEBUG :: BB.ENDPOINTS :: Playing 4 cards: K♠, K♣, 10♣, 10♦
INFO - [G] 2026-09-13 19:13:08 :: DEBUG :: BB.ENDPOINTS :: Return play() - same round
INFO - [G] 2026-09-13 19:13:08 :: DEBUG :: BB.RESPONSE :: play OK (10301ms)
INFO - [G] 2026-09-13 19:13:10 :: DEBUG :: BB.SERVER :: Client connected
INFO - [G] 2026-09-13 19:13:10 :: DEBUG :: BB.REQUEST :: gamestate()
INFO - [G] 2026-09-13 19:13:10 :: DEBUG :: BB.ENDPOINTS :: Init gamestate()
INFO - [G] 2026-09-13 19:13:10 :: DEBUG :: BB.ENDPOINTS :: Return gamestate()
INFO - [G] 2026-09-13 19:13:10 :: DEBUG :: BB.RESPONSE :: gamestate OK (1ms)
INFO - [G] 2026-09-13 19:13:10 :: DEBUG :: BB.SERVER :: Client connected
INFO - [G] 2026-09-13 19:13:10 :: DEBUG :: BB.REQUEST :: play({cards=[0]})
INFO - [G] 2026-09-13 19:13:10 :: DEBUG :: BB.ENDPOINTS :: Init play()
INFO - [G] 2026-09-13 19:13:10 :: DEBUG :: BB.ENDPOINTS :: Playing 1 cards: A♣
INFO - [G] 2026-09-13 19:13:16 :: DEBUG :: BB.ENDPOINTS :: Return play() - same round
INFO - [G] 2026-09-13 19:13:16 :: DEBUG :: BB.RESPONSE :: play OK (5753ms)
INFO - [G] 2026-09-13 19:13:17 :: DEBUG :: BB.SERVER :: Client connected
INFO - [G] 2026-09-13 19:13:17 :: DEBUG :: BB.REQUEST :: gamestate()
INFO - [G] 2026-09-13 19:13:17 :: DEBUG :: BB.ENDPOINTS :: Init gamestate()
INFO - [G] 2026-09-13 19:13:17 :: DEBUG :: BB.ENDPOINTS :: Return gamestate()
INFO - [G] 2026-09-13 19:13:17 :: DEBUG :: BB.RESPONSE :: gamestate OK (1ms)
INFO - [G] 2026-09-13 19:13:18 :: DEBUG :: BB.SERVER :: Client connected
INFO - [G] 2026-09-13 19:13:18 :: DEBUG :: BB.REQUEST :: discard({cards=[2,3,4,5,6]})
INFO - [G] 2026-09-13 19:13:18 :: DEBUG :: BB.ENDPOINTS :: Init discard()
INFO - [G] 2026-09-13 19:13:18 :: DEBUG :: BB.ENDPOINTS :: Discarding 5 cards: J♥, 8♦, 7♦, 5♣, 2♦ (2 discards left)
INFO - [G] 2026-09-13 19:13:19 :: DEBUG :: BB.ENDPOINTS :: Return discard()
INFO - [G] 2026-09-13 19:13:19 :: DEBUG :: BB.RESPONSE :: discard OK (1777ms)
INFO - [G] 2026-09-13 19:13:21 :: DEBUG :: BB.SERVER :: Client connected
INFO - [G] 2026-09-13 19:13:21 :: DEBUG :: BB.REQUEST :: gamestate()
INFO - [G] 2026-09-13 19:13:21 :: DEBUG :: BB.ENDPOINTS :: Init gamestate()
INFO - [G] 2026-09-13 19:13:21 :: DEBUG :: BB.ENDPOINTS :: Return gamestate()
INFO - [G] 2026-09-13 19:13:21 :: DEBUG :: BB.RESPONSE :: gamestate OK (1ms)
INFO - [G] 2026-09-13 19:13:21 :: DEBUG :: BB.SERVER :: Client connected
INFO - [G] 2026-09-13 19:13:21 :: DEBUG :: BB.REQUEST :: play({cards=[1,2]})
INFO - [G] 2026-09-13 19:13:21 :: DEBUG :: BB.ENDPOINTS :: Init play()
INFO - [G] 2026-09-13 19:13:21 :: DEBUG :: BB.ENDPOINTS :: Playing 2 cards: Q♠, Q♥
INFO - [G] 2026-09-13 19:13:28 :: DEBUG :: BB.ENDPOINTS :: Return play() - same round
INFO - [G] 2026-09-13 19:13:28 :: DEBUG :: BB.RESPONSE :: play OK (7199ms)
INFO - [G] 2026-09-13 19:13:28 :: DEBUG :: BB.SERVER :: Client connected
INFO - [G] 2026-09-13 19:13:30 :: DEBUG :: BB.SERVER :: Client connected
INFO - [G] 2026-09-13 19:13:30 :: DEBUG :: BB.REQUEST :: gamestate()
INFO - [G] 2026-09-13 19:13:30 :: DEBUG :: BB.ENDPOINTS :: Init gamestate()
INFO - [G] 2026-09-13 19:13:30 :: DEBUG :: BB.ENDPOINTS :: Return gamestate()
INFO - [G] 2026-09-13 19:13:30 :: DEBUG :: BB.RESPONSE :: gamestate OK (1ms)
INFO - [G] 2026-09-13 19:13:30 :: DEBUG :: BB.SERVER :: Client connected
INFO - [G] 2026-09-13 19:13:30 :: DEBUG :: BB.REQUEST :: play({cards=[0]})
INFO - [G] 2026-09-13 19:13:30 :: DEBUG :: BB.ENDPOINTS :: Init play()
INFO - [G] 2026-09-13 19:13:30 :: DEBUG :: BB.ENDPOINTS :: Playing 1 cards: A♠
INFO - [G] 2026-09-13 19:13:35 :: DEBUG :: BB.RESPONSE :: play OK (5396ms)
INFO - [G] 2026-09-13 19:13:35 :: DEBUG :: BB.SERVER :: Client connected
INFO - [G] 2026-09-13 19:13:37 :: DEBUG :: BB.SERVER :: Client connected
INFO - [G] 2026-09-13 19:13:37 :: DEBUG :: BB.REQUEST :: gamestate()
INFO - [G] 2026-09-13 19:13:37 :: DEBUG :: BB.ENDPOINTS :: Init gamestate()
INFO - [G] 2026-09-13 19:13:37 :: DEBUG :: BB.ENDPOINTS :: Return gamestate()
INFO - [G] 2026-09-13 19:13:37 :: DEBUG :: BB.RESPONSE :: gamestate OK (1ms)
INFO - [G] 2026-09-13 19:13:37 :: DEBUG :: BB.SERVER :: Client connected
INFO - [G] 2026-09-13 19:13:39 :: DEBUG :: BB.SERVER :: Client connected
INFO - [G] 2026-09-13 19:13:39 :: DEBUG :: BB.REQUEST :: gamestate()
INFO - [G] 2026-09-13 19:13:39 :: DEBUG :: BB.ENDPOINTS :: Init gamestate()
INFO - [G] 2026-09-13 19:13:39 :: DEBUG :: BB.ENDPOINTS :: Return gamestate()
INFO - [G] 2026-09-13 19:13:39 :: DEBUG :: BB.RESPONSE :: gamestate OK (1ms)
INFO - [G] 2026-09-13 19:13:42 :: DEBUG :: BB.SERVER :: Client connected
INFO - [G] 2026-09-13 19:13:42 :: DEBUG :: BB.REQUEST :: gamestate()
INFO - [G] 2026-09-13 19:13:42 :: DEBUG :: BB.ENDPOINTS :: Init gamestate()
INFO - [G] 2026-09-13 19:13:42 :: DEBUG :: BB.ENDPOINTS :: Return gamestate()
INFO - [G] 2026-09-13 19:13:42 :: DEBUG :: BB.RESPONSE :: gamestate OK (1ms)
INFO - [G] 2026-09-13 19:13:43 :: DEBUG :: BB.SERVER :: Client connected
INFO - [G] 2026-09-13 19:13:43 :: DEBUG :: BB.REQUEST :: gamestate()
INFO - [G] 2026-09-13 19:13:43 :: DEBUG :: BB.ENDPOINTS :: Init gamestate()
INFO - [G] 2026-09-13 19:13:43 :: DEBUG :: BB.ENDPOINTS :: Return gamestate()
INFO - [G] 2026-09-13 19:13:43 :: DEBUG :: BB.RESPONSE :: gamestate OK (1ms)
INFO - [G] 2026-09-13 19:13:45 :: DEBUG :: BB.SERVER :: Client connected
INFO - [G] 2026-09-13 19:13:45 :: DEBUG :: BB.REQUEST :: gamestate()
INFO - [G] 2026-09-13 19:13:45 :: DEBUG :: BB.ENDPOINTS :: Init gamestate()
INFO - [G] 2026-09-13 19:13:45 :: DEBUG :: BB.ENDPOINTS :: Return gamestate()
INFO - [G] 2026-09-13 19:13:45 :: DEBUG :: BB.RESPONSE :: gamestate OK (1ms)
INFO - [G] 2026-09-13 19:14:04 :: DEBUG :: BB.SERVER :: Client connected
INFO - [G] 2026-09-13 19:14:04 :: DEBUG :: BB.REQUEST :: gamestate()
INFO - [G] 2026-09-13 19:14:04 :: DEBUG :: BB.ENDPOINTS :: Init gamestate()
INFO - [G] 2026-09-13 19:14:04 :: DEBUG :: BB.ENDPOINTS :: Return gamestate()
INFO - [G] 2026-09-13 19:14:04 :: DEBUG :: BB.RESPONSE :: gamestate OK (1ms)
INFO - [G] 2026-09-13 19:14:04 :: DEBUG :: BB.SERVER :: Client connected
INFO - [G] 2026-09-13 19:14:04 :: DEBUG :: BB.REQUEST :: gamestate()
INFO - [G] 2026-09-13 19:14:04 :: DEBUG :: BB.ENDPOINTS :: Init gamestate()
INFO - [G] 2026-09-13 19:14:04 :: DEBUG :: BB.ENDPOINTS :: Return gamestate()
INFO - [G] 2026-09-13 19:14:04 :: DEBUG :: BB.RESPONSE :: gamestate OK (1ms)
INFO - [G] 2026-09-13 19:14:04 :: DEBUG :: BB.SERVER :: Client connected
INFO - [G] 2026-09-13 19:14:04 :: DEBUG :: BB.REQUEST :: gamestate()
INFO - [G] 2026-09-13 19:14:04 :: DEBUG :: BB.ENDPOINTS :: Init gamestate()
INFO - [G] 2026-09-13 19:14:04 :: DEBUG :: BB.ENDPOINTS :: Return gamestate()
INFO - [G] 2026-09-13 19:14:04 :: DEBUG :: BB.RESPONSE :: gamestate OK (1ms)
INFO - [G] 2026-09-13 19:14:04 :: DEBUG :: BB.SERVER :: Client connected
INFO - [G] 2026-09-13 19:14:04 :: DEBUG :: BB.REQUEST :: gamestate()
INFO - [G] 2026-09-13 19:14:04 :: DEBUG :: BB.ENDPOINTS :: Init gamestate()
INFO - [G] 2026-09-13 19:14:04 :: DEBUG :: BB.ENDPOINTS :: Return gamestate()
INFO - [G] 2026-09-13 19:14:04 :: DEBUG :: BB.RESPONSE :: gamestate OK (1ms)
INFO - [G] 2026-09-13 19:14:04 :: DEBUG :: BB.SERVER :: Client connected
INFO - [G] 2026-09-13 19:14:04 :: DEBUG :: BB.REQUEST :: gamestate()
INFO - [G] 2026-09-13 19:14:04 :: DEBUG :: BB.ENDPOINTS :: Init gamestate()
INFO - [G] 2026-09-13 19:14:04 :: DEBUG :: BB.ENDPOINTS :: Return gamestate()
INFO - [G] 2026-09-13 19:14:04 :: DEBUG :: BB.RESPONSE :: gamestate OK (1ms)
INFO - [G] 2026-09-13 19:14:05 :: DEBUG :: BB.SERVER :: Client connected
INFO - [G] 2026-09-13 19:14:05 :: DEBUG :: BB.REQUEST :: gamestate()
INFO - [G] 2026-09-13 19:14:05 :: DEBUG :: BB.ENDPOINTS :: Init gamestate()
INFO - [G] 2026-09-13 19:14:05 :: DEBUG :: BB.ENDPOINTS :: Return gamestate()
INFO - [G] 2026-09-13 19:14:05 :: DEBUG :: BB.RESPONSE :: gamestate OK (1ms)
INFO - [G] 2026-09-13 19:14:05 :: DEBUG :: BB.SERVER :: Client connected
INFO - [G] 2026-09-13 19:14:05 :: DEBUG :: BB.REQUEST :: gamestate()
INFO - [G] 2026-09-13 19:14:05 :: DEBUG :: BB.ENDPOINTS :: Init gamestate()
INFO - [G] 2026-09-13 19:14:05 :: DEBUG :: BB.ENDPOINTS :: Return gamestate()
INFO - [G] 2026-09-13 19:14:05 :: DEBUG :: BB.RESPONSE :: gamestate OK (1ms)
INFO - [G] 2026-09-13 19:14:05 :: DEBUG :: BB.SERVER :: Client connected
INFO - [G] 2026-09-13 19:14:05 :: DEBUG :: BB.REQUEST :: gamestate()
INFO - [G] 2026-09-13 19:14:05 :: DEBUG :: BB.ENDPOINTS :: Init gamestate()
INFO - [G] 2026-09-13 19:14:05 :: DEBUG :: BB.ENDPOINTS :: Return gamestate()
INFO - [G] 2026-09-13 19:14:05 :: DEBUG :: BB.RESPONSE :: gamestate OK (1ms)
INFO - [G] 2026-09-13 19:14:05 :: DEBUG :: BB.SERVER :: Client connected
INFO - [G] 2026-09-13 19:14:05 :: DEBUG :: BB.REQUEST :: gamestate()
INFO - [G] 2026-09-13 19:14:05 :: DEBUG :: BB.ENDPOINTS :: Init gamestate()
INFO - [G] 2026-09-13 19:14:05 :: DEBUG :: BB.ENDPOINTS :: Return gamestate()
INFO - [G] 2026-09-13 19:14:05 :: DEBUG :: BB.RESPONSE :: gamestate OK (1ms)
INFO - [G] 2026-09-13 19:14:05 :: DEBUG :: BB.SERVER :: Client connected
INFO - [G] 2026-09-13 19:14:05 :: DEBUG :: BB.REQUEST :: gamestate()
INFO - [G] 2026-09-13 19:14:05 :: DEBUG :: BB.ENDPOINTS :: Init gamestate()
INFO - [G] 2026-09-13 19:14:05 :: DEBUG :: BB.ENDPOINTS :: Return gamestate()
INFO - [G] 2026-09-13 19:14:05 :: DEBUG :: BB.RESPONSE :: gamestate OK (1ms)
INFO - [G] 2026-09-13 19:14:06 :: DEBUG :: BB.SERVER :: Client connected
INFO - [G] 2026-09-13 19:14:06 :: DEBUG :: BB.REQUEST :: gamestate()
INFO - [G] 2026-09-13 19:14:06 :: DEBUG :: BB.ENDPOINTS :: Init gamestate()
INFO - [G] 2026-09-13 19:14:06 :: DEBUG :: BB.ENDPOINTS :: Return gamestate()
INFO - [G] 2026-09-13 19:14:06 :: DEBUG :: BB.RESPONSE :: gamestate OK (1ms)
INFO - [G] 2026-09-13 19:14:06 :: DEBUG :: BB.SERVER :: Client connected
INFO - [G] 2026-09-13 19:14:06 :: DEBUG :: BB.REQUEST :: gamestate()
INFO - [G] 2026-09-13 19:14:06 :: DEBUG :: BB.ENDPOINTS :: Init gamestate()
INFO - [G] 2026-09-13 19:14:06 :: DEBUG :: BB.ENDPOINTS :: Return gamestate()
INFO - [G] 2026-09-13 19:14:06 :: DEBUG :: BB.RESPONSE :: gamestate OK (1ms)
INFO - [G] 2026-09-13 19:14:06 :: DEBUG :: BB.SERVER :: Client connected
INFO - [G] 2026-09-13 19:14:06 :: DEBUG :: BB.REQUEST :: gamestate()
INFO - [G] 2026-09-13 19:14:06 :: DEBUG :: BB.ENDPOINTS :: Init gamestate()
INFO - [G] 2026-09-13 19:14:06 :: DEBUG :: BB.ENDPOINTS :: Return gamestate()
INFO - [G] 2026-09-13 19:14:06 :: DEBUG :: BB.RESPONSE :: gamestate OK (1ms)
INFO - [G] 2026-09-13 19:14:06 :: DEBUG :: BB.SERVER :: Client connected
INFO - [G] 2026-09-13 19:14:06 :: DEBUG :: BB.REQUEST :: gamestate()
INFO - [G] 2026-09-13 19:14:06 :: DEBUG :: BB.ENDPOINTS :: Init gamestate()
INFO - [G] 2026-09-13 19:14:06 :: DEBUG :: BB.ENDPOINTS :: Return gamestate()
INFO - [G] 2026-09-13 19:14:06 :: DEBUG :: BB.RESPONSE :: gamestate OK (1ms)
INFO - [G] 2026-09-13 19:14:07 :: DEBUG :: BB.SERVER :: Client connected
INFO - [G] 2026-09-13 19:14:07 :: DEBUG :: BB.REQUEST :: gamestate()
INFO - [G] 2026-09-13 19:14:07 :: DEBUG :: BB.ENDPOINTS :: Init gamestate()
INFO - [G] 2026-09-13 19:14:07 :: DEBUG :: BB.ENDPOINTS :: Return gamestate()
INFO - [G] 2026-09-13 19:14:07 :: DEBUG :: BB.RESPONSE :: gamestate OK (1ms)
INFO - [G] 2026-09-13 19:14:07 :: DEBUG :: BB.SERVER :: Client connected
INFO - [G] 2026-09-13 19:14:07 :: DEBUG :: BB.REQUEST :: gamestate()
INFO - [G] 2026-09-13 19:14:07 :: DEBUG :: BB.ENDPOINTS :: Init gamestate()
INFO - [G] 2026-09-13 19:14:07 :: DEBUG :: BB.ENDPOINTS :: Return gamestate()
INFO - [G] 2026-09-13 19:14:07 :: DEBUG :: BB.RESPONSE :: gamestate OK (1ms)
INFO - [G] 2026-09-13 19:14:07 :: DEBUG :: BB.SERVER :: Client connected
INFO - [G] 2026-09-13 19:14:07 :: DEBUG :: BB.REQUEST :: gamestate()
INFO - [G] 2026-09-13 19:14:07 :: DEBUG :: BB.ENDPOINTS :: Init gamestate()
INFO - [G] 2026-09-13 19:14:07 :: DEBUG :: BB.ENDPOINTS :: Return gamestate()
INFO - [G] 2026-09-13 19:14:07 :: DEBUG :: BB.RESPONSE :: gamestate OK (1ms)
INFO - [G] 2026-09-13 19:14:07 :: DEBUG :: BB.SERVER :: Client connected
INFO - [G] 2026-09-13 19:14:07 :: DEBUG :: BB.REQUEST :: gamestate()
INFO - [G] 2026-09-13 19:14:07 :: DEBUG :: BB.ENDPOINTS :: Init gamestate()
INFO - [G] 2026-09-13 19:14:07 :: DEBUG :: BB.ENDPOINTS :: Return gamestate()
INFO - [G] 2026-09-13 19:14:07 :: DEBUG :: BB.RESPONSE :: gamestate OK (1ms)
INFO - [G] 2026-09-13 19:14:07 :: DEBUG :: BB.SERVER :: Client connected
INFO - [G] 2026-09-13 19:14:07 :: DEBUG :: BB.REQUEST :: gamestate()
INFO - [G] 2026-09-13 19:14:07 :: DEBUG :: BB.ENDPOINTS :: Init gamestate()
INFO - [G] 2026-09-13 19:14:07 :: DEBUG :: BB.ENDPOINTS :: Return gamestate()
INFO - [G] 2026-09-13 19:14:07 :: DEBUG :: BB.RESPONSE :: gamestate OK (1ms)
INFO - [G] 2026-09-13 19:14:08 :: DEBUG :: BB.SERVER :: Client connected
INFO - [G] 2026-09-13 19:14:08 :: DEBUG :: BB.REQUEST :: gamestate()
INFO - [G] 2026-09-13 19:14:08 :: DEBUG :: BB.ENDPOINTS :: Init gamestate()
INFO - [G] 2026-09-13 19:14:08 :: DEBUG :: BB.ENDPOINTS :: Return gamestate()
INFO - [G] 2026-09-13 19:14:08 :: DEBUG :: BB.RESPONSE :: gamestate OK (1ms)
INFO - [G] 2026-09-13 19:14:08 :: DEBUG :: BB.SERVER :: Client connected
INFO - [G] 2026-09-13 19:14:08 :: DEBUG :: BB.REQUEST :: gamestate()
INFO - [G] 2026-09-13 19:14:08 :: DEBUG :: BB.ENDPOINTS :: Init gamestate()
INFO - [G] 2026-09-13 19:14:08 :: DEBUG :: BB.ENDPOINTS :: Return gamestate()
INFO - [G] 2026-09-13 19:14:08 :: DEBUG :: BB.RESPONSE :: gamestate OK (1ms)
INFO - [G] 2026-09-13 19:14:08 :: DEBUG :: BB.SERVER :: Client connected
INFO - [G] 2026-09-13 19:14:08 :: DEBUG :: BB.REQUEST :: gamestate()
INFO - [G] 2026-09-13 19:14:08 :: DEBUG :: BB.ENDPOINTS :: Init gamestate()
INFO - [G] 2026-09-13 19:14:08 :: DEBUG :: BB.ENDPOINTS :: Return gamestate()
INFO - [G] 2026-09-13 19:14:08 :: DEBUG :: BB.RESPONSE :: gamestate OK (1ms)
INFO - [G] 2026-09-13 19:14:08 :: DEBUG :: BB.SERVER :: Client connected
INFO - [G] 2026-09-13 19:14:08 :: DEBUG :: BB.REQUEST :: gamestate()
INFO - [G] 2026-09-13 19:14:08 :: DEBUG :: BB.ENDPOINTS :: Init gamestate()
INFO - [G] 2026-09-13 19:14:08 :: DEBUG :: BB.ENDPOINTS :: Return gamestate()
INFO - [G] 2026-09-13 19:14:08 :: DEBUG :: BB.RESPONSE :: gamestate OK (1ms)
INFO - [G] 2026-09-13 19:14:09 :: DEBUG :: BB.SERVER :: Client connected
INFO - [G] 2026-09-13 19:14:09 :: DEBUG :: BB.REQUEST :: gamestate()
INFO - [G] 2026-09-13 19:14:09 :: DEBUG :: BB.ENDPOINTS :: Init gamestate()
INFO - [G] 2026-09-13 19:14:09 :: DEBUG :: BB.ENDPOINTS :: Return gamestate()
INFO - [G] 2026-09-13 19:14:09 :: DEBUG :: BB.RESPONSE :: gamestate OK (1ms)
INFO - [G] 2026-09-13 19:14:09 :: DEBUG :: BB.SERVER :: Client connected
INFO - [G] 2026-09-13 19:14:09 :: DEBUG :: BB.REQUEST :: gamestate()
INFO - [G] 2026-09-13 19:14:09 :: DEBUG :: BB.ENDPOINTS :: Init gamestate()
INFO - [G] 2026-09-13 19:14:09 :: DEBUG :: BB.ENDPOINTS :: Return gamestate()
INFO - [G] 2026-09-13 19:14:09 :: DEBUG :: BB.RESPONSE :: gamestate OK (1ms)
INFO - [G] 2026-09-13 19:14:09 :: DEBUG :: BB.SERVER :: Client connected
INFO - [G] 2026-09-13 19:14:09 :: DEBUG :: BB.REQUEST :: gamestate()
INFO - [G] 2026-09-13 19:14:09 :: DEBUG :: BB.ENDPOINTS :: Init gamestate()
INFO - [G] 2026-09-13 19:14:09 :: DEBUG :: BB.ENDPOINTS :: Return gamestate()
INFO - [G] 2026-09-13 19:14:09 :: DEBUG :: BB.RESPONSE :: gamestate OK (1ms)
INFO - [G] 2026-09-13 19:14:09 :: DEBUG :: BB.SERVER :: Client connected
INFO - [G] 2026-09-13 19:14:09 :: DEBUG :: BB.REQUEST :: gamestate()
INFO - [G] 2026-09-13 19:14:09 :: DEBUG :: BB.ENDPOINTS :: Init gamestate()
INFO - [G] 2026-09-13 19:14:09 :: DEBUG :: BB.ENDPOINTS :: Return gamestate()
INFO - [G] 2026-09-13 19:14:09 :: DEBUG :: BB.RESPONSE :: gamestate OK (1ms)
INFO - [G] 2026-09-13 19:14:09 :: DEBUG :: BB.SERVER :: Client connected
INFO - [G] 2026-09-13 19:14:09 :: DEBUG :: BB.REQUEST :: gamestate()
INFO - [G] 2026-09-13 19:14:09 :: DEBUG :: BB.ENDPOINTS :: Init gamestate()
INFO - [G] 2026-09-13 19:14:09 :: DEBUG :: BB.ENDPOINTS :: Return gamestate()
INFO - [G] 2026-09-13 19:14:09 :: DEBUG :: BB.RESPONSE :: gamestate OK (1ms)
INFO - [G] 2026-09-13 19:14:10 :: DEBUG :: BB.SERVER :: Client connected
INFO - [G] 2026-09-13 19:14:10 :: DEBUG :: BB.REQUEST :: gamestate()
INFO - [G] 2026-09-13 19:14:10 :: DEBUG :: BB.ENDPOINTS :: Init gamestate()
INFO - [G] 2026-09-13 19:14:10 :: DEBUG :: BB.ENDPOINTS :: Return gamestate()
INFO - [G] 2026-09-13 19:14:10 :: DEBUG :: BB.RESPONSE :: gamestate OK (1ms)
INFO - [G] 2026-09-13 19:14:10 :: DEBUG :: BB.SERVER :: Client connected
INFO - [G] 2026-09-13 19:14:10 :: DEBUG :: BB.REQUEST :: gamestate()
INFO - [G] 2026-09-13 19:14:10 :: DEBUG :: BB.ENDPOINTS :: Init gamestate()
INFO - [G] 2026-09-13 19:14:10 :: DEBUG :: BB.ENDPOINTS :: Return gamestate()
INFO - [G] 2026-09-13 19:14:10 :: DEBUG :: BB.RESPONSE :: gamestate OK (1ms)
INFO - [G] 2026-09-13 19:14:10 :: DEBUG :: BB.SERVER :: Client connected
INFO - [G] 2026-09-13 19:14:10 :: DEBUG :: BB.REQUEST :: gamestate()
INFO - [G] 2026-09-13 19:14:10 :: DEBUG :: BB.ENDPOINTS :: Init gamestate()
INFO - [G] 2026-09-13 19:14:10 :: DEBUG :: BB.ENDPOINTS :: Return gamestate()
INFO - [G] 2026-09-13 19:14:10 :: DEBUG :: BB.RESPONSE :: gamestate OK (1ms)
INFO - [G] 2026-09-13 19:14:10 :: DEBUG :: BB.SERVER :: Client connected
INFO - [G] 2026-09-13 19:14:10 :: DEBUG :: BB.REQUEST :: gamestate()
INFO - [G] 2026-09-13 19:14:10 :: DEBUG :: BB.ENDPOINTS :: Init gamestate()
INFO - [G] 2026-09-13 19:14:10 :: DEBUG :: BB.ENDPOINTS :: Return gamestate()
INFO - [G] 2026-09-13 19:14:10 :: DEBUG :: BB.RESPONSE :: gamestate OK (1ms)
INFO - [G] 2026-09-13 19:14:11 :: DEBUG :: BB.SERVER :: Client connected
INFO - [G] 2026-09-13 19:14:11 :: DEBUG :: BB.REQUEST :: gamestate()
INFO - [G] 2026-09-13 19:14:11 :: DEBUG :: BB.ENDPOINTS :: Init gamestate()
INFO - [G] 2026-09-13 19:14:11 :: DEBUG :: BB.ENDPOINTS :: Return gamestate()
INFO - [G] 2026-09-13 19:14:11 :: DEBUG :: BB.RESPONSE :: gamestate OK (1ms)
INFO - [G] 2026-09-13 19:14:11 :: DEBUG :: BB.SERVER :: Client connected
INFO - [G] 2026-09-13 19:14:11 :: DEBUG :: BB.REQUEST :: gamestate()
INFO - [G] 2026-09-13 19:14:11 :: DEBUG :: BB.ENDPOINTS :: Init gamestate()
INFO - [G] 2026-09-13 19:14:11 :: DEBUG :: BB.ENDPOINTS :: Return gamestate()
INFO - [G] 2026-09-13 19:14:11 :: DEBUG :: BB.RESPONSE :: gamestate OK (1ms)
INFO - [G] 2026-09-13 19:14:11 :: DEBUG :: BB.SERVER :: Client connected
INFO - [G] 2026-09-13 19:14:11 :: DEBUG :: BB.REQUEST :: gamestate()
INFO - [G] 2026-09-13 19:14:11 :: DEBUG :: BB.ENDPOINTS :: Init gamestate()
INFO - [G] 2026-09-13 19:14:11 :: DEBUG :: BB.ENDPOINTS :: Return gamestate()
INFO - [G] 2026-09-13 19:14:11 :: DEBUG :: BB.RESPONSE :: gamestate OK (1ms)
INFO - [G] 2026-09-13 19:14:11 :: DEBUG :: BB.SERVER :: Client connected
INFO - [G] 2026-09-13 19:14:11 :: DEBUG :: BB.REQUEST :: gamestate()
INFO - [G] 2026-09-13 19:14:11 :: DEBUG :: BB.ENDPOINTS :: Init gamestate()
INFO - [G] 2026-09-13 19:14:11 :: DEBUG :: BB.ENDPOINTS :: Return gamestate()
INFO - [G] 2026-09-13 19:14:11 :: DEBUG :: BB.RESPONSE :: gamestate OK (1ms)
INFO - [G] 2026-09-13 19:14:11 :: DEBUG :: BB.SERVER :: Client connected
INFO - [G] 2026-09-13 19:14:11 :: DEBUG :: BB.REQUEST :: gamestate()
INFO - [G] 2026-09-13 19:14:11 :: DEBUG :: BB.ENDPOINTS :: Init gamestate()
INFO - [G] 2026-09-13 19:14:11 :: DEBUG :: BB.ENDPOINTS :: Return gamestate()
INFO - [G] 2026-09-13 19:14:11 :: DEBUG :: BB.RESPONSE :: gamestate OK (1ms)
INFO - [G] 2026-09-13 19:14:12 :: DEBUG :: BB.SERVER :: Client connected
INFO - [G] 2026-09-13 19:14:12 :: DEBUG :: BB.REQUEST :: gamestate()
INFO - [G] 2026-09-13 19:14:12 :: DEBUG :: BB.ENDPOINTS :: Init gamestate()
INFO - [G] 2026-09-13 19:14:12 :: DEBUG :: BB.ENDPOINTS :: Return gamestate()
INFO - [G] 2026-09-13 19:14:12 :: DEBUG :: BB.RESPONSE :: gamestate OK (1ms)
INFO - [G] 2026-09-13 19:14:12 :: DEBUG :: BB.SERVER :: Client connected
INFO - [G] 2026-09-13 19:14:12 :: DEBUG :: BB.REQUEST :: gamestate()
INFO - [G] 2026-09-13 19:14:12 :: DEBUG :: BB.ENDPOINTS :: Init gamestate()
INFO - [G] 2026-09-13 19:14:12 :: DEBUG :: BB.ENDPOINTS :: Return gamestate()
INFO - [G] 2026-09-13 19:14:12 :: DEBUG :: BB.RESPONSE :: gamestate OK (1ms)
INFO - [G] 2026-09-13 19:14:12 :: DEBUG :: BB.SERVER :: Client connected
INFO - [G] 2026-09-13 19:14:12 :: DEBUG :: BB.REQUEST :: gamestate()
INFO - [G] 2026-09-13 19:14:12 :: DEBUG :: BB.ENDPOINTS :: Init gamestate()
INFO - [G] 2026-09-13 19:14:12 :: DEBUG :: BB.ENDPOINTS :: Return gamestate()
INFO - [G] 2026-09-13 19:14:12 :: DEBUG :: BB.RESPONSE :: gamestate OK (1ms)
INFO - [G] 2026-09-13 19:14:12 :: DEBUG :: BB.SERVER :: Client connected
INFO - [G] 2026-09-13 19:14:12 :: DEBUG :: BB.REQUEST :: gamestate()
INFO - [G] 2026-09-13 19:14:12 :: DEBUG :: BB.ENDPOINTS :: Init gamestate()
INFO - [G] 2026-09-13 19:14:12 :: DEBUG :: BB.ENDPOINTS :: Return gamestate()
INFO - [G] 2026-09-13 19:14:12 :: DEBUG :: BB.RESPONSE :: gamestate OK (1ms)
INFO - [G] 2026-09-13 19:14:13 :: DEBUG :: BB.SERVER :: Client connected
INFO - [G] 2026-09-13 19:14:13 :: DEBUG :: BB.REQUEST :: gamestate()
INFO - [G] 2026-09-13 19:14:13 :: DEBUG :: BB.ENDPOINTS :: Init gamestate()
INFO - [G] 2026-09-13 19:14:13 :: DEBUG :: BB.ENDPOINTS :: Return gamestate()
INFO - [G] 2026-09-13 19:14:13 :: DEBUG :: BB.RESPONSE :: gamestate OK (1ms)
INFO - [G] 2026-09-13 19:14:13 :: DEBUG :: BB.SERVER :: Client connected
INFO - [G] 2026-09-13 19:14:13 :: DEBUG :: BB.REQUEST :: gamestate()
INFO - [G] 2026-09-13 19:14:13 :: DEBUG :: BB.ENDPOINTS :: Init gamestate()
INFO - [G] 2026-09-13 19:14:13 :: DEBUG :: BB.ENDPOINTS :: Return gamestate()
INFO - [G] 2026-09-13 19:14:13 :: DEBUG :: BB.RESPONSE :: gamestate OK (1ms)
INFO - [G] 2026-09-13 19:14:13 :: DEBUG :: BB.SERVER :: Client connected
INFO - [G] 2026-09-13 19:14:13 :: DEBUG :: BB.REQUEST :: gamestate()
INFO - [G] 2026-09-13 19:14:13 :: DEBUG :: BB.ENDPOINTS :: Init gamestate()
INFO - [G] 2026-09-13 19:14:13 :: DEBUG :: BB.ENDPOINTS :: Return gamestate()
INFO - [G] 2026-09-13 19:14:13 :: DEBUG :: BB.RESPONSE :: gamestate OK (1ms)
INFO - [G] 2026-09-13 19:14:13 :: DEBUG :: BB.SERVER :: Client connected
INFO - [G] 2026-09-13 19:14:13 :: DEBUG :: BB.REQUEST :: gamestate()
INFO - [G] 2026-09-13 19:14:13 :: DEBUG :: BB.ENDPOINTS :: Init gamestate()
INFO - [G] 2026-09-13 19:14:13 :: DEBUG :: BB.ENDPOINTS :: Return gamestate()
INFO - [G] 2026-09-13 19:14:13 :: DEBUG :: BB.RESPONSE :: gamestate OK (1ms)
INFO - [G] 2026-09-13 19:14:13 :: DEBUG :: BB.SERVER :: Client connected
INFO - [G] 2026-09-13 19:14:13 :: DEBUG :: BB.REQUEST :: gamestate()
INFO - [G] 2026-09-13 19:14:13 :: DEBUG :: BB.ENDPOINTS :: Init gamestate()
INFO - [G] 2026-09-13 19:14:13 :: DEBUG :: BB.ENDPOINTS :: Return gamestate()
INFO - [G] 2026-09-13 19:14:13 :: DEBUG :: BB.RESPONSE :: gamestate OK (1ms)
INFO - [G] 2026-09-13 19:14:14 :: DEBUG :: BB.SERVER :: Client connected
INFO - [G] 2026-09-13 19:14:14 :: DEBUG :: BB.REQUEST :: gamestate()
INFO - [G] 2026-09-13 19:14:14 :: DEBUG :: BB.ENDPOINTS :: Init gamestate()
INFO - [G] 2026-09-13 19:14:14 :: DEBUG :: BB.ENDPOINTS :: Return gamestate()
INFO - [G] 2026-09-13 19:14:14 :: DEBUG :: BB.RESPONSE :: gamestate OK (1ms)
INFO - [G] 2026-09-13 19:14:14 :: DEBUG :: BB.SERVER :: Client connected
INFO - [G] 2026-09-13 19:14:14 :: DEBUG :: BB.REQUEST :: gamestate()
INFO - [G] 2026-09-13 19:14:14 :: DEBUG :: BB.ENDPOINTS :: Init gamestate()
INFO - [G] 2026-09-13 19:14:14 :: DEBUG :: BB.ENDPOINTS :: Return gamestate()
INFO - [G] 2026-09-13 19:14:14 :: DEBUG :: BB.RESPONSE :: gamestate OK (1ms)
INFO - [G] 2026-09-13 19:14:14 :: DEBUG :: BB.SERVER :: Client connected
INFO - [G] 2026-09-13 19:14:14 :: DEBUG :: BB.REQUEST :: gamestate()
INFO - [G] 2026-09-13 19:14:14 :: DEBUG :: BB.ENDPOINTS :: Init gamestate()
INFO - [G] 2026-09-13 19:14:14 :: DEBUG :: BB.ENDPOINTS :: Return gamestate()
INFO - [G] 2026-09-13 19:14:14 :: DEBUG :: BB.RESPONSE :: gamestate OK (1ms)
INFO - [G] 2026-09-13 19:14:14 :: DEBUG :: BB.SERVER :: Client connected
INFO - [G] 2026-09-13 19:14:14 :: DEBUG :: BB.REQUEST :: gamestate()
INFO - [G] 2026-09-13 19:14:14 :: DEBUG :: BB.ENDPOINTS :: Init gamestate()
INFO - [G] 2026-09-13 19:14:14 :: DEBUG :: BB.ENDPOINTS :: Return gamestate()
INFO - [G] 2026-09-13 19:14:14 :: DEBUG :: BB.RESPONSE :: gamestate OK (1ms)
INFO - [G] 2026-09-13 19:14:14 :: DEBUG :: BB.SERVER :: Client connected
INFO - [G] 2026-09-13 19:14:14 :: DEBUG :: BB.REQUEST :: gamestate()
INFO - [G] 2026-09-13 19:14:14 :: DEBUG :: BB.ENDPOINTS :: Init gamestate()
INFO - [G] 2026-09-13 19:14:14 :: DEBUG :: BB.ENDPOINTS :: Return gamestate()
INFO - [G] 2026-09-13 19:14:14 :: DEBUG :: BB.RESPONSE :: gamestate OK (1ms)
INFO - [G] 2026-09-13 19:14:15 :: DEBUG :: BB.SERVER :: Client connected
INFO - [G] 2026-09-13 19:14:15 :: DEBUG :: BB.REQUEST :: gamestate()
INFO - [G] 2026-09-13 19:14:15 :: DEBUG :: BB.ENDPOINTS :: Init gamestate()
INFO - [G] 2026-09-13 19:14:15 :: DEBUG :: BB.ENDPOINTS :: Return gamestate()
INFO - [G] 2026-09-13 19:14:15 :: DEBUG :: BB.RESPONSE :: gamestate OK (1ms)
INFO - [G] 2026-09-13 19:14:15 :: DEBUG :: BB.SERVER :: Client connected
INFO - [G] 2026-09-13 19:14:15 :: DEBUG :: BB.REQUEST :: gamestate()
INFO - [G] 2026-09-13 19:14:15 :: DEBUG :: BB.ENDPOINTS :: Init gamestate()
INFO - [G] 2026-09-13 19:14:15 :: DEBUG :: BB.ENDPOINTS :: Return gamestate()
INFO - [G] 2026-09-13 19:14:15 :: DEBUG :: BB.RESPONSE :: gamestate OK (1ms)
INFO - [G] 2026-09-13 19:14:15 :: DEBUG :: BB.SERVER :: Client connected
INFO - [G] 2026-09-13 19:14:15 :: DEBUG :: BB.REQUEST :: gamestate()
INFO - [G] 2026-09-13 19:14:15 :: DEBUG :: BB.ENDPOINTS :: Init gamestate()
INFO - [G] 2026-09-13 19:14:15 :: DEBUG :: BB.ENDPOINTS :: Return gamestate()
INFO - [G] 2026-09-13 19:14:15 :: DEBUG :: BB.RESPONSE :: gamestate OK (1ms)
INFO - [G] 2026-09-13 19:14:15 :: DEBUG :: BB.SERVER :: Client connected
INFO - [G] 2026-09-13 19:14:15 :: DEBUG :: BB.REQUEST :: gamestate()
INFO - [G] 2026-09-13 19:14:15 :: DEBUG :: BB.ENDPOINTS :: Init gamestate()
INFO - [G] 2026-09-13 19:14:15 :: DEBUG :: BB.ENDPOINTS :: Return gamestate()
INFO - [G] 2026-09-13 19:14:15 :: DEBUG :: BB.RESPONSE :: gamestate OK (1ms)
INFO - [G] 2026-09-13 19:14:15 :: DEBUG :: BB.SERVER :: Client connected
INFO - [G] 2026-09-13 19:14:15 :: DEBUG :: BB.REQUEST :: gamestate()
INFO - [G] 2026-09-13 19:14:15 :: DEBUG :: BB.ENDPOINTS :: Init gamestate()
INFO - [G] 2026-09-13 19:14:15 :: DEBUG :: BB.ENDPOINTS :: Return gamestate()
INFO - [G] 2026-09-13 19:14:15 :: DEBUG :: BB.RESPONSE :: gamestate OK (1ms)
INFO - [G] 2026-09-13 19:14:16 :: DEBUG :: BB.SERVER :: Client connected
INFO - [G] 2026-09-13 19:14:16 :: DEBUG :: BB.REQUEST :: gamestate()
INFO - [G] 2026-09-13 19:14:16 :: DEBUG :: BB.ENDPOINTS :: Init gamestate()
INFO - [G] 2026-09-13 19:14:16 :: DEBUG :: BB.ENDPOINTS :: Return gamestate()
INFO - [G] 2026-09-13 19:14:16 :: DEBUG :: BB.RESPONSE :: gamestate OK (1ms)
INFO - [G] 2026-09-13 19:14:16 :: DEBUG :: BB.SERVER :: Client connected
INFO - [G] 2026-09-13 19:14:16 :: DEBUG :: BB.REQUEST :: gamestate()
INFO - [G] 2026-09-13 19:14:16 :: DEBUG :: BB.ENDPOINTS :: Init gamestate()
INFO - [G] 2026-09-13 19:14:16 :: DEBUG :: BB.ENDPOINTS :: Return gamestate()
INFO - [G] 2026-09-13 19:14:16 :: DEBUG :: BB.RESPONSE :: gamestate OK (1ms)
INFO - [G] 2026-09-13 19:14:16 :: DEBUG :: BB.SERVER :: Client connected
INFO - [G] 2026-09-13 19:14:16 :: DEBUG :: BB.REQUEST :: gamestate()
INFO - [G] 2026-09-13 19:14:16 :: DEBUG :: BB.ENDPOINTS :: Init gamestate()
INFO - [G] 2026-09-13 19:14:16 :: DEBUG :: BB.ENDPOINTS :: Return gamestate()
INFO - [G] 2026-09-13 19:14:16 :: DEBUG :: BB.RESPONSE :: gamestate OK (1ms)
INFO - [G] 2026-09-13 19:14:16 :: DEBUG :: BB.SERVER :: Client connected
INFO - [G] 2026-09-13 19:14:16 :: DEBUG :: BB.REQUEST :: gamestate()
INFO - [G] 2026-09-13 19:14:16 :: DEBUG :: BB.ENDPOINTS :: Init gamestate()
INFO - [G] 2026-09-13 19:14:16 :: DEBUG :: BB.ENDPOINTS :: Return gamestate()
INFO - [G] 2026-09-13 19:14:16 :: DEBUG :: BB.RESPONSE :: gamestate OK (1ms)
INFO - [G] 2026-09-13 19:14:17 :: DEBUG :: BB.SERVER :: Client connected
INFO - [G] 2026-09-13 19:14:17 :: DEBUG :: BB.REQUEST :: gamestate()
INFO - [G] 2026-09-13 19:14:17 :: DEBUG :: BB.ENDPOINTS :: Init gamestate()
INFO - [G] 2026-09-13 19:14:17 :: DEBUG :: BB.ENDPOINTS :: Return gamestate()
INFO - [G] 2026-09-13 19:14:17 :: DEBUG :: BB.RESPONSE :: gamestate OK (1ms)
INFO - [G] 2026-09-13 19:14:17 :: DEBUG :: BB.SERVER :: Client connected
INFO - [G] 2026-09-13 19:14:17 :: DEBUG :: BB.REQUEST :: gamestate()
INFO - [G] 2026-09-13 19:14:17 :: DEBUG :: BB.ENDPOINTS :: Init gamestate()
INFO - [G] 2026-09-13 19:14:17 :: DEBUG :: BB.ENDPOINTS :: Return gamestate()
INFO - [G] 2026-09-13 19:14:17 :: DEBUG :: BB.RESPONSE :: gamestate OK (1ms)
INFO - [G] 2026-09-13 19:14:17 :: DEBUG :: BB.SERVER :: Client connected
INFO - [G] 2026-09-13 19:14:17 :: DEBUG :: BB.REQUEST :: gamestate()
INFO - [G] 2026-09-13 19:14:17 :: DEBUG :: BB.ENDPOINTS :: Init gamestate()
INFO - [G] 2026-09-13 19:14:17 :: DEBUG :: BB.ENDPOINTS :: Return gamestate()
INFO - [G] 2026-09-13 19:14:17 :: DEBUG :: BB.RESPONSE :: gamestate OK (1ms)
INFO - [G] 2026-09-13 19:14:17 :: DEBUG :: BB.SERVER :: Client connected
INFO - [G] 2026-09-13 19:14:17 :: DEBUG :: BB.REQUEST :: gamestate()
INFO - [G] 2026-09-13 19:14:17 :: DEBUG :: BB.ENDPOINTS :: Init gamestate()
INFO - [G] 2026-09-13 19:14:17 :: DEBUG :: BB.ENDPOINTS :: Return gamestate()
INFO - [G] 2026-09-13 19:14:17 :: DEBUG :: BB.RESPONSE :: gamestate OK (1ms)
INFO - [G] 2026-09-13 19:14:17 :: DEBUG :: BB.SERVER :: Client connected
INFO - [G] 2026-09-13 19:14:17 :: DEBUG :: BB.REQUEST :: gamestate()
INFO - [G] 2026-09-13 19:14:17 :: DEBUG :: BB.ENDPOINTS :: Init gamestate()
INFO - [G] 2026-09-13 19:14:17 :: DEBUG :: BB.ENDPOINTS :: Return gamestate()
INFO - [G] 2026-09-13 19:14:17 :: DEBUG :: BB.RESPONSE :: gamestate OK (1ms)
INFO - [G] 2026-09-13 19:14:18 :: DEBUG :: BB.SERVER :: Client connected
INFO - [G] 2026-09-13 19:14:18 :: DEBUG :: BB.REQUEST :: gamestate()
INFO - [G] 2026-09-13 19:14:18 :: DEBUG :: BB.ENDPOINTS :: Init gamestate()
INFO - [G] 2026-09-13 19:14:18 :: DEBUG :: BB.ENDPOINTS :: Return gamestate()
INFO - [G] 2026-09-13 19:14:18 :: DEBUG :: BB.RESPONSE :: gamestate OK (1ms)
INFO - [G] 2026-09-13 19:14:18 :: DEBUG :: BB.SERVER :: Client connected
INFO - [G] 2026-09-13 19:14:18 :: DEBUG :: BB.REQUEST :: gamestate()
INFO - [G] 2026-09-13 19:14:18 :: DEBUG :: BB.ENDPOINTS :: Init gamestate()
INFO - [G] 2026-09-13 19:14:18 :: DEBUG :: BB.ENDPOINTS :: Return gamestate()
INFO - [G] 2026-09-13 19:14:18 :: DEBUG :: BB.RESPONSE :: gamestate OK (1ms)
INFO - [G] 2026-09-13 19:14:18 :: DEBUG :: BB.SERVER :: Client connected
INFO - [G] 2026-09-13 19:14:18 :: DEBUG :: BB.REQUEST :: gamestate()
INFO - [G] 2026-09-13 19:14:18 :: DEBUG :: BB.ENDPOINTS :: Init gamestate()
INFO - [G] 2026-09-13 19:14:18 :: DEBUG :: BB.ENDPOINTS :: Return gamestate()
INFO - [G] 2026-09-13 19:14:18 :: DEBUG :: BB.RESPONSE :: gamestate OK (1ms)
INFO - [G] 2026-09-13 19:14:18 :: DEBUG :: BB.SERVER :: Client connected
INFO - [G] 2026-09-13 19:14:18 :: DEBUG :: BB.REQUEST :: gamestate()
INFO - [G] 2026-09-13 19:14:18 :: DEBUG :: BB.ENDPOINTS :: Init gamestate()
INFO - [G] 2026-09-13 19:14:18 :: DEBUG :: BB.ENDPOINTS :: Return gamestate()
INFO - [G] 2026-09-13 19:14:18 :: DEBUG :: BB.RESPONSE :: gamestate OK (1ms)
INFO - [G] 2026-09-13 19:14:19 :: DEBUG :: BB.SERVER :: Client connected
INFO - [G] 2026-09-13 19:14:19 :: DEBUG :: BB.REQUEST :: gamestate()
INFO - [G] 2026-09-13 19:14:19 :: DEBUG :: BB.ENDPOINTS :: Init gamestate()
INFO - [G] 2026-09-13 19:14:19 :: DEBUG :: BB.ENDPOINTS :: Return gamestate()
INFO - [G] 2026-09-13 19:14:19 :: DEBUG :: BB.RESPONSE :: gamestate OK (1ms)
INFO - [G] 2026-09-13 19:14:19 :: DEBUG :: BB.SERVER :: Client connected
INFO - [G] 2026-09-13 19:14:19 :: DEBUG :: BB.REQUEST :: gamestate()
INFO - [G] 2026-09-13 19:14:19 :: DEBUG :: BB.ENDPOINTS :: Init gamestate()
INFO - [G] 2026-09-13 19:14:19 :: DEBUG :: BB.ENDPOINTS :: Return gamestate()
INFO - [G] 2026-09-13 19:14:19 :: DEBUG :: BB.RESPONSE :: gamestate OK (1ms)
INFO - [G] 2026-09-13 19:14:19 :: DEBUG :: BB.SERVER :: Client connected
INFO - [G] 2026-09-13 19:14:19 :: DEBUG :: BB.REQUEST :: gamestate()
INFO - [G] 2026-09-13 19:14:19 :: DEBUG :: BB.ENDPOINTS :: Init gamestate()
INFO - [G] 2026-09-13 19:14:19 :: DEBUG :: BB.ENDPOINTS :: Return gamestate()
INFO - [G] 2026-09-13 19:14:19 :: DEBUG :: BB.RESPONSE :: gamestate OK (1ms)
INFO - [G] 2026-09-13 19:14:19 :: DEBUG :: BB.SERVER :: Client connected
INFO - [G] 2026-09-13 19:14:19 :: DEBUG :: BB.REQUEST :: gamestate()
INFO - [G] 2026-09-13 19:14:19 :: DEBUG :: BB.ENDPOINTS :: Init gamestate()
INFO - [G] 2026-09-13 19:14:19 :: DEBUG :: BB.ENDPOINTS :: Return gamestate()
INFO - [G] 2026-09-13 19:14:19 :: DEBUG :: BB.RESPONSE :: gamestate OK (1ms)
INFO - [G] 2026-09-13 19:14:19 :: DEBUG :: BB.SERVER :: Client connected
INFO - [G] 2026-09-13 19:14:19 :: DEBUG :: BB.REQUEST :: gamestate()
INFO - [G] 2026-09-13 19:14:19 :: DEBUG :: BB.ENDPOINTS :: Init gamestate()
INFO - [G] 2026-09-13 19:14:19 :: DEBUG :: BB.ENDPOINTS :: Return gamestate()
INFO - [G] 2026-09-13 19:14:19 :: DEBUG :: BB.RESPONSE :: gamestate OK (1ms)
INFO - [G] 2026-09-13 19:14:20 :: DEBUG :: BB.SERVER :: Client connected
INFO - [G] 2026-09-13 19:14:20 :: DEBUG :: BB.REQUEST :: gamestate()
INFO - [G] 2026-09-13 19:14:20 :: DEBUG :: BB.ENDPOINTS :: Init gamestate()
INFO - [G] 2026-09-13 19:14:20 :: DEBUG :: BB.ENDPOINTS :: Return gamestate()
INFO - [G] 2026-09-13 19:14:20 :: DEBUG :: BB.RESPONSE :: gamestate OK (1ms)
INFO - [G] 2026-09-13 19:14:20 :: DEBUG :: BB.SERVER :: Client connected
INFO - [G] 2026-09-13 19:14:20 :: DEBUG :: BB.REQUEST :: gamestate()
INFO - [G] 2026-09-13 19:14:20 :: DEBUG :: BB.ENDPOINTS :: Init gamestate()
INFO - [G] 2026-09-13 19:14:20 :: DEBUG :: BB.ENDPOINTS :: Return gamestate()
INFO - [G] 2026-09-13 19:14:20 :: DEBUG :: BB.RESPONSE :: gamestate OK (1ms)
INFO - [G] 2026-09-13 19:14:20 :: DEBUG :: BB.SERVER :: Client connected
INFO - [G] 2026-09-13 19:14:20 :: DEBUG :: BB.REQUEST :: gamestate()
INFO - [G] 2026-09-13 19:14:20 :: DEBUG :: BB.ENDPOINTS :: Init gamestate()
INFO - [G] 2026-09-13 19:14:20 :: DEBUG :: BB.ENDPOINTS :: Return gamestate()
INFO - [G] 2026-09-13 19:14:20 :: DEBUG :: BB.RESPONSE :: gamestate OK (1ms)
INFO - [G] 2026-09-13 19:14:20 :: DEBUG :: BB.SERVER :: Client connected
INFO - [G] 2026-09-13 19:14:20 :: DEBUG :: BB.REQUEST :: gamestate()
INFO - [G] 2026-09-13 19:14:20 :: DEBUG :: BB.ENDPOINTS :: Init gamestate()
INFO - [G] 2026-09-13 19:14:20 :: DEBUG :: BB.ENDPOINTS :: Return gamestate()
INFO - [G] 2026-09-13 19:14:20 :: DEBUG :: BB.RESPONSE :: gamestate OK (1ms)
INFO - [G] 2026-09-13 19:14:21 :: DEBUG :: BB.SERVER :: Client connected
INFO - [G] 2026-09-13 19:14:21 :: DEBUG :: BB.REQUEST :: gamestate()
INFO - [G] 2026-09-13 19:14:21 :: DEBUG :: BB.ENDPOINTS :: Init gamestate()
INFO - [G] 2026-09-13 19:14:21 :: DEBUG :: BB.ENDPOINTS :: Return gamestate()
INFO - [G] 2026-09-13 19:14:21 :: DEBUG :: BB.RESPONSE :: gamestate OK (1ms)
INFO - [G] 2026-09-13 19:14:21 :: DEBUG :: BB.SERVER :: Client connected
INFO - [G] 2026-09-13 19:14:21 :: DEBUG :: BB.REQUEST :: gamestate()
INFO - [G] 2026-09-13 19:14:21 :: DEBUG :: BB.ENDPOINTS :: Init gamestate()
INFO - [G] 2026-09-13 19:14:21 :: DEBUG :: BB.ENDPOINTS :: Return gamestate()
INFO - [G] 2026-09-13 19:14:21 :: DEBUG :: BB.RESPONSE :: gamestate OK (1ms)
INFO - [G] 2026-09-13 19:14:21 :: DEBUG :: BB.SERVER :: Client connected
INFO - [G] 2026-09-13 19:14:21 :: DEBUG :: BB.REQUEST :: gamestate()
INFO - [G] 2026-09-13 19:14:21 :: DEBUG :: BB.ENDPOINTS :: Init gamestate()
INFO - [G] 2026-09-13 19:14:21 :: DEBUG :: BB.ENDPOINTS :: Return gamestate()
INFO - [G] 2026-09-13 19:14:21 :: DEBUG :: BB.RESPONSE :: gamestate OK (1ms)
INFO - [G] 2026-09-13 19:14:21 :: DEBUG :: BB.SERVER :: Client connected
INFO - [G] 2026-09-13 19:14:21 :: DEBUG :: BB.REQUEST :: gamestate()
INFO - [G] 2026-09-13 19:14:21 :: DEBUG :: BB.ENDPOINTS :: Init gamestate()
INFO - [G] 2026-09-13 19:14:21 :: DEBUG :: BB.ENDPOINTS :: Return gamestate()
INFO - [G] 2026-09-13 19:14:21 :: DEBUG :: BB.RESPONSE :: gamestate OK (1ms)
INFO - [G] 2026-09-13 19:14:21 :: DEBUG :: BB.SERVER :: Client connected
INFO - [G] 2026-09-13 19:14:21 :: DEBUG :: BB.REQUEST :: gamestate()
INFO - [G] 2026-09-13 19:14:21 :: DEBUG :: BB.ENDPOINTS :: Init gamestate()
INFO - [G] 2026-09-13 19:14:21 :: DEBUG :: BB.ENDPOINTS :: Return gamestate()
INFO - [G] 2026-09-13 19:14:21 :: DEBUG :: BB.RESPONSE :: gamestate OK (1ms)
INFO - [G] 2026-09-13 19:14:22 :: DEBUG :: BB.SERVER :: Client connected
INFO - [G] 2026-09-13 19:14:22 :: DEBUG :: BB.REQUEST :: gamestate()
INFO - [G] 2026-09-13 19:14:22 :: DEBUG :: BB.ENDPOINTS :: Init gamestate()
INFO - [G] 2026-09-13 19:14:22 :: DEBUG :: BB.ENDPOINTS :: Return gamestate()
INFO - [G] 2026-09-13 19:14:22 :: DEBUG :: BB.RESPONSE :: gamestate OK (1ms)
INFO - [G] 2026-09-13 19:14:22 :: DEBUG :: BB.SERVER :: Client connected
INFO - [G] 2026-09-13 19:14:22 :: DEBUG :: BB.REQUEST :: gamestate()
INFO - [G] 2026-09-13 19:14:22 :: DEBUG :: BB.ENDPOINTS :: Init gamestate()
INFO - [G] 2026-09-13 19:14:22 :: DEBUG :: BB.ENDPOINTS :: Return gamestate()
INFO - [G] 2026-09-13 19:14:22 :: DEBUG :: BB.RESPONSE :: gamestate OK (1ms)
INFO - [G] 2026-09-13 19:14:22 :: DEBUG :: BB.SERVER :: Client connected
INFO - [G] 2026-09-13 19:14:22 :: DEBUG :: BB.REQUEST :: gamestate()
INFO - [G] 2026-09-13 19:14:22 :: DEBUG :: BB.ENDPOINTS :: Init gamestate()
INFO - [G] 2026-09-13 19:14:22 :: DEBUG :: BB.ENDPOINTS :: Return gamestate()
INFO - [G] 2026-09-13 19:14:22 :: DEBUG :: BB.RESPONSE :: gamestate OK (1ms)
INFO - [G] 2026-09-13 19:14:22 :: DEBUG :: BB.SERVER :: Client connected
INFO - [G] 2026-09-13 19:14:22 :: DEBUG :: BB.REQUEST :: gamestate()
INFO - [G] 2026-09-13 19:14:22 :: DEBUG :: BB.ENDPOINTS :: Init gamestate()
INFO - [G] 2026-09-13 19:14:22 :: DEBUG :: BB.ENDPOINTS :: Return gamestate()
INFO - [G] 2026-09-13 19:14:22 :: DEBUG :: BB.RESPONSE :: gamestate OK (1ms)
INFO - [G] 2026-09-13 19:14:23 :: DEBUG :: BB.SERVER :: Client connected
INFO - [G] 2026-09-13 19:14:23 :: DEBUG :: BB.REQUEST :: gamestate()
INFO - [G] 2026-09-13 19:14:23 :: DEBUG :: BB.ENDPOINTS :: Init gamestate()
INFO - [G] 2026-09-13 19:14:23 :: DEBUG :: BB.ENDPOINTS :: Return gamestate()
INFO - [G] 2026-09-13 19:14:23 :: DEBUG :: BB.RESPONSE :: gamestate OK (1ms)
INFO - [G] 2026-09-13 19:14:23 :: DEBUG :: BB.SERVER :: Client connected
INFO - [G] 2026-09-13 19:14:23 :: DEBUG :: BB.REQUEST :: gamestate()
INFO - [G] 2026-09-13 19:14:23 :: DEBUG :: BB.ENDPOINTS :: Init gamestate()
INFO - [G] 2026-09-13 19:14:23 :: DEBUG :: BB.ENDPOINTS :: Return gamestate()
INFO - [G] 2026-09-13 19:14:23 :: DEBUG :: BB.RESPONSE :: gamestate OK (1ms)
INFO - [G] 2026-09-13 19:14:23 :: DEBUG :: BB.SERVER :: Client connected
INFO - [G] 2026-09-13 19:14:23 :: DEBUG :: BB.REQUEST :: gamestate()
INFO - [G] 2026-09-13 19:14:23 :: DEBUG :: BB.ENDPOINTS :: Init gamestate()
INFO - [G] 2026-09-13 19:14:23 :: DEBUG :: BB.ENDPOINTS :: Return gamestate()
INFO - [G] 2026-09-13 19:14:23 :: DEBUG :: BB.RESPONSE :: gamestate OK (1ms)
INFO - [G] 2026-09-13 19:14:23 :: DEBUG :: BB.SERVER :: Client connected
INFO - [G] 2026-09-13 19:14:23 :: DEBUG :: BB.REQUEST :: gamestate()
INFO - [G] 2026-09-13 19:14:23 :: DEBUG :: BB.ENDPOINTS :: Init gamestate()
INFO - [G] 2026-09-13 19:14:23 :: DEBUG :: BB.ENDPOINTS :: Return gamestate()
INFO - [G] 2026-09-13 19:14:23 :: DEBUG :: BB.RESPONSE :: gamestate OK (1ms)
INFO - [G] 2026-09-13 19:14:23 :: DEBUG :: BB.SERVER :: Client connected
INFO - [G] 2026-09-13 19:14:23 :: DEBUG :: BB.REQUEST :: gamestate()
INFO - [G] 2026-09-13 19:14:23 :: DEBUG :: BB.ENDPOINTS :: Init gamestate()
INFO - [G] 2026-09-13 19:14:23 :: DEBUG :: BB.ENDPOINTS :: Return gamestate()
INFO - [G] 2026-09-13 19:14:23 :: DEBUG :: BB.RESPONSE :: gamestate OK (1ms)
INFO - [G] 2026-09-13 19:14:24 :: DEBUG :: BB.SERVER :: Client connected
INFO - [G] 2026-09-13 19:14:24 :: DEBUG :: BB.REQUEST :: gamestate()
INFO - [G] 2026-09-13 19:14:24 :: DEBUG :: BB.ENDPOINTS :: Init gamestate()
INFO - [G] 2026-09-13 19:14:24 :: DEBUG :: BB.ENDPOINTS :: Return gamestate()
INFO - [G] 2026-09-13 19:14:24 :: DEBUG :: BB.RESPONSE :: gamestate OK (1ms)
INFO - [G] 2026-09-13 19:14:24 :: DEBUG :: BB.SERVER :: Client connected
INFO - [G] 2026-09-13 19:14:24 :: DEBUG :: BB.REQUEST :: gamestate()
INFO - [G] 2026-09-13 19:14:24 :: DEBUG :: BB.ENDPOINTS :: Init gamestate()
INFO - [G] 2026-09-13 19:14:24 :: DEBUG :: BB.ENDPOINTS :: Return gamestate()
INFO - [G] 2026-09-13 19:14:24 :: DEBUG :: BB.RESPONSE :: gamestate OK (1ms)
INFO - [G] 2026-09-13 19:14:24 :: DEBUG :: BB.SERVER :: Client connected
INFO - [G] 2026-09-13 19:14:24 :: DEBUG :: BB.REQUEST :: gamestate()
INFO - [G] 2026-09-13 19:14:24 :: DEBUG :: BB.ENDPOINTS :: Init gamestate()
INFO - [G] 2026-09-13 19:14:24 :: DEBUG :: BB.ENDPOINTS :: Return gamestate()
INFO - [G] 2026-09-13 19:14:24 :: DEBUG :: BB.RESPONSE :: gamestate OK (1ms)
INFO - [G] 2026-09-13 19:14:24 :: DEBUG :: BB.SERVER :: Client connected
INFO - [G] 2026-09-13 19:14:24 :: DEBUG :: BB.REQUEST :: gamestate()
INFO - [G] 2026-09-13 19:14:24 :: DEBUG :: BB.ENDPOINTS :: Init gamestate()
INFO - [G] 2026-09-13 19:14:24 :: DEBUG :: BB.ENDPOINTS :: Return gamestate()
INFO - [G] 2026-09-13 19:14:24 :: DEBUG :: BB.RESPONSE :: gamestate OK (1ms)
INFO - [G] 2026-09-13 19:14:24 :: DEBUG :: BB.SERVER :: Client connected
INFO - [G] 2026-09-13 19:14:24 :: DEBUG :: BB.REQUEST :: gamestate()
INFO - [G] 2026-09-13 19:14:24 :: DEBUG :: BB.ENDPOINTS :: Init gamestate()
INFO - [G] 2026-09-13 19:14:24 :: DEBUG :: BB.ENDPOINTS :: Return gamestate()
INFO - [G] 2026-09-13 19:14:24 :: DEBUG :: BB.RESPONSE :: gamestate OK (1ms)
INFO - [G] 2026-09-13 19:14:24 :: DEBUG :: BB.SERVER :: Client connected
INFO - [G] 2026-09-13 19:14:24 :: DEBUG :: BB.REQUEST :: gamestate()
INFO - [G] 2026-09-13 19:14:24 :: DEBUG :: BB.ENDPOINTS :: Init gamestate()
INFO - [G] 2026-09-13 19:14:24 :: DEBUG :: BB.ENDPOINTS :: Return gamestate()
INFO - [G] 2026-09-13 19:14:24 :: DEBUG :: BB.RESPONSE :: gamestate OK (1ms)
INFO - [G] 2026-09-13 19:14:25 :: DEBUG :: BB.SERVER :: Client connected
INFO - [G] 2026-09-13 19:14:25 :: DEBUG :: BB.REQUEST :: gamestate()
INFO - [G] 2026-09-13 19:14:25 :: DEBUG :: BB.ENDPOINTS :: Init gamestate()
INFO - [G] 2026-09-13 19:14:25 :: DEBUG :: BB.ENDPOINTS :: Return gamestate()
INFO - [G] 2026-09-13 19:14:25 :: DEBUG :: BB.RESPONSE :: gamestate OK (1ms)
INFO - [G] 2026-09-13 19:14:25 :: DEBUG :: BB.SERVER :: Client connected
INFO - [G] 2026-09-13 19:14:25 :: DEBUG :: BB.REQUEST :: gamestate()
INFO - [G] 2026-09-13 19:14:25 :: DEBUG :: BB.ENDPOINTS :: Init gamestate()
INFO - [G] 2026-09-13 19:14:25 :: DEBUG :: BB.ENDPOINTS :: Return gamestate()
INFO - [G] 2026-09-13 19:14:25 :: DEBUG :: BB.RESPONSE :: gamestate OK (1ms)
INFO - [G] 2026-09-13 19:14:25 :: DEBUG :: BB.SERVER :: Client connected
INFO - [G] 2026-09-13 19:14:25 :: DEBUG :: BB.REQUEST :: gamestate()
INFO - [G] 2026-09-13 19:14:25 :: DEBUG :: BB.ENDPOINTS :: Init gamestate()
INFO - [G] 2026-09-13 19:14:25 :: DEBUG :: BB.ENDPOINTS :: Return gamestate()
INFO - [G] 2026-09-13 19:14:25 :: DEBUG :: BB.RESPONSE :: gamestate OK (1ms)
INFO - [G] 2026-09-13 19:14:25 :: DEBUG :: BB.SERVER :: Client connected
INFO - [G] 2026-09-13 19:14:25 :: DEBUG :: BB.REQUEST :: gamestate()
INFO - [G] 2026-09-13 19:14:25 :: DEBUG :: BB.ENDPOINTS :: Init gamestate()
INFO - [G] 2026-09-13 19:14:25 :: DEBUG :: BB.ENDPOINTS :: Return gamestate()
INFO - [G] 2026-09-13 19:14:25 :: DEBUG :: BB.RESPONSE :: gamestate OK (1ms)
INFO - [G] 2026-09-13 19:14:26 :: DEBUG :: BB.SERVER :: Client connected
INFO - [G] 2026-09-13 19:14:26 :: DEBUG :: BB.REQUEST :: gamestate()
INFO - [G] 2026-09-13 19:14:26 :: DEBUG :: BB.ENDPOINTS :: Init gamestate()
INFO - [G] 2026-09-13 19:14:26 :: DEBUG :: BB.ENDPOINTS :: Return gamestate()
INFO - [G] 2026-09-13 19:14:26 :: DEBUG :: BB.RESPONSE :: gamestate OK (1ms)
INFO - [G] 2026-09-13 19:14:26 :: DEBUG :: BB.SERVER :: Client connected
INFO - [G] 2026-09-13 19:14:26 :: DEBUG :: BB.REQUEST :: gamestate()
INFO - [G] 2026-09-13 19:14:26 :: DEBUG :: BB.ENDPOINTS :: Init gamestate()
INFO - [G] 2026-09-13 19:14:26 :: DEBUG :: BB.ENDPOINTS :: Return gamestate()
INFO - [G] 2026-09-13 19:14:26 :: DEBUG :: BB.RESPONSE :: gamestate OK (1ms)
INFO - [G] 2026-09-13 19:14:26 :: DEBUG :: BB.SERVER :: Client connected
INFO - [G] 2026-09-13 19:14:26 :: DEBUG :: BB.REQUEST :: gamestate()
INFO - [G] 2026-09-13 19:14:26 :: DEBUG :: BB.ENDPOINTS :: Init gamestate()
INFO - [G] 2026-09-13 19:14:26 :: DEBUG :: BB.ENDPOINTS :: Return gamestate()
INFO - [G] 2026-09-13 19:14:26 :: DEBUG :: BB.RESPONSE :: gamestate OK (1ms)
INFO - [G] 2026-09-13 19:14:26 :: DEBUG :: BB.SERVER :: Client connected
INFO - [G] 2026-09-13 19:14:26 :: DEBUG :: BB.REQUEST :: gamestate()
INFO - [G] 2026-09-13 19:14:26 :: DEBUG :: BB.ENDPOINTS :: Init gamestate()
INFO - [G] 2026-09-13 19:14:26 :: DEBUG :: BB.ENDPOINTS :: Return gamestate()
INFO - [G] 2026-09-13 19:14:26 :: DEBUG :: BB.RESPONSE :: gamestate OK (1ms)
INFO - [G] 2026-09-13 19:14:26 :: DEBUG :: BB.SERVER :: Client connected
INFO - [G] 2026-09-13 19:14:26 :: DEBUG :: BB.REQUEST :: gamestate()
INFO - [G] 2026-09-13 19:14:26 :: DEBUG :: BB.ENDPOINTS :: Init gamestate()
INFO - [G] 2026-09-13 19:14:26 :: DEBUG :: BB.ENDPOINTS :: Return gamestate()
INFO - [G] 2026-09-13 19:14:26 :: DEBUG :: BB.RESPONSE :: gamestate OK (1ms)
INFO - [G] 2026-09-13 19:14:27 :: DEBUG :: BB.SERVER :: Client connected
INFO - [G] 2026-09-13 19:14:27 :: DEBUG :: BB.REQUEST :: gamestate()
INFO - [G] 2026-09-13 19:14:27 :: DEBUG :: BB.ENDPOINTS :: Init gamestate()
INFO - [G] 2026-09-13 19:14:27 :: DEBUG :: BB.ENDPOINTS :: Return gamestate()
INFO - [G] 2026-09-13 19:14:27 :: DEBUG :: BB.RESPONSE :: gamestate OK (1ms)
INFO - [G] 2026-09-13 19:14:27 :: DEBUG :: BB.SERVER :: Client connected
INFO - [G] 2026-09-13 19:14:27 :: DEBUG :: BB.REQUEST :: gamestate()
INFO - [G] 2026-09-13 19:14:27 :: DEBUG :: BB.ENDPOINTS :: Init gamestate()
INFO - [G] 2026-09-13 19:14:27 :: DEBUG :: BB.ENDPOINTS :: Return gamestate()
INFO - [G] 2026-09-13 19:14:27 :: DEBUG :: BB.RESPONSE :: gamestate OK (1ms)
INFO - [G] 2026-09-13 19:14:27 :: DEBUG :: BB.SERVER :: Client connected
INFO - [G] 2026-09-13 19:14:27 :: DEBUG :: BB.REQUEST :: gamestate()
INFO - [G] 2026-09-13 19:14:27 :: DEBUG :: BB.ENDPOINTS :: Init gamestate()
INFO - [G] 2026-09-13 19:14:27 :: DEBUG :: BB.ENDPOINTS :: Return gamestate()
INFO - [G] 2026-09-13 19:14:27 :: DEBUG :: BB.RESPONSE :: gamestate OK (1ms)
INFO - [G] 2026-09-13 19:14:27 :: DEBUG :: BB.SERVER :: Client connected
INFO - [G] 2026-09-13 19:14:27 :: DEBUG :: BB.REQUEST :: gamestate()
INFO - [G] 2026-09-13 19:14:27 :: DEBUG :: BB.ENDPOINTS :: Init gamestate()
INFO - [G] 2026-09-13 19:14:27 :: DEBUG :: BB.ENDPOINTS :: Return gamestate()
INFO - [G] 2026-09-13 19:14:27 :: DEBUG :: BB.RESPONSE :: gamestate OK (1ms)
INFO - [G] 2026-09-13 19:14:28 :: DEBUG :: BB.SERVER :: Client connected
INFO - [G] 2026-09-13 19:14:28 :: DEBUG :: BB.REQUEST :: gamestate()
INFO - [G] 2026-09-13 19:14:28 :: DEBUG :: BB.ENDPOINTS :: Init gamestate()
INFO - [G] 2026-09-13 19:14:28 :: DEBUG :: BB.ENDPOINTS :: Return gamestate()
INFO - [G] 2026-09-13 19:14:28 :: DEBUG :: BB.RESPONSE :: gamestate OK (1ms)
INFO - [G] 2026-09-13 19:14:28 :: DEBUG :: BB.SERVER :: Client connected
INFO - [G] 2026-09-13 19:14:28 :: DEBUG :: BB.REQUEST :: gamestate()
INFO - [G] 2026-09-13 19:14:28 :: DEBUG :: BB.ENDPOINTS :: Init gamestate()
INFO - [G] 2026-09-13 19:14:28 :: DEBUG :: BB.ENDPOINTS :: Return gamestate()
INFO - [G] 2026-09-13 19:14:28 :: DEBUG :: BB.RESPONSE :: gamestate OK (1ms)
INFO - [G] 2026-09-13 19:14:28 :: DEBUG :: BB.SERVER :: Client connected
INFO - [G] 2026-09-13 19:14:28 :: DEBUG :: BB.REQUEST :: gamestate()
INFO - [G] 2026-09-13 19:14:28 :: DEBUG :: BB.ENDPOINTS :: Init gamestate()
INFO - [G] 2026-09-13 19:14:28 :: DEBUG :: BB.ENDPOINTS :: Return gamestate()
INFO - [G] 2026-09-13 19:14:28 :: DEBUG :: BB.RESPONSE :: gamestate OK (1ms)
INFO - [G] 2026-09-13 19:14:28 :: DEBUG :: BB.SERVER :: Client connected
INFO - [G] 2026-09-13 19:14:28 :: DEBUG :: BB.REQUEST :: gamestate()
INFO - [G] 2026-09-13 19:14:28 :: DEBUG :: BB.ENDPOINTS :: Init gamestate()
INFO - [G] 2026-09-13 19:14:28 :: DEBUG :: BB.ENDPOINTS :: Return gamestate()
INFO - [G] 2026-09-13 19:14:28 :: DEBUG :: BB.RESPONSE :: gamestate OK (1ms)
INFO - [G] 2026-09-13 19:14:28 :: DEBUG :: BB.SERVER :: Client connected
INFO - [G] 2026-09-13 19:14:28 :: DEBUG :: BB.REQUEST :: gamestate()
INFO - [G] 2026-09-13 19:14:28 :: DEBUG :: BB.ENDPOINTS :: Init gamestate()
INFO - [G] 2026-09-13 19:14:28 :: DEBUG :: BB.ENDPOINTS :: Return gamestate()
INFO - [G] 2026-09-13 19:14:28 :: DEBUG :: BB.RESPONSE :: gamestate OK (1ms)
INFO - [G] 2026-09-13 19:14:29 :: DEBUG :: BB.SERVER :: Client connected
INFO - [G] 2026-09-13 19:14:29 :: DEBUG :: BB.REQUEST :: gamestate()
INFO - [G] 2026-09-13 19:14:29 :: DEBUG :: BB.ENDPOINTS :: Init gamestate()
INFO - [G] 2026-09-13 19:14:29 :: DEBUG :: BB.ENDPOINTS :: Return gamestate()
INFO - [G] 2026-09-13 19:14:29 :: DEBUG :: BB.RESPONSE :: gamestate OK (1ms)
INFO - [G] 2026-09-13 19:14:29 :: DEBUG :: BB.SERVER :: Client connected
INFO - [G] 2026-09-13 19:14:29 :: DEBUG :: BB.REQUEST :: gamestate()
INFO - [G] 2026-09-13 19:14:29 :: DEBUG :: BB.ENDPOINTS :: Init gamestate()
INFO - [G] 2026-09-13 19:14:29 :: DEBUG :: BB.ENDPOINTS :: Return gamestate()
INFO - [G] 2026-09-13 19:14:29 :: DEBUG :: BB.RESPONSE :: gamestate OK (1ms)
INFO - [G] 2026-09-13 19:14:29 :: DEBUG :: BB.SERVER :: Client connected
INFO - [G] 2026-09-13 19:14:29 :: DEBUG :: BB.REQUEST :: gamestate()
INFO - [G] 2026-09-13 19:14:29 :: DEBUG :: BB.ENDPOINTS :: Init gamestate()
INFO - [G] 2026-09-13 19:14:29 :: DEBUG :: BB.ENDPOINTS :: Return gamestate()
INFO - [G] 2026-09-13 19:14:29 :: DEBUG :: BB.RESPONSE :: gamestate OK (1ms)
INFO - [G] 2026-09-13 19:14:29 :: DEBUG :: BB.SERVER :: Client connected
INFO - [G] 2026-09-13 19:14:29 :: DEBUG :: BB.REQUEST :: gamestate()
INFO - [G] 2026-09-13 19:14:29 :: DEBUG :: BB.ENDPOINTS :: Init gamestate()
INFO - [G] 2026-09-13 19:14:29 :: DEBUG :: BB.ENDPOINTS :: Return gamestate()
INFO - [G] 2026-09-13 19:14:29 :: DEBUG :: BB.RESPONSE :: gamestate OK (1ms)
INFO - [G] 2026-09-13 19:14:30 :: DEBUG :: BB.SERVER :: Client connected
INFO - [G] 2026-09-13 19:14:30 :: DEBUG :: BB.REQUEST :: gamestate()
INFO - [G] 2026-09-13 19:14:30 :: DEBUG :: BB.ENDPOINTS :: Init gamestate()
INFO - [G] 2026-09-13 19:14:30 :: DEBUG :: BB.ENDPOINTS :: Return gamestate()
INFO - [G] 2026-09-13 19:14:30 :: DEBUG :: BB.RESPONSE :: gamestate OK (1ms)
INFO - [G] 2026-09-13 19:14:30 :: DEBUG :: BB.SERVER :: Client connected
INFO - [G] 2026-09-13 19:14:30 :: DEBUG :: BB.REQUEST :: gamestate()
INFO - [G] 2026-09-13 19:14:30 :: DEBUG :: BB.ENDPOINTS :: Init gamestate()
INFO - [G] 2026-09-13 19:14:30 :: DEBUG :: BB.ENDPOINTS :: Return gamestate()
INFO - [G] 2026-09-13 19:14:30 :: DEBUG :: BB.RESPONSE :: gamestate OK (1ms)
INFO - [G] 2026-09-13 19:14:30 :: DEBUG :: BB.SERVER :: Client connected
INFO - [G] 2026-09-13 19:14:30 :: DEBUG :: BB.REQUEST :: gamestate()
INFO - [G] 2026-09-13 19:14:30 :: DEBUG :: BB.ENDPOINTS :: Init gamestate()
INFO - [G] 2026-09-13 19:14:30 :: DEBUG :: BB.ENDPOINTS :: Return gamestate()
INFO - [G] 2026-09-13 19:14:30 :: DEBUG :: BB.RESPONSE :: gamestate OK (1ms)
INFO - [G] 2026-09-13 19:14:30 :: DEBUG :: BB.SERVER :: Client connected
INFO - [G] 2026-09-13 19:14:30 :: DEBUG :: BB.REQUEST :: gamestate()
INFO - [G] 2026-09-13 19:14:30 :: DEBUG :: BB.ENDPOINTS :: Init gamestate()
INFO - [G] 2026-09-13 19:14:30 :: DEBUG :: BB.ENDPOINTS :: Return gamestate()
INFO - [G] 2026-09-13 19:14:30 :: DEBUG :: BB.RESPONSE :: gamestate OK (1ms)
INFO - [G] 2026-09-13 19:14:30 :: DEBUG :: BB.SERVER :: Client connected
INFO - [G] 2026-09-13 19:14:30 :: DEBUG :: BB.REQUEST :: gamestate()
INFO - [G] 2026-09-13 19:14:30 :: DEBUG :: BB.ENDPOINTS :: Init gamestate()
INFO - [G] 2026-09-13 19:14:30 :: DEBUG :: BB.ENDPOINTS :: Return gamestate()
INFO - [G] 2026-09-13 19:14:30 :: DEBUG :: BB.RESPONSE :: gamestate OK (1ms)
INFO - [G] 2026-09-13 19:14:31 :: DEBUG :: BB.SERVER :: Client connected
INFO - [G] 2026-09-13 19:14:31 :: DEBUG :: BB.REQUEST :: gamestate()
INFO - [G] 2026-09-13 19:14:31 :: DEBUG :: BB.ENDPOINTS :: Init gamestate()
INFO - [G] 2026-09-13 19:14:31 :: DEBUG :: BB.ENDPOINTS :: Return gamestate()
INFO - [G] 2026-09-13 19:14:31 :: DEBUG :: BB.RESPONSE :: gamestate OK (1ms)
INFO - [G] 2026-09-13 19:14:31 :: DEBUG :: BB.SERVER :: Client connected
INFO - [G] 2026-09-13 19:14:31 :: DEBUG :: BB.REQUEST :: gamestate()
INFO - [G] 2026-09-13 19:14:31 :: DEBUG :: BB.ENDPOINTS :: Init gamestate()
INFO - [G] 2026-09-13 19:14:31 :: DEBUG :: BB.ENDPOINTS :: Return gamestate()
INFO - [G] 2026-09-13 19:14:31 :: DEBUG :: BB.RESPONSE :: gamestate OK (1ms)
INFO - [G] 2026-09-13 19:14:31 :: DEBUG :: BB.SERVER :: Client connected
INFO - [G] 2026-09-13 19:14:31 :: DEBUG :: BB.REQUEST :: gamestate()
INFO - [G] 2026-09-13 19:14:31 :: DEBUG :: BB.ENDPOINTS :: Init gamestate()
INFO - [G] 2026-09-13 19:14:31 :: DEBUG :: BB.ENDPOINTS :: Return gamestate()
INFO - [G] 2026-09-13 19:14:31 :: DEBUG :: BB.RESPONSE :: gamestate OK (1ms)
INFO - [G] 2026-09-13 19:14:31 :: DEBUG :: BB.SERVER :: Client connected
INFO - [G] 2026-09-13 19:14:31 :: DEBUG :: BB.REQUEST :: gamestate()
INFO - [G] 2026-09-13 19:14:31 :: DEBUG :: BB.ENDPOINTS :: Init gamestate()
INFO - [G] 2026-09-13 19:14:31 :: DEBUG :: BB.ENDPOINTS :: Return gamestate()
INFO - [G] 2026-09-13 19:14:31 :: DEBUG :: BB.RESPONSE :: gamestate OK (1ms)
INFO - [G] 2026-09-13 19:14:31 :: DEBUG :: BB.SERVER :: Client connected
INFO - [G] 2026-09-13 19:14:31 :: DEBUG :: BB.REQUEST :: gamestate()
INFO - [G] 2026-09-13 19:14:31 :: DEBUG :: BB.ENDPOINTS :: Init gamestate()
INFO - [G] 2026-09-13 19:14:31 :: DEBUG :: BB.ENDPOINTS :: Return gamestate()
INFO - [G] 2026-09-13 19:14:31 :: DEBUG :: BB.RESPONSE :: gamestate OK (1ms)
INFO - [G] 2026-09-13 19:14:32 :: DEBUG :: BB.SERVER :: Client connected
INFO - [G] 2026-09-13 19:14:32 :: DEBUG :: BB.REQUEST :: gamestate()
INFO - [G] 2026-09-13 19:14:32 :: DEBUG :: BB.ENDPOINTS :: Init gamestate()
INFO - [G] 2026-09-13 19:14:32 :: DEBUG :: BB.ENDPOINTS :: Return gamestate()
INFO - [G] 2026-09-13 19:14:32 :: DEBUG :: BB.RESPONSE :: gamestate OK (1ms)
INFO - [G] 2026-09-13 19:14:32 :: DEBUG :: BB.SERVER :: Client connected
INFO - [G] 2026-09-13 19:14:32 :: DEBUG :: BB.REQUEST :: gamestate()
INFO - [G] 2026-09-13 19:14:32 :: DEBUG :: BB.ENDPOINTS :: Init gamestate()
INFO - [G] 2026-09-13 19:14:32 :: DEBUG :: BB.ENDPOINTS :: Return gamestate()
INFO - [G] 2026-09-13 19:14:32 :: DEBUG :: BB.RESPONSE :: gamestate OK (1ms)
INFO - [G] 2026-09-13 19:14:32 :: DEBUG :: BB.SERVER :: Client connected
INFO - [G] 2026-09-13 19:14:32 :: DEBUG :: BB.REQUEST :: gamestate()
INFO - [G] 2026-09-13 19:14:32 :: DEBUG :: BB.ENDPOINTS :: Init gamestate()
INFO - [G] 2026-09-13 19:14:32 :: DEBUG :: BB.ENDPOINTS :: Return gamestate()
INFO - [G] 2026-09-13 19:14:32 :: DEBUG :: BB.RESPONSE :: gamestate OK (1ms)
INFO - [G] 2026-09-13 19:14:32 :: DEBUG :: BB.SERVER :: Client connected
INFO - [G] 2026-09-13 19:14:32 :: DEBUG :: BB.REQUEST :: gamestate()
INFO - [G] 2026-09-13 19:14:32 :: DEBUG :: BB.ENDPOINTS :: Init gamestate()
INFO - [G] 2026-09-13 19:14:32 :: DEBUG :: BB.ENDPOINTS :: Return gamestate()
INFO - [G] 2026-09-13 19:14:32 :: DEBUG :: BB.RESPONSE :: gamestate OK (1ms)
INFO - [G] 2026-09-13 19:14:33 :: DEBUG :: BB.SERVER :: Client connected
INFO - [G] 2026-09-13 19:14:33 :: DEBUG :: BB.REQUEST :: gamestate()
INFO - [G] 2026-09-13 19:14:33 :: DEBUG :: BB.ENDPOINTS :: Init gamestate()
INFO - [G] 2026-09-13 19:14:33 :: DEBUG :: BB.ENDPOINTS :: Return gamestate()
INFO - [G] 2026-09-13 19:14:33 :: DEBUG :: BB.RESPONSE :: gamestate OK (1ms)
INFO - [G] 2026-09-13 19:14:33 :: DEBUG :: BB.SERVER :: Client connected
INFO - [G] 2026-09-13 19:14:33 :: DEBUG :: BB.REQUEST :: gamestate()
INFO - [G] 2026-09-13 19:14:33 :: DEBUG :: BB.ENDPOINTS :: Init gamestate()
INFO - [G] 2026-09-13 19:14:33 :: DEBUG :: BB.ENDPOINTS :: Return gamestate()
INFO - [G] 2026-09-13 19:14:33 :: DEBUG :: BB.RESPONSE :: gamestate OK (1ms)
INFO - [G] 2026-09-13 19:14:33 :: DEBUG :: BB.SERVER :: Client connected
INFO - [G] 2026-09-13 19:14:33 :: DEBUG :: BB.REQUEST :: gamestate()
INFO - [G] 2026-09-13 19:14:33 :: DEBUG :: BB.ENDPOINTS :: Init gamestate()
INFO - [G] 2026-09-13 19:14:33 :: DEBUG :: BB.ENDPOINTS :: Return gamestate()
INFO - [G] 2026-09-13 19:14:33 :: DEBUG :: BB.RESPONSE :: gamestate OK (1ms)
INFO - [G] 2026-09-13 19:14:33 :: DEBUG :: BB.SERVER :: Client connected
INFO - [G] 2026-09-13 19:14:33 :: DEBUG :: BB.REQUEST :: gamestate()
INFO - [G] 2026-09-13 19:14:33 :: DEBUG :: BB.ENDPOINTS :: Init gamestate()
INFO - [G] 2026-09-13 19:14:33 :: DEBUG :: BB.ENDPOINTS :: Return gamestate()
INFO - [G] 2026-09-13 19:14:33 :: DEBUG :: BB.RESPONSE :: gamestate OK (1ms)
INFO - [G] 2026-09-13 19:14:33 :: DEBUG :: BB.SERVER :: Client connected
INFO - [G] 2026-09-13 19:14:33 :: DEBUG :: BB.REQUEST :: gamestate()
INFO - [G] 2026-09-13 19:14:33 :: DEBUG :: BB.ENDPOINTS :: Init gamestate()
INFO - [G] 2026-09-13 19:14:33 :: DEBUG :: BB.ENDPOINTS :: Return gamestate()
INFO - [G] 2026-09-13 19:14:33 :: DEBUG :: BB.RESPONSE :: gamestate OK (1ms)
INFO - [G] 2026-09-13 19:14:34 :: DEBUG :: BB.SERVER :: Client connected
INFO - [G] 2026-09-13 19:14:34 :: DEBUG :: BB.REQUEST :: gamestate()
INFO - [G] 2026-09-13 19:14:34 :: DEBUG :: BB.ENDPOINTS :: Init gamestate()
INFO - [G] 2026-09-13 19:14:34 :: DEBUG :: BB.ENDPOINTS :: Return gamestate()
INFO - [G] 2026-09-13 19:14:34 :: DEBUG :: BB.RESPONSE :: gamestate OK (1ms)
INFO - [G] 2026-09-13 19:14:34 :: DEBUG :: BB.SERVER :: Client connected
INFO - [G] 2026-09-13 19:14:34 :: DEBUG :: BB.REQUEST :: gamestate()
INFO - [G] 2026-09-13 19:14:34 :: DEBUG :: BB.ENDPOINTS :: Init gamestate()
INFO - [G] 2026-09-13 19:14:34 :: DEBUG :: BB.ENDPOINTS :: Return gamestate()
INFO - [G] 2026-09-13 19:14:34 :: DEBUG :: BB.RESPONSE :: gamestate OK (1ms)
INFO - [G] 2026-09-13 19:14:34 :: DEBUG :: BB.SERVER :: Client connected
INFO - [G] 2026-09-13 19:14:34 :: DEBUG :: BB.REQUEST :: gamestate()
INFO - [G] 2026-09-13 19:14:34 :: DEBUG :: BB.ENDPOINTS :: Init gamestate()
INFO - [G] 2026-09-13 19:14:34 :: DEBUG :: BB.ENDPOINTS :: Return gamestate()
INFO - [G] 2026-09-13 19:14:34 :: DEBUG :: BB.RESPONSE :: gamestate OK (1ms)
INFO - [G] 2026-09-13 19:14:34 :: DEBUG :: BB.SERVER :: Client connected
INFO - [G] 2026-09-13 19:14:34 :: DEBUG :: BB.REQUEST :: gamestate()
INFO - [G] 2026-09-13 19:14:34 :: DEBUG :: BB.ENDPOINTS :: Init gamestate()
INFO - [G] 2026-09-13 19:14:34 :: DEBUG :: BB.ENDPOINTS :: Return gamestate()
INFO - [G] 2026-09-13 19:14:34 :: DEBUG :: BB.RESPONSE :: gamestate OK (1ms)
INFO - [G] 2026-09-13 19:14:34 :: DEBUG :: BB.SERVER :: Client connected
INFO - [G] 2026-09-13 19:14:34 :: DEBUG :: BB.REQUEST :: gamestate()
INFO - [G] 2026-09-13 19:14:34 :: DEBUG :: BB.ENDPOINTS :: Init gamestate()
INFO - [G] 2026-09-13 19:14:34 :: DEBUG :: BB.ENDPOINTS :: Return gamestate()
INFO - [G] 2026-09-13 19:14:34 :: DEBUG :: BB.RESPONSE :: gamestate OK (1ms)
INFO - [G] 2026-09-13 19:14:35 :: DEBUG :: BB.SERVER :: Client connected
INFO - [G] 2026-09-13 19:14:35 :: DEBUG :: BB.REQUEST :: gamestate()
INFO - [G] 2026-09-13 19:14:35 :: DEBUG :: BB.ENDPOINTS :: Init gamestate()
INFO - [G] 2026-09-13 19:14:35 :: DEBUG :: BB.ENDPOINTS :: Return gamestate()
INFO - [G] 2026-09-13 19:14:35 :: DEBUG :: BB.RESPONSE :: gamestate OK (1ms)
INFO - [G] 2026-09-13 19:14:35 :: DEBUG :: BB.SERVER :: Client connected
INFO - [G] 2026-09-13 19:14:35 :: DEBUG :: BB.REQUEST :: gamestate()
INFO - [G] 2026-09-13 19:14:35 :: DEBUG :: BB.ENDPOINTS :: Init gamestate()
INFO - [G] 2026-09-13 19:14:35 :: DEBUG :: BB.ENDPOINTS :: Return gamestate()
INFO - [G] 2026-09-13 19:14:35 :: DEBUG :: BB.RESPONSE :: gamestate OK (1ms)
INFO - [G] 2026-09-13 19:14:35 :: DEBUG :: BB.SERVER :: Client connected
INFO - [G] 2026-09-13 19:14:35 :: DEBUG :: BB.REQUEST :: gamestate()
INFO - [G] 2026-09-13 19:14:35 :: DEBUG :: BB.ENDPOINTS :: Init gamestate()
INFO - [G] 2026-09-13 19:14:35 :: DEBUG :: BB.ENDPOINTS :: Return gamestate()
INFO - [G] 2026-09-13 19:14:35 :: DEBUG :: BB.RESPONSE :: gamestate OK (1ms)
INFO - [G] 2026-09-13 19:14:35 :: DEBUG :: BB.SERVER :: Client connected
INFO - [G] 2026-09-13 19:14:35 :: DEBUG :: BB.REQUEST :: gamestate()
INFO - [G] 2026-09-13 19:14:35 :: DEBUG :: BB.ENDPOINTS :: Init gamestate()
INFO - [G] 2026-09-13 19:14:35 :: DEBUG :: BB.ENDPOINTS :: Return gamestate()
INFO - [G] 2026-09-13 19:14:35 :: DEBUG :: BB.RESPONSE :: gamestate OK (1ms)
INFO - [G] 2026-09-13 19:14:35 :: DEBUG :: BB.SERVER :: Client connected
INFO - [G] 2026-09-13 19:14:35 :: DEBUG :: BB.REQUEST :: gamestate()
INFO - [G] 2026-09-13 19:14:35 :: DEBUG :: BB.ENDPOINTS :: Init gamestate()
INFO - [G] 2026-09-13 19:14:35 :: DEBUG :: BB.ENDPOINTS :: Return gamestate()
INFO - [G] 2026-09-13 19:14:35 :: DEBUG :: BB.RESPONSE :: gamestate OK (1ms)
INFO - [G] 2026-09-13 19:14:36 :: DEBUG :: BB.SERVER :: Client connected
INFO - [G] 2026-09-13 19:14:36 :: DEBUG :: BB.REQUEST :: gamestate()
INFO - [G] 2026-09-13 19:14:36 :: DEBUG :: BB.ENDPOINTS :: Init gamestate()
INFO - [G] 2026-09-13 19:14:36 :: DEBUG :: BB.ENDPOINTS :: Return gamestate()
INFO - [G] 2026-09-13 19:14:36 :: DEBUG :: BB.RESPONSE :: gamestate OK (1ms)
INFO - [G] 2026-09-13 19:14:36 :: DEBUG :: BB.SERVER :: Client connected
INFO - [G] 2026-09-13 19:14:36 :: DEBUG :: BB.REQUEST :: gamestate()
INFO - [G] 2026-09-13 19:14:36 :: DEBUG :: BB.ENDPOINTS :: Init gamestate()
INFO - [G] 2026-09-13 19:14:36 :: DEBUG :: BB.ENDPOINTS :: Return gamestate()
INFO - [G] 2026-09-13 19:14:36 :: DEBUG :: BB.RESPONSE :: gamestate OK (1ms)
INFO - [G] 2026-09-13 19:14:36 :: DEBUG :: BB.SERVER :: Client connected
INFO - [G] 2026-09-13 19:14:36 :: DEBUG :: BB.REQUEST :: gamestate()
INFO - [G] 2026-09-13 19:14:36 :: DEBUG :: BB.ENDPOINTS :: Init gamestate()
INFO - [G] 2026-09-13 19:14:36 :: DEBUG :: BB.ENDPOINTS :: Return gamestate()
INFO - [G] 2026-09-13 19:14:36 :: DEBUG :: BB.RESPONSE :: gamestate OK (1ms)
INFO - [G] 2026-09-13 19:14:36 :: DEBUG :: BB.SERVER :: Client connected
INFO - [G] 2026-09-13 19:14:36 :: DEBUG :: BB.REQUEST :: gamestate()
INFO - [G] 2026-09-13 19:14:36 :: DEBUG :: BB.ENDPOINTS :: Init gamestate()
INFO - [G] 2026-09-13 19:14:36 :: DEBUG :: BB.ENDPOINTS :: Return gamestate()
INFO - [G] 2026-09-13 19:14:36 :: DEBUG :: BB.RESPONSE :: gamestate OK (1ms)
INFO - [G] 2026-09-13 19:14:37 :: DEBUG :: BB.SERVER :: Client connected
INFO - [G] 2026-09-13 19:14:37 :: DEBUG :: BB.REQUEST :: gamestate()
INFO - [G] 2026-09-13 19:14:37 :: DEBUG :: BB.ENDPOINTS :: Init gamestate()
INFO - [G] 2026-09-13 19:14:37 :: DEBUG :: BB.ENDPOINTS :: Return gamestate()
INFO - [G] 2026-09-13 19:14:37 :: DEBUG :: BB.RESPONSE :: gamestate OK (1ms)
INFO - [G] 2026-09-13 19:14:37 :: DEBUG :: BB.SERVER :: Client connected
INFO - [G] 2026-09-13 19:14:37 :: DEBUG :: BB.REQUEST :: gamestate()
INFO - [G] 2026-09-13 19:14:37 :: DEBUG :: BB.ENDPOINTS :: Init gamestate()
INFO - [G] 2026-09-13 19:14:37 :: DEBUG :: BB.ENDPOINTS :: Return gamestate()
INFO - [G] 2026-09-13 19:14:37 :: DEBUG :: BB.RESPONSE :: gamestate OK (1ms)
INFO - [G] 2026-09-13 19:14:37 :: DEBUG :: BB.SERVER :: Client connected
INFO - [G] 2026-09-13 19:14:37 :: DEBUG :: BB.REQUEST :: gamestate()
INFO - [G] 2026-09-13 19:14:37 :: DEBUG :: BB.ENDPOINTS :: Init gamestate()
INFO - [G] 2026-09-13 19:14:37 :: DEBUG :: BB.ENDPOINTS :: Return gamestate()
INFO - [G] 2026-09-13 19:14:37 :: DEBUG :: BB.RESPONSE :: gamestate OK (1ms)
INFO - [G] 2026-09-13 19:14:37 :: DEBUG :: BB.SERVER :: Client connected
INFO - [G] 2026-09-13 19:14:37 :: DEBUG :: BB.REQUEST :: gamestate()
INFO - [G] 2026-09-13 19:14:37 :: DEBUG :: BB.ENDPOINTS :: Init gamestate()
INFO - [G] 2026-09-13 19:14:37 :: DEBUG :: BB.ENDPOINTS :: Return gamestate()
INFO - [G] 2026-09-13 19:14:37 :: DEBUG :: BB.RESPONSE :: gamestate OK (1ms)
INFO - [G] 2026-09-13 19:14:37 :: DEBUG :: BB.SERVER :: Client connected
INFO - [G] 2026-09-13 19:14:37 :: DEBUG :: BB.REQUEST :: gamestate()
INFO - [G] 2026-09-13 19:14:37 :: DEBUG :: BB.ENDPOINTS :: Init gamestate()
INFO - [G] 2026-09-13 19:14:37 :: DEBUG :: BB.ENDPOINTS :: Return gamestate()
INFO - [G] 2026-09-13 19:14:37 :: DEBUG :: BB.RESPONSE :: gamestate OK (1ms)
INFO - [G] 2026-09-13 19:14:38 :: DEBUG :: BB.SERVER :: Client connected
INFO - [G] 2026-09-13 19:14:38 :: DEBUG :: BB.REQUEST :: gamestate()
INFO - [G] 2026-09-13 19:14:38 :: DEBUG :: BB.ENDPOINTS :: Init gamestate()
INFO - [G] 2026-09-13 19:14:38 :: DEBUG :: BB.ENDPOINTS :: Return gamestate()
INFO - [G] 2026-09-13 19:14:38 :: DEBUG :: BB.RESPONSE :: gamestate OK (1ms)
INFO - [G] 2026-09-13 19:14:38 :: DEBUG :: BB.SERVER :: Client connected
INFO - [G] 2026-09-13 19:14:38 :: DEBUG :: BB.REQUEST :: gamestate()
INFO - [G] 2026-09-13 19:14:38 :: DEBUG :: BB.ENDPOINTS :: Init gamestate()
INFO - [G] 2026-09-13 19:14:38 :: DEBUG :: BB.ENDPOINTS :: Return gamestate()
INFO - [G] 2026-09-13 19:14:38 :: DEBUG :: BB.RESPONSE :: gamestate OK (1ms)
INFO - [G] 2026-09-13 19:14:38 :: DEBUG :: BB.SERVER :: Client connected
INFO - [G] 2026-09-13 19:14:38 :: DEBUG :: BB.REQUEST :: gamestate()
INFO - [G] 2026-09-13 19:14:38 :: DEBUG :: BB.ENDPOINTS :: Init gamestate()
INFO - [G] 2026-09-13 19:14:38 :: DEBUG :: BB.ENDPOINTS :: Return gamestate()
INFO - [G] 2026-09-13 19:14:38 :: DEBUG :: BB.RESPONSE :: gamestate OK (1ms)
INFO - [G] 2026-09-13 19:14:38 :: DEBUG :: BB.SERVER :: Client connected
INFO - [G] 2026-09-13 19:14:38 :: DEBUG :: BB.REQUEST :: gamestate()
INFO - [G] 2026-09-13 19:14:38 :: DEBUG :: BB.ENDPOINTS :: Init gamestate()
INFO - [G] 2026-09-13 19:14:38 :: DEBUG :: BB.ENDPOINTS :: Return gamestate()
INFO - [G] 2026-09-13 19:14:38 :: DEBUG :: BB.RESPONSE :: gamestate OK (1ms)
INFO - [G] 2026-09-13 19:14:39 :: DEBUG :: BB.SERVER :: Client connected
INFO - [G] 2026-09-13 19:14:39 :: DEBUG :: BB.REQUEST :: gamestate()
INFO - [G] 2026-09-13 19:14:39 :: DEBUG :: BB.ENDPOINTS :: Init gamestate()
INFO - [G] 2026-09-13 19:14:39 :: DEBUG :: BB.ENDPOINTS :: Return gamestate()
INFO - [G] 2026-09-13 19:14:39 :: DEBUG :: BB.RESPONSE :: gamestate OK (1ms)
INFO - [G] 2026-09-13 19:14:39 :: DEBUG :: BB.SERVER :: Client connected
INFO - [G] 2026-09-13 19:14:39 :: DEBUG :: BB.REQUEST :: gamestate()
INFO - [G] 2026-09-13 19:14:39 :: DEBUG :: BB.ENDPOINTS :: Init gamestate()
INFO - [G] 2026-09-13 19:14:39 :: DEBUG :: BB.ENDPOINTS :: Return gamestate()
INFO - [G] 2026-09-13 19:14:39 :: DEBUG :: BB.RESPONSE :: gamestate OK (1ms)
INFO - [G] 2026-09-13 19:14:39 :: DEBUG :: BB.SERVER :: Client connected
INFO - [G] 2026-09-13 19:14:39 :: DEBUG :: BB.REQUEST :: gamestate()
INFO - [G] 2026-09-13 19:14:39 :: DEBUG :: BB.ENDPOINTS :: Init gamestate()
INFO - [G] 2026-09-13 19:14:39 :: DEBUG :: BB.ENDPOINTS :: Return gamestate()
INFO - [G] 2026-09-13 19:14:39 :: DEBUG :: BB.RESPONSE :: gamestate OK (1ms)
INFO - [G] 2026-09-13 19:14:39 :: DEBUG :: BB.SERVER :: Client connected
INFO - [G] 2026-09-13 19:14:39 :: DEBUG :: BB.REQUEST :: gamestate()
INFO - [G] 2026-09-13 19:14:39 :: DEBUG :: BB.ENDPOINTS :: Init gamestate()
INFO - [G] 2026-09-13 19:14:39 :: DEBUG :: BB.ENDPOINTS :: Return gamestate()
INFO - [G] 2026-09-13 19:14:39 :: DEBUG :: BB.RESPONSE :: gamestate OK (1ms)
INFO - [G] 2026-09-13 19:14:39 :: DEBUG :: BB.SERVER :: Client connected
INFO - [G] 2026-09-13 19:14:39 :: DEBUG :: BB.REQUEST :: gamestate()
INFO - [G] 2026-09-13 19:14:39 :: DEBUG :: BB.ENDPOINTS :: Init gamestate()
INFO - [G] 2026-09-13 19:14:39 :: DEBUG :: BB.ENDPOINTS :: Return gamestate()
INFO - [G] 2026-09-13 19:14:39 :: DEBUG :: BB.RESPONSE :: gamestate OK (1ms)
INFO - [G] 2026-09-13 19:14:40 :: DEBUG :: BB.SERVER :: Client connected
INFO - [G] 2026-09-13 19:14:40 :: DEBUG :: BB.REQUEST :: gamestate()
INFO - [G] 2026-09-13 19:14:40 :: DEBUG :: BB.ENDPOINTS :: Init gamestate()
INFO - [G] 2026-09-13 19:14:40 :: DEBUG :: BB.ENDPOINTS :: Return gamestate()
INFO - [G] 2026-09-13 19:14:40 :: DEBUG :: BB.RESPONSE :: gamestate OK (1ms)
INFO - [G] 2026-09-13 19:14:40 :: DEBUG :: BB.SERVER :: Client connected
INFO - [G] 2026-09-13 19:14:40 :: DEBUG :: BB.REQUEST :: gamestate()
INFO - [G] 2026-09-13 19:14:40 :: DEBUG :: BB.ENDPOINTS :: Init gamestate()
INFO - [G] 2026-09-13 19:14:40 :: DEBUG :: BB.ENDPOINTS :: Return gamestate()
INFO - [G] 2026-09-13 19:14:40 :: DEBUG :: BB.RESPONSE :: gamestate OK (1ms)
INFO - [G] 2026-09-13 19:14:40 :: DEBUG :: BB.SERVER :: Client connected
INFO - [G] 2026-09-13 19:14:40 :: DEBUG :: BB.REQUEST :: gamestate()
INFO - [G] 2026-09-13 19:14:40 :: DEBUG :: BB.ENDPOINTS :: Init gamestate()
INFO - [G] 2026-09-13 19:14:40 :: DEBUG :: BB.ENDPOINTS :: Return gamestate()
INFO - [G] 2026-09-13 19:14:40 :: DEBUG :: BB.RESPONSE :: gamestate OK (1ms)
INFO - [G] 2026-09-13 19:14:40 :: DEBUG :: BB.SERVER :: Client connected
INFO - [G] 2026-09-13 19:14:40 :: DEBUG :: BB.REQUEST :: gamestate()
INFO - [G] 2026-09-13 19:14:40 :: DEBUG :: BB.ENDPOINTS :: Init gamestate()
INFO - [G] 2026-09-13 19:14:40 :: DEBUG :: BB.ENDPOINTS :: Return gamestate()
INFO - [G] 2026-09-13 19:14:40 :: DEBUG :: BB.RESPONSE :: gamestate OK (1ms)
INFO - [G] 2026-09-13 19:14:41 :: DEBUG :: BB.SERVER :: Client connected
INFO - [G] 2026-09-13 19:14:41 :: DEBUG :: BB.REQUEST :: gamestate()
INFO - [G] 2026-09-13 19:14:41 :: DEBUG :: BB.ENDPOINTS :: Init gamestate()
INFO - [G] 2026-09-13 19:14:41 :: DEBUG :: BB.ENDPOINTS :: Return gamestate()
INFO - [G] 2026-09-13 19:14:41 :: DEBUG :: BB.RESPONSE :: gamestate OK (1ms)
INFO - [G] 2026-09-13 19:14:41 :: DEBUG :: BB.SERVER :: Client connected
INFO - [G] 2026-09-13 19:14:41 :: DEBUG :: BB.REQUEST :: gamestate()
INFO - [G] 2026-09-13 19:14:41 :: DEBUG :: BB.ENDPOINTS :: Init gamestate()
INFO - [G] 2026-09-13 19:14:41 :: DEBUG :: BB.ENDPOINTS :: Return gamestate()
INFO - [G] 2026-09-13 19:14:41 :: DEBUG :: BB.RESPONSE :: gamestate OK (1ms)
INFO - [G] 2026-09-13 19:14:41 :: DEBUG :: BB.SERVER :: Client connected
INFO - [G] 2026-09-13 19:14:41 :: DEBUG :: BB.REQUEST :: gamestate()
INFO - [G] 2026-09-13 19:14:41 :: DEBUG :: BB.ENDPOINTS :: Init gamestate()
INFO - [G] 2026-09-13 19:14:41 :: DEBUG :: BB.ENDPOINTS :: Return gamestate()
INFO - [G] 2026-09-13 19:14:41 :: DEBUG :: BB.RESPONSE :: gamestate OK (1ms)
INFO - [G] 2026-09-13 19:14:41 :: DEBUG :: BB.SERVER :: Client connected
INFO - [G] 2026-09-13 19:14:41 :: DEBUG :: BB.REQUEST :: gamestate()
INFO - [G] 2026-09-13 19:14:41 :: DEBUG :: BB.ENDPOINTS :: Init gamestate()
INFO - [G] 2026-09-13 19:14:41 :: DEBUG :: BB.ENDPOINTS :: Return gamestate()
INFO - [G] 2026-09-13 19:14:41 :: DEBUG :: BB.RESPONSE :: gamestate OK (1ms)
INFO - [G] 2026-09-13 19:14:41 :: DEBUG :: BB.SERVER :: Client connected
INFO - [G] 2026-09-13 19:14:41 :: DEBUG :: BB.REQUEST :: gamestate()
INFO - [G] 2026-09-13 19:14:41 :: DEBUG :: BB.ENDPOINTS :: Init gamestate()
INFO - [G] 2026-09-13 19:14:41 :: DEBUG :: BB.ENDPOINTS :: Return gamestate()
INFO - [G] 2026-09-13 19:14:41 :: DEBUG :: BB.RESPONSE :: gamestate OK (1ms)
INFO - [G] 2026-09-13 19:14:42 :: DEBUG :: BB.SERVER :: Client connected
INFO - [G] 2026-09-13 19:14:42 :: DEBUG :: BB.REQUEST :: gamestate()
INFO - [G] 2026-09-13 19:14:42 :: DEBUG :: BB.ENDPOINTS :: Init gamestate()
INFO - [G] 2026-09-13 19:14:42 :: DEBUG :: BB.ENDPOINTS :: Return gamestate()
INFO - [G] 2026-09-13 19:14:42 :: DEBUG :: BB.RESPONSE :: gamestate OK (1ms)
INFO - [G] 2026-09-13 19:14:42 :: DEBUG :: BB.SERVER :: Client connected
INFO - [G] 2026-09-13 19:14:42 :: DEBUG :: BB.REQUEST :: gamestate()
INFO - [G] 2026-09-13 19:14:42 :: DEBUG :: BB.ENDPOINTS :: Init gamestate()
INFO - [G] 2026-09-13 19:14:42 :: DEBUG :: BB.ENDPOINTS :: Return gamestate()
INFO - [G] 2026-09-13 19:14:42 :: DEBUG :: BB.RESPONSE :: gamestate OK (1ms)
INFO - [G] 2026-09-13 19:14:42 :: DEBUG :: BB.SERVER :: Client connected
INFO - [G] 2026-09-13 19:14:42 :: DEBUG :: BB.REQUEST :: gamestate()
INFO - [G] 2026-09-13 19:14:42 :: DEBUG :: BB.ENDPOINTS :: Init gamestate()
INFO - [G] 2026-09-13 19:14:42 :: DEBUG :: BB.ENDPOINTS :: Return gamestate()
INFO - [G] 2026-09-13 19:14:42 :: DEBUG :: BB.RESPONSE :: gamestate OK (1ms)
INFO - [G] 2026-09-13 19:14:42 :: DEBUG :: BB.SERVER :: Client connected
INFO - [G] 2026-09-13 19:14:42 :: DEBUG :: BB.REQUEST :: gamestate()
INFO - [G] 2026-09-13 19:14:42 :: DEBUG :: BB.ENDPOINTS :: Init gamestate()
INFO - [G] 2026-09-13 19:14:42 :: DEBUG :: BB.ENDPOINTS :: Return gamestate()
INFO - [G] 2026-09-13 19:14:42 :: DEBUG :: BB.RESPONSE :: gamestate OK (1ms)
INFO - [G] 2026-09-13 19:14:42 :: DEBUG :: BB.SERVER :: Client connected
INFO - [G] 2026-09-13 19:14:42 :: DEBUG :: BB.REQUEST :: gamestate()
INFO - [G] 2026-09-13 19:14:42 :: DEBUG :: BB.ENDPOINTS :: Init gamestate()
INFO - [G] 2026-09-13 19:14:42 :: DEBUG :: BB.ENDPOINTS :: Return gamestate()
INFO - [G] 2026-09-13 19:14:42 :: DEBUG :: BB.RESPONSE :: gamestate OK (1ms)
INFO - [G] 2026-09-13 19:14:43 :: DEBUG :: BB.SERVER :: Client connected
INFO - [G] 2026-09-13 19:14:43 :: DEBUG :: BB.REQUEST :: gamestate()
INFO - [G] 2026-09-13 19:14:43 :: DEBUG :: BB.ENDPOINTS :: Init gamestate()
INFO - [G] 2026-09-13 19:14:43 :: DEBUG :: BB.ENDPOINTS :: Return gamestate()
INFO - [G] 2026-09-13 19:14:43 :: DEBUG :: BB.RESPONSE :: gamestate OK (1ms)
INFO - [G] 2026-09-13 19:14:43 :: DEBUG :: BB.SERVER :: Client connected
INFO - [G] 2026-09-13 19:14:43 :: DEBUG :: BB.REQUEST :: gamestate()
INFO - [G] 2026-09-13 19:14:43 :: DEBUG :: BB.ENDPOINTS :: Init gamestate()
INFO - [G] 2026-09-13 19:14:43 :: DEBUG :: BB.ENDPOINTS :: Return gamestate()
INFO - [G] 2026-09-13 19:14:43 :: DEBUG :: BB.RESPONSE :: gamestate OK (1ms)
INFO - [G] 2026-09-13 19:14:43 :: DEBUG :: BB.SERVER :: Client connected
INFO - [G] 2026-09-13 19:14:43 :: DEBUG :: BB.REQUEST :: gamestate()
INFO - [G] 2026-09-13 19:14:43 :: DEBUG :: BB.ENDPOINTS :: Init gamestate()
INFO - [G] 2026-09-13 19:14:43 :: DEBUG :: BB.ENDPOINTS :: Return gamestate()
INFO - [G] 2026-09-13 19:14:43 :: DEBUG :: BB.RESPONSE :: gamestate OK (1ms)
INFO - [G] 2026-09-13 19:14:43 :: DEBUG :: BB.SERVER :: Client connected
INFO - [G] 2026-09-13 19:14:43 :: DEBUG :: BB.REQUEST :: gamestate()
INFO - [G] 2026-09-13 19:14:43 :: DEBUG :: BB.ENDPOINTS :: Init gamestate()
INFO - [G] 2026-09-13 19:14:43 :: DEBUG :: BB.ENDPOINTS :: Return gamestate()
INFO - [G] 2026-09-13 19:14:43 :: DEBUG :: BB.RESPONSE :: gamestate OK (1ms)
INFO - [G] 2026-09-13 19:14:43 :: DEBUG :: BB.SERVER :: Client connected
INFO - [G] 2026-09-13 19:14:43 :: DEBUG :: BB.REQUEST :: gamestate()
INFO - [G] 2026-09-13 19:14:43 :: DEBUG :: BB.ENDPOINTS :: Init gamestate()
INFO - [G] 2026-09-13 19:14:43 :: DEBUG :: BB.ENDPOINTS :: Return gamestate()
INFO - [G] 2026-09-13 19:14:43 :: DEBUG :: BB.RESPONSE :: gamestate OK (1ms)
INFO - [G] 2026-09-13 19:14:44 :: DEBUG :: BB.SERVER :: Client connected
INFO - [G] 2026-09-13 19:14:44 :: DEBUG :: BB.REQUEST :: gamestate()
INFO - [G] 2026-09-13 19:14:44 :: DEBUG :: BB.ENDPOINTS :: Init gamestate()
INFO - [G] 2026-09-13 19:14:44 :: DEBUG :: BB.ENDPOINTS :: Return gamestate()
INFO - [G] 2026-09-13 19:14:44 :: DEBUG :: BB.RESPONSE :: gamestate OK (1ms)
INFO - [G] 2026-09-13 19:14:44 :: DEBUG :: BB.SERVER :: Client connected
INFO - [G] 2026-09-13 19:14:44 :: DEBUG :: BB.REQUEST :: gamestate()
INFO - [G] 2026-09-13 19:14:44 :: DEBUG :: BB.ENDPOINTS :: Init gamestate()
INFO - [G] 2026-09-13 19:14:44 :: DEBUG :: BB.ENDPOINTS :: Return gamestate()
INFO - [G] 2026-09-13 19:14:44 :: DEBUG :: BB.RESPONSE :: gamestate OK (1ms)
INFO - [G] 2026-09-13 19:14:44 :: DEBUG :: BB.SERVER :: Client connected
INFO - [G] 2026-09-13 19:14:44 :: DEBUG :: BB.REQUEST :: gamestate()
INFO - [G] 2026-09-13 19:14:44 :: DEBUG :: BB.ENDPOINTS :: Init gamestate()
INFO - [G] 2026-09-13 19:14:44 :: DEBUG :: BB.ENDPOINTS :: Return gamestate()
INFO - [G] 2026-09-13 19:14:44 :: DEBUG :: BB.RESPONSE :: gamestate OK (1ms)
INFO - [G] 2026-09-13 19:14:44 :: DEBUG :: BB.SERVER :: Client connected
INFO - [G] 2026-09-13 19:14:44 :: DEBUG :: BB.REQUEST :: gamestate()
INFO - [G] 2026-09-13 19:14:44 :: DEBUG :: BB.ENDPOINTS :: Init gamestate()
INFO - [G] 2026-09-13 19:14:44 :: DEBUG :: BB.ENDPOINTS :: Return gamestate()
INFO - [G] 2026-09-13 19:14:44 :: DEBUG :: BB.RESPONSE :: gamestate OK (1ms)
INFO - [G] 2026-09-13 19:14:45 :: DEBUG :: BB.SERVER :: Client connected
INFO - [G] 2026-09-13 19:14:45 :: DEBUG :: BB.REQUEST :: gamestate()
INFO - [G] 2026-09-13 19:14:45 :: DEBUG :: BB.ENDPOINTS :: Init gamestate()
INFO - [G] 2026-09-13 19:14:45 :: DEBUG :: BB.ENDPOINTS :: Return gamestate()
INFO - [G] 2026-09-13 19:14:45 :: DEBUG :: BB.RESPONSE :: gamestate OK (1ms)
INFO - [G] 2026-09-13 19:14:45 :: DEBUG :: BB.SERVER :: Client connected
INFO - [G] 2026-09-13 19:14:45 :: DEBUG :: BB.REQUEST :: gamestate()
INFO - [G] 2026-09-13 19:14:45 :: DEBUG :: BB.ENDPOINTS :: Init gamestate()
INFO - [G] 2026-09-13 19:14:45 :: DEBUG :: BB.ENDPOINTS :: Return gamestate()
INFO - [G] 2026-09-13 19:14:45 :: DEBUG :: BB.RESPONSE :: gamestate OK (1ms)
INFO - [G] 2026-09-13 19:14:45 :: DEBUG :: BB.SERVER :: Client connected
INFO - [G] 2026-09-13 19:14:45 :: DEBUG :: BB.REQUEST :: gamestate()
INFO - [G] 2026-09-13 19:14:45 :: DEBUG :: BB.ENDPOINTS :: Init gamestate()
INFO - [G] 2026-09-13 19:14:45 :: DEBUG :: BB.ENDPOINTS :: Return gamestate()
INFO - [G] 2026-09-13 19:14:45 :: DEBUG :: BB.RESPONSE :: gamestate OK (1ms)
INFO - [G] 2026-09-13 19:14:45 :: DEBUG :: BB.SERVER :: Client connected
INFO - [G] 2026-09-13 19:14:45 :: DEBUG :: BB.REQUEST :: gamestate()
INFO - [G] 2026-09-13 19:14:45 :: DEBUG :: BB.ENDPOINTS :: Init gamestate()
INFO - [G] 2026-09-13 19:14:45 :: DEBUG :: BB.ENDPOINTS :: Return gamestate()
INFO - [G] 2026-09-13 19:14:45 :: DEBUG :: BB.RESPONSE :: gamestate OK (1ms)
INFO - [G] 2026-09-13 19:14:45 :: DEBUG :: BB.SERVER :: Client connected
INFO - [G] 2026-09-13 19:14:45 :: DEBUG :: BB.REQUEST :: gamestate()
INFO - [G] 2026-09-13 19:14:45 :: DEBUG :: BB.ENDPOINTS :: Init gamestate()
INFO - [G] 2026-09-13 19:14:45 :: DEBUG :: BB.ENDPOINTS :: Return gamestate()
INFO - [G] 2026-09-13 19:14:45 :: DEBUG :: BB.RESPONSE :: gamestate OK (1ms)
INFO - [G] 2026-09-13 19:14:46 :: DEBUG :: BB.SERVER :: Client connected
INFO - [G] 2026-09-13 19:14:46 :: DEBUG :: BB.REQUEST :: gamestate()
INFO - [G] 2026-09-13 19:14:46 :: DEBUG :: BB.ENDPOINTS :: Init gamestate()
INFO - [G] 2026-09-13 19:14:46 :: DEBUG :: BB.ENDPOINTS :: Return gamestate()
INFO - [G] 2026-09-13 19:14:46 :: DEBUG :: BB.RESPONSE :: gamestate OK (1ms)
INFO - [G] 2026-09-13 19:14:46 :: DEBUG :: BB.SERVER :: Client connected
INFO - [G] 2026-09-13 19:14:46 :: DEBUG :: BB.REQUEST :: gamestate()
INFO - [G] 2026-09-13 19:14:46 :: DEBUG :: BB.ENDPOINTS :: Init gamestate()
INFO - [G] 2026-09-13 19:14:46 :: DEBUG :: BB.ENDPOINTS :: Return gamestate()
INFO - [G] 2026-09-13 19:14:46 :: DEBUG :: BB.RESPONSE :: gamestate OK (1ms)
INFO - [G] 2026-09-13 19:14:46 :: DEBUG :: BB.SERVER :: Client connected
INFO - [G] 2026-09-13 19:14:46 :: DEBUG :: BB.REQUEST :: gamestate()
INFO - [G] 2026-09-13 19:14:46 :: DEBUG :: BB.ENDPOINTS :: Init gamestate()
INFO - [G] 2026-09-13 19:14:46 :: DEBUG :: BB.ENDPOINTS :: Return gamestate()
INFO - [G] 2026-09-13 19:14:46 :: DEBUG :: BB.RESPONSE :: gamestate OK (1ms)
INFO - [G] 2026-09-13 19:14:46 :: DEBUG :: BB.SERVER :: Client connected
INFO - [G] 2026-09-13 19:14:46 :: DEBUG :: BB.REQUEST :: gamestate()
INFO - [G] 2026-09-13 19:14:46 :: DEBUG :: BB.ENDPOINTS :: Init gamestate()
INFO - [G] 2026-09-13 19:14:46 :: DEBUG :: BB.ENDPOINTS :: Return gamestate()
INFO - [G] 2026-09-13 19:14:46 :: DEBUG :: BB.RESPONSE :: gamestate OK (1ms)
INFO - [G] 2026-09-13 19:14:47 :: DEBUG :: BB.SERVER :: Client connected
INFO - [G] 2026-09-13 19:14:47 :: DEBUG :: BB.REQUEST :: gamestate()
INFO - [G] 2026-09-13 19:14:47 :: DEBUG :: BB.ENDPOINTS :: Init gamestate()
INFO - [G] 2026-09-13 19:14:47 :: DEBUG :: BB.ENDPOINTS :: Return gamestate()
INFO - [G] 2026-09-13 19:14:47 :: DEBUG :: BB.RESPONSE :: gamestate OK (1ms)
INFO - [G] 2026-09-13 19:14:47 :: DEBUG :: BB.SERVER :: Client connected
INFO - [G] 2026-09-13 19:14:47 :: DEBUG :: BB.REQUEST :: gamestate()
INFO - [G] 2026-09-13 19:14:47 :: DEBUG :: BB.ENDPOINTS :: Init gamestate()
INFO - [G] 2026-09-13 19:14:47 :: DEBUG :: BB.ENDPOINTS :: Return gamestate()
INFO - [G] 2026-09-13 19:14:47 :: DEBUG :: BB.RESPONSE :: gamestate OK (1ms)
INFO - [G] 2026-09-13 19:14:47 :: DEBUG :: BB.SERVER :: Client connected
INFO - [G] 2026-09-13 19:14:47 :: DEBUG :: BB.REQUEST :: gamestate()
INFO - [G] 2026-09-13 19:14:47 :: DEBUG :: BB.ENDPOINTS :: Init gamestate()
INFO - [G] 2026-09-13 19:14:47 :: DEBUG :: BB.ENDPOINTS :: Return gamestate()
INFO - [G] 2026-09-13 19:14:47 :: DEBUG :: BB.RESPONSE :: gamestate OK (1ms)
INFO - [G] 2026-09-13 19:14:47 :: DEBUG :: BB.SERVER :: Client connected
INFO - [G] 2026-09-13 19:14:47 :: DEBUG :: BB.REQUEST :: gamestate()
INFO - [G] 2026-09-13 19:14:47 :: DEBUG :: BB.ENDPOINTS :: Init gamestate()
INFO - [G] 2026-09-13 19:14:47 :: DEBUG :: BB.ENDPOINTS :: Return gamestate()
INFO - [G] 2026-09-13 19:14:47 :: DEBUG :: BB.RESPONSE :: gamestate OK (1ms)
INFO - [G] 2026-09-13 19:14:47 :: DEBUG :: BB.SERVER :: Client connected
INFO - [G] 2026-09-13 19:14:47 :: DEBUG :: BB.REQUEST :: gamestate()
INFO - [G] 2026-09-13 19:14:47 :: DEBUG :: BB.ENDPOINTS :: Init gamestate()
INFO - [G] 2026-09-13 19:14:47 :: DEBUG :: BB.ENDPOINTS :: Return gamestate()
INFO - [G] 2026-09-13 19:14:47 :: DEBUG :: BB.RESPONSE :: gamestate OK (1ms)
INFO - [G] 2026-09-13 19:14:48 :: DEBUG :: BB.SERVER :: Client connected
INFO - [G] 2026-09-13 19:14:48 :: DEBUG :: BB.REQUEST :: gamestate()
INFO - [G] 2026-09-13 19:14:48 :: DEBUG :: BB.ENDPOINTS :: Init gamestate()
INFO - [G] 2026-09-13 19:14:48 :: DEBUG :: BB.ENDPOINTS :: Return gamestate()
INFO - [G] 2026-09-13 19:14:48 :: DEBUG :: BB.RESPONSE :: gamestate OK (1ms)
INFO - [G] 2026-09-13 19:14:48 :: DEBUG :: BB.SERVER :: Client connected
INFO - [G] 2026-09-13 19:14:48 :: DEBUG :: BB.REQUEST :: gamestate()
INFO - [G] 2026-09-13 19:14:48 :: DEBUG :: BB.ENDPOINTS :: Init gamestate()
INFO - [G] 2026-09-13 19:14:48 :: DEBUG :: BB.ENDPOINTS :: Return gamestate()
INFO - [G] 2026-09-13 19:14:48 :: DEBUG :: BB.RESPONSE :: gamestate OK (1ms)
INFO - [G] 2026-09-13 19:14:48 :: DEBUG :: BB.SERVER :: Client connected
INFO - [G] 2026-09-13 19:14:48 :: DEBUG :: BB.REQUEST :: gamestate()
INFO - [G] 2026-09-13 19:14:48 :: DEBUG :: BB.ENDPOINTS :: Init gamestate()
INFO - [G] 2026-09-13 19:14:48 :: DEBUG :: BB.ENDPOINTS :: Return gamestate()
INFO - [G] 2026-09-13 19:14:48 :: DEBUG :: BB.RESPONSE :: gamestate OK (1ms)
INFO - [G] 2026-09-13 19:14:48 :: DEBUG :: BB.SERVER :: Client connected
INFO - [G] 2026-09-13 19:14:48 :: DEBUG :: BB.REQUEST :: gamestate()
INFO - [G] 2026-09-13 19:14:48 :: DEBUG :: BB.ENDPOINTS :: Init gamestate()
INFO - [G] 2026-09-13 19:14:48 :: DEBUG :: BB.ENDPOINTS :: Return gamestate()
INFO - [G] 2026-09-13 19:14:48 :: DEBUG :: BB.RESPONSE :: gamestate OK (1ms)
INFO - [G] 2026-09-13 19:14:48 :: DEBUG :: BB.SERVER :: Client connected
INFO - [G] 2026-09-13 19:14:48 :: DEBUG :: BB.REQUEST :: gamestate()
INFO - [G] 2026-09-13 19:14:48 :: DEBUG :: BB.ENDPOINTS :: Init gamestate()
INFO - [G] 2026-09-13 19:14:48 :: DEBUG :: BB.ENDPOINTS :: Return gamestate()
INFO - [G] 2026-09-13 19:14:48 :: DEBUG :: BB.RESPONSE :: gamestate OK (1ms)
INFO - [G] 2026-09-13 19:14:49 :: DEBUG :: BB.SERVER :: Client connected
INFO - [G] 2026-09-13 19:14:49 :: DEBUG :: BB.REQUEST :: gamestate()
INFO - [G] 2026-09-13 19:14:49 :: DEBUG :: BB.ENDPOINTS :: Init gamestate()
INFO - [G] 2026-09-13 19:14:49 :: DEBUG :: BB.ENDPOINTS :: Return gamestate()
INFO - [G] 2026-09-13 19:14:49 :: DEBUG :: BB.RESPONSE :: gamestate OK (1ms)
INFO - [G] 2026-09-13 19:14:49 :: DEBUG :: BB.SERVER :: Client connected
INFO - [G] 2026-09-13 19:14:49 :: DEBUG :: BB.REQUEST :: gamestate()
INFO - [G] 2026-09-13 19:14:49 :: DEBUG :: BB.ENDPOINTS :: Init gamestate()
INFO - [G] 2026-09-13 19:14:49 :: DEBUG :: BB.ENDPOINTS :: Return gamestate()
INFO - [G] 2026-09-13 19:14:49 :: DEBUG :: BB.RESPONSE :: gamestate OK (1ms)
INFO - [G] 2026-09-13 19:14:49 :: DEBUG :: BB.SERVER :: Client connected
INFO - [G] 2026-09-13 19:14:49 :: DEBUG :: BB.REQUEST :: gamestate()
INFO - [G] 2026-09-13 19:14:49 :: DEBUG :: BB.ENDPOINTS :: Init gamestate()
INFO - [G] 2026-09-13 19:14:49 :: DEBUG :: BB.ENDPOINTS :: Return gamestate()
INFO - [G] 2026-09-13 19:14:49 :: DEBUG :: BB.RESPONSE :: gamestate OK (1ms)
INFO - [G] 2026-09-13 19:14:49 :: DEBUG :: BB.SERVER :: Client connected
INFO - [G] 2026-09-13 19:14:49 :: DEBUG :: BB.REQUEST :: gamestate()
INFO - [G] 2026-09-13 19:14:49 :: DEBUG :: BB.ENDPOINTS :: Init gamestate()
INFO - [G] 2026-09-13 19:14:49 :: DEBUG :: BB.ENDPOINTS :: Return gamestate()
INFO - [G] 2026-09-13 19:14:49 :: DEBUG :: BB.RESPONSE :: gamestate OK (1ms)
INFO - [G] 2026-09-13 19:14:50 :: DEBUG :: BB.SERVER :: Client connected
INFO - [G] 2026-09-13 19:14:50 :: DEBUG :: BB.REQUEST :: gamestate()
INFO - [G] 2026-09-13 19:14:50 :: DEBUG :: BB.ENDPOINTS :: Init gamestate()
INFO - [G] 2026-09-13 19:14:50 :: DEBUG :: BB.ENDPOINTS :: Return gamestate()
INFO - [G] 2026-09-13 19:14:50 :: DEBUG :: BB.RESPONSE :: gamestate OK (1ms)
INFO - [G] 2026-09-13 19:14:50 :: DEBUG :: BB.SERVER :: Client connected
INFO - [G] 2026-09-13 19:14:50 :: DEBUG :: BB.REQUEST :: gamestate()
INFO - [G] 2026-09-13 19:14:50 :: DEBUG :: BB.ENDPOINTS :: Init gamestate()
INFO - [G] 2026-09-13 19:14:50 :: DEBUG :: BB.ENDPOINTS :: Return gamestate()
INFO - [G] 2026-09-13 19:14:50 :: DEBUG :: BB.RESPONSE :: gamestate OK (1ms)
INFO - [G] 2026-09-13 19:14:50 :: DEBUG :: BB.SERVER :: Client connected
INFO - [G] 2026-09-13 19:14:50 :: DEBUG :: BB.REQUEST :: gamestate()
INFO - [G] 2026-09-13 19:14:50 :: DEBUG :: BB.ENDPOINTS :: Init gamestate()
INFO - [G] 2026-09-13 19:14:50 :: DEBUG :: BB.ENDPOINTS :: Return gamestate()
INFO - [G] 2026-09-13 19:14:50 :: DEBUG :: BB.RESPONSE :: gamestate OK (1ms)
INFO - [G] 2026-09-13 19:14:50 :: DEBUG :: BB.SERVER :: Client connected
INFO - [G] 2026-09-13 19:14:50 :: DEBUG :: BB.REQUEST :: gamestate()
INFO - [G] 2026-09-13 19:14:50 :: DEBUG :: BB.ENDPOINTS :: Init gamestate()
INFO - [G] 2026-09-13 19:14:50 :: DEBUG :: BB.ENDPOINTS :: Return gamestate()
INFO - [G] 2026-09-13 19:14:50 :: DEBUG :: BB.RESPONSE :: gamestate OK (1ms)
INFO - [G] 2026-09-13 19:14:50 :: DEBUG :: BB.SERVER :: Client connected
INFO - [G] 2026-09-13 19:14:50 :: DEBUG :: BB.REQUEST :: gamestate()
INFO - [G] 2026-09-13 19:14:50 :: DEBUG :: BB.ENDPOINTS :: Init gamestate()
INFO - [G] 2026-09-13 19:14:50 :: DEBUG :: BB.ENDPOINTS :: Return gamestate()
INFO - [G] 2026-09-13 19:14:50 :: DEBUG :: BB.RESPONSE :: gamestate OK (1ms)
INFO - [G] 2026-09-13 19:14:51 :: DEBUG :: BB.SERVER :: Client connected
INFO - [G] 2026-09-13 19:14:51 :: DEBUG :: BB.REQUEST :: gamestate()
INFO - [G] 2026-09-13 19:14:51 :: DEBUG :: BB.ENDPOINTS :: Init gamestate()
INFO - [G] 2026-09-13 19:14:51 :: DEBUG :: BB.ENDPOINTS :: Return gamestate()
INFO - [G] 2026-09-13 19:14:51 :: DEBUG :: BB.RESPONSE :: gamestate OK (1ms)
INFO - [G] 2026-09-13 19:14:51 :: DEBUG :: BB.SERVER :: Client connected
INFO - [G] 2026-09-13 19:14:51 :: DEBUG :: BB.REQUEST :: gamestate()
INFO - [G] 2026-09-13 19:14:51 :: DEBUG :: BB.ENDPOINTS :: Init gamestate()
INFO - [G] 2026-09-13 19:14:51 :: DEBUG :: BB.ENDPOINTS :: Return gamestate()
INFO - [G] 2026-09-13 19:14:51 :: DEBUG :: BB.RESPONSE :: gamestate OK (1ms)
INFO - [G] 2026-09-13 19:14:51 :: DEBUG :: BB.SERVER :: Client connected
INFO - [G] 2026-09-13 19:14:51 :: DEBUG :: BB.REQUEST :: gamestate()
INFO - [G] 2026-09-13 19:14:51 :: DEBUG :: BB.ENDPOINTS :: Init gamestate()
INFO - [G] 2026-09-13 19:14:51 :: DEBUG :: BB.ENDPOINTS :: Return gamestate()
INFO - [G] 2026-09-13 19:14:51 :: DEBUG :: BB.RESPONSE :: gamestate OK (1ms)
INFO - [G] 2026-09-13 19:14:51 :: DEBUG :: BB.SERVER :: Client connected
INFO - [G] 2026-09-13 19:14:51 :: DEBUG :: BB.REQUEST :: gamestate()
INFO - [G] 2026-09-13 19:14:51 :: DEBUG :: BB.ENDPOINTS :: Init gamestate()
INFO - [G] 2026-09-13 19:14:51 :: DEBUG :: BB.ENDPOINTS :: Return gamestate()
INFO - [G] 2026-09-13 19:14:51 :: DEBUG :: BB.RESPONSE :: gamestate OK (1ms)
INFO - [G] 2026-09-13 19:14:52 :: DEBUG :: BB.SERVER :: Client connected
INFO - [G] 2026-09-13 19:14:52 :: DEBUG :: BB.REQUEST :: gamestate()
INFO - [G] 2026-09-13 19:14:52 :: DEBUG :: BB.ENDPOINTS :: Init gamestate()
INFO - [G] 2026-09-13 19:14:52 :: DEBUG :: BB.ENDPOINTS :: Return gamestate()
INFO - [G] 2026-09-13 19:14:52 :: DEBUG :: BB.RESPONSE :: gamestate OK (1ms)
INFO - [G] 2026-09-13 19:14:52 :: DEBUG :: BB.SERVER :: Client connected
INFO - [G] 2026-09-13 19:14:52 :: DEBUG :: BB.REQUEST :: gamestate()
INFO - [G] 2026-09-13 19:14:52 :: DEBUG :: BB.ENDPOINTS :: Init gamestate()
INFO - [G] 2026-09-13 19:14:52 :: DEBUG :: BB.ENDPOINTS :: Return gamestate()
INFO - [G] 2026-09-13 19:14:52 :: DEBUG :: BB.RESPONSE :: gamestate OK (1ms)
INFO - [G] 2026-09-13 19:14:52 :: DEBUG :: BB.SERVER :: Client connected
INFO - [G] 2026-09-13 19:14:52 :: DEBUG :: BB.REQUEST :: gamestate()
INFO - [G] 2026-09-13 19:14:52 :: DEBUG :: BB.ENDPOINTS :: Init gamestate()
INFO - [G] 2026-09-13 19:14:52 :: DEBUG :: BB.ENDPOINTS :: Return gamestate()
INFO - [G] 2026-09-13 19:14:52 :: DEBUG :: BB.RESPONSE :: gamestate OK (1ms)
INFO - [G] 2026-09-13 19:14:52 :: DEBUG :: BB.SERVER :: Client connected
INFO - [G] 2026-09-13 19:14:52 :: DEBUG :: BB.REQUEST :: gamestate()
INFO - [G] 2026-09-13 19:14:52 :: DEBUG :: BB.ENDPOINTS :: Init gamestate()
INFO - [G] 2026-09-13 19:14:52 :: DEBUG :: BB.ENDPOINTS :: Return gamestate()
INFO - [G] 2026-09-13 19:14:52 :: DEBUG :: BB.RESPONSE :: gamestate OK (1ms)
INFO - [G] 2026-09-13 19:14:52 :: DEBUG :: BB.SERVER :: Client connected
INFO - [G] 2026-09-13 19:14:52 :: DEBUG :: BB.REQUEST :: gamestate()
INFO - [G] 2026-09-13 19:14:52 :: DEBUG :: BB.ENDPOINTS :: Init gamestate()
INFO - [G] 2026-09-13 19:14:52 :: DEBUG :: BB.ENDPOINTS :: Return gamestate()
INFO - [G] 2026-09-13 19:14:52 :: DEBUG :: BB.RESPONSE :: gamestate OK (1ms)
INFO - [G] 2026-09-13 19:14:53 :: DEBUG :: BB.SERVER :: Client connected
INFO - [G] 2026-09-13 19:14:53 :: DEBUG :: BB.REQUEST :: gamestate()
INFO - [G] 2026-09-13 19:14:53 :: DEBUG :: BB.ENDPOINTS :: Init gamestate()
INFO - [G] 2026-09-13 19:14:53 :: DEBUG :: BB.ENDPOINTS :: Return gamestate()
INFO - [G] 2026-09-13 19:14:53 :: DEBUG :: BB.RESPONSE :: gamestate OK (1ms)
INFO - [G] 2026-09-13 19:14:53 :: DEBUG :: BB.SERVER :: Client connected
INFO - [G] 2026-09-13 19:14:53 :: DEBUG :: BB.REQUEST :: gamestate()
INFO - [G] 2026-09-13 19:14:53 :: DEBUG :: BB.ENDPOINTS :: Init gamestate()
INFO - [G] 2026-09-13 19:14:53 :: DEBUG :: BB.ENDPOINTS :: Return gamestate()
INFO - [G] 2026-09-13 19:14:53 :: DEBUG :: BB.RESPONSE :: gamestate OK (1ms)
INFO - [G] 2026-09-13 19:14:53 :: DEBUG :: BB.SERVER :: Client connected
INFO - [G] 2026-09-13 19:14:53 :: DEBUG :: BB.REQUEST :: gamestate()
INFO - [G] 2026-09-13 19:14:53 :: DEBUG :: BB.ENDPOINTS :: Init gamestate()
INFO - [G] 2026-09-13 19:14:53 :: DEBUG :: BB.ENDPOINTS :: Return gamestate()
INFO - [G] 2026-09-13 19:14:53 :: DEBUG :: BB.RESPONSE :: gamestate OK (1ms)
INFO - [G] 2026-09-13 19:14:53 :: DEBUG :: BB.SERVER :: Client connected
INFO - [G] 2026-09-13 19:14:53 :: DEBUG :: BB.REQUEST :: gamestate()
INFO - [G] 2026-09-13 19:14:53 :: DEBUG :: BB.ENDPOINTS :: Init gamestate()
INFO - [G] 2026-09-13 19:14:53 :: DEBUG :: BB.ENDPOINTS :: Return gamestate()
INFO - [G] 2026-09-13 19:14:53 :: DEBUG :: BB.RESPONSE :: gamestate OK (1ms)
INFO - [G] 2026-09-13 19:14:53 :: DEBUG :: BB.SERVER :: Client connected
INFO - [G] 2026-09-13 19:14:53 :: DEBUG :: BB.REQUEST :: gamestate()
INFO - [G] 2026-09-13 19:14:53 :: DEBUG :: BB.ENDPOINTS :: Init gamestate()
INFO - [G] 2026-09-13 19:14:53 :: DEBUG :: BB.ENDPOINTS :: Return gamestate()
INFO - [G] 2026-09-13 19:14:53 :: DEBUG :: BB.RESPONSE :: gamestate OK (1ms)
INFO - [G] 2026-09-13 19:14:54 :: DEBUG :: BB.SERVER :: Client connected
INFO - [G] 2026-09-13 19:14:54 :: DEBUG :: BB.REQUEST :: gamestate()
INFO - [G] 2026-09-13 19:14:54 :: DEBUG :: BB.ENDPOINTS :: Init gamestate()
INFO - [G] 2026-09-13 19:14:54 :: DEBUG :: BB.ENDPOINTS :: Return gamestate()
INFO - [G] 2026-09-13 19:14:54 :: DEBUG :: BB.RESPONSE :: gamestate OK (1ms)
INFO - [G] 2026-09-13 19:14:54 :: DEBUG :: BB.SERVER :: Client connected
INFO - [G] 2026-09-13 19:14:54 :: DEBUG :: BB.REQUEST :: gamestate()
INFO - [G] 2026-09-13 19:14:54 :: DEBUG :: BB.ENDPOINTS :: Init gamestate()
INFO - [G] 2026-09-13 19:14:54 :: DEBUG :: BB.ENDPOINTS :: Return gamestate()
INFO - [G] 2026-09-13 19:14:54 :: DEBUG :: BB.RESPONSE :: gamestate OK (1ms)
INFO - [G] 2026-09-13 19:14:54 :: DEBUG :: BB.SERVER :: Client connected
INFO - [G] 2026-09-13 19:14:54 :: DEBUG :: BB.REQUEST :: gamestate()
INFO - [G] 2026-09-13 19:14:54 :: DEBUG :: BB.ENDPOINTS :: Init gamestate()
INFO - [G] 2026-09-13 19:14:54 :: DEBUG :: BB.ENDPOINTS :: Return gamestate()
INFO - [G] 2026-09-13 19:14:54 :: DEBUG :: BB.RESPONSE :: gamestate OK (1ms)
INFO - [G] 2026-09-13 19:14:54 :: DEBUG :: BB.SERVER :: Client connected
INFO - [G] 2026-09-13 19:14:54 :: DEBUG :: BB.REQUEST :: gamestate()
INFO - [G] 2026-09-13 19:14:54 :: DEBUG :: BB.ENDPOINTS :: Init gamestate()
INFO - [G] 2026-09-13 19:14:54 :: DEBUG :: BB.ENDPOINTS :: Return gamestate()
INFO - [G] 2026-09-13 19:14:54 :: DEBUG :: BB.RESPONSE :: gamestate OK (1ms)
INFO - [G] 2026-09-13 19:14:54 :: DEBUG :: BB.SERVER :: Client connected
INFO - [G] 2026-09-13 19:14:54 :: DEBUG :: BB.REQUEST :: gamestate()
INFO - [G] 2026-09-13 19:14:54 :: DEBUG :: BB.ENDPOINTS :: Init gamestate()
INFO - [G] 2026-09-13 19:14:54 :: DEBUG :: BB.ENDPOINTS :: Return gamestate()
INFO - [G] 2026-09-13 19:14:54 :: DEBUG :: BB.RESPONSE :: gamestate OK (1ms)
INFO - [G] 2026-09-13 19:14:55 :: DEBUG :: BB.SERVER :: Client connected
INFO - [G] 2026-09-13 19:14:55 :: DEBUG :: BB.REQUEST :: gamestate()
INFO - [G] 2026-09-13 19:14:55 :: DEBUG :: BB.ENDPOINTS :: Init gamestate()
INFO - [G] 2026-09-13 19:14:55 :: DEBUG :: BB.ENDPOINTS :: Return gamestate()
INFO - [G] 2026-09-13 19:14:55 :: DEBUG :: BB.RESPONSE :: gamestate OK (1ms)
INFO - [G] 2026-09-13 19:14:55 :: DEBUG :: BB.SERVER :: Client connected
INFO - [G] 2026-09-13 19:14:55 :: DEBUG :: BB.REQUEST :: gamestate()
INFO - [G] 2026-09-13 19:14:55 :: DEBUG :: BB.ENDPOINTS :: Init gamestate()
INFO - [G] 2026-09-13 19:14:55 :: DEBUG :: BB.ENDPOINTS :: Return gamestate()
INFO - [G] 2026-09-13 19:14:55 :: DEBUG :: BB.RESPONSE :: gamestate OK (1ms)
INFO - [G] 2026-09-13 19:14:55 :: DEBUG :: BB.SERVER :: Client connected
INFO - [G] 2026-09-13 19:14:55 :: DEBUG :: BB.REQUEST :: gamestate()
INFO - [G] 2026-09-13 19:14:55 :: DEBUG :: BB.ENDPOINTS :: Init gamestate()
INFO - [G] 2026-09-13 19:14:55 :: DEBUG :: BB.ENDPOINTS :: Return gamestate()
INFO - [G] 2026-09-13 19:14:55 :: DEBUG :: BB.RESPONSE :: gamestate OK (1ms)
INFO - [G] 2026-09-13 19:14:55 :: DEBUG :: BB.SERVER :: Client connected
INFO - [G] 2026-09-13 19:14:55 :: DEBUG :: BB.REQUEST :: gamestate()
INFO - [G] 2026-09-13 19:14:55 :: DEBUG :: BB.ENDPOINTS :: Init gamestate()
INFO - [G] 2026-09-13 19:14:55 :: DEBUG :: BB.ENDPOINTS :: Return gamestate()
INFO - [G] 2026-09-13 19:14:55 :: DEBUG :: BB.RESPONSE :: gamestate OK (1ms)
INFO - [G] 2026-09-13 19:14:56 :: DEBUG :: BB.SERVER :: Client connected
INFO - [G] 2026-09-13 19:14:56 :: DEBUG :: BB.REQUEST :: gamestate()
INFO - [G] 2026-09-13 19:14:56 :: DEBUG :: BB.ENDPOINTS :: Init gamestate()
INFO - [G] 2026-09-13 19:14:56 :: DEBUG :: BB.ENDPOINTS :: Return gamestate()
INFO - [G] 2026-09-13 19:14:56 :: DEBUG :: BB.RESPONSE :: gamestate OK (1ms)
INFO - [G] 2026-09-13 19:14:56 :: DEBUG :: BB.SERVER :: Client connected
INFO - [G] 2026-09-13 19:14:56 :: DEBUG :: BB.REQUEST :: gamestate()
INFO - [G] 2026-09-13 19:14:56 :: DEBUG :: BB.ENDPOINTS :: Init gamestate()
INFO - [G] 2026-09-13 19:14:56 :: DEBUG :: BB.ENDPOINTS :: Return gamestate()
INFO - [G] 2026-09-13 19:14:56 :: DEBUG :: BB.RESPONSE :: gamestate OK (1ms)
INFO - [G] 2026-09-13 19:14:56 :: DEBUG :: BB.SERVER :: Client connected
INFO - [G] 2026-09-13 19:14:56 :: DEBUG :: BB.REQUEST :: gamestate()
INFO - [G] 2026-09-13 19:14:56 :: DEBUG :: BB.ENDPOINTS :: Init gamestate()
INFO - [G] 2026-09-13 19:14:56 :: DEBUG :: BB.ENDPOINTS :: Return gamestate()
INFO - [G] 2026-09-13 19:14:56 :: DEBUG :: BB.RESPONSE :: gamestate OK (1ms)
INFO - [G] 2026-09-13 19:14:56 :: DEBUG :: BB.SERVER :: Client connected
INFO - [G] 2026-09-13 19:14:56 :: DEBUG :: BB.REQUEST :: gamestate()
INFO - [G] 2026-09-13 19:14:56 :: DEBUG :: BB.ENDPOINTS :: Init gamestate()
INFO - [G] 2026-09-13 19:14:56 :: DEBUG :: BB.ENDPOINTS :: Return gamestate()
INFO - [G] 2026-09-13 19:14:56 :: DEBUG :: BB.RESPONSE :: gamestate OK (1ms)
INFO - [G] 2026-09-13 19:14:56 :: DEBUG :: BB.SERVER :: Client connected
INFO - [G] 2026-09-13 19:14:56 :: DEBUG :: BB.REQUEST :: gamestate()
INFO - [G] 2026-09-13 19:14:56 :: DEBUG :: BB.ENDPOINTS :: Init gamestate()
INFO - [G] 2026-09-13 19:14:56 :: DEBUG :: BB.ENDPOINTS :: Return gamestate()
INFO - [G] 2026-09-13 19:14:56 :: DEBUG :: BB.RESPONSE :: gamestate OK (1ms)
INFO - [G] 2026-09-13 19:14:57 :: DEBUG :: BB.SERVER :: Client connected
INFO - [G] 2026-09-13 19:14:57 :: DEBUG :: BB.REQUEST :: gamestate()
INFO - [G] 2026-09-13 19:14:57 :: DEBUG :: BB.ENDPOINTS :: Init gamestate()
INFO - [G] 2026-09-13 19:14:57 :: DEBUG :: BB.ENDPOINTS :: Return gamestate()
INFO - [G] 2026-09-13 19:14:57 :: DEBUG :: BB.RESPONSE :: gamestate OK (1ms)
INFO - [G] 2026-09-13 19:14:57 :: DEBUG :: BB.SERVER :: Client connected
INFO - [G] 2026-09-13 19:14:57 :: DEBUG :: BB.REQUEST :: gamestate()
INFO - [G] 2026-09-13 19:14:57 :: DEBUG :: BB.ENDPOINTS :: Init gamestate()
INFO - [G] 2026-09-13 19:14:57 :: DEBUG :: BB.ENDPOINTS :: Return gamestate()
INFO - [G] 2026-09-13 19:14:57 :: DEBUG :: BB.RESPONSE :: gamestate OK (1ms)
INFO - [G] 2026-09-13 19:14:57 :: DEBUG :: BB.SERVER :: Client connected
INFO - [G] 2026-09-13 19:14:57 :: DEBUG :: BB.REQUEST :: gamestate()
INFO - [G] 2026-09-13 19:14:57 :: DEBUG :: BB.ENDPOINTS :: Init gamestate()
INFO - [G] 2026-09-13 19:14:57 :: DEBUG :: BB.ENDPOINTS :: Return gamestate()
INFO - [G] 2026-09-13 19:14:57 :: DEBUG :: BB.RESPONSE :: gamestate OK (1ms)
INFO - [G] 2026-09-13 19:14:57 :: DEBUG :: BB.SERVER :: Client connected
INFO - [G] 2026-09-13 19:14:57 :: DEBUG :: BB.REQUEST :: gamestate()
INFO - [G] 2026-09-13 19:14:57 :: DEBUG :: BB.ENDPOINTS :: Init gamestate()
INFO - [G] 2026-09-13 19:14:57 :: DEBUG :: BB.ENDPOINTS :: Return gamestate()
INFO - [G] 2026-09-13 19:14:57 :: DEBUG :: BB.RESPONSE :: gamestate OK (1ms)
INFO - [G] 2026-09-13 19:14:57 :: DEBUG :: BB.SERVER :: Client connected
INFO - [G] 2026-09-13 19:14:57 :: DEBUG :: BB.REQUEST :: gamestate()
INFO - [G] 2026-09-13 19:14:57 :: DEBUG :: BB.ENDPOINTS :: Init gamestate()
INFO - [G] 2026-09-13 19:14:57 :: DEBUG :: BB.ENDPOINTS :: Return gamestate()
INFO - [G] 2026-09-13 19:14:57 :: DEBUG :: BB.RESPONSE :: gamestate OK (1ms)
INFO - [G] 2026-09-13 19:14:58 :: DEBUG :: BB.SERVER :: Client connected
INFO - [G] 2026-09-13 19:14:58 :: DEBUG :: BB.REQUEST :: gamestate()
INFO - [G] 2026-09-13 19:14:58 :: DEBUG :: BB.ENDPOINTS :: Init gamestate()
INFO - [G] 2026-09-13 19:14:58 :: DEBUG :: BB.ENDPOINTS :: Return gamestate()
INFO - [G] 2026-09-13 19:14:58 :: DEBUG :: BB.RESPONSE :: gamestate OK (1ms)
INFO - [G] 2026-09-13 19:14:58 :: DEBUG :: BB.SERVER :: Client connected
INFO - [G] 2026-09-13 19:14:58 :: DEBUG :: BB.REQUEST :: gamestate()
INFO - [G] 2026-09-13 19:14:58 :: DEBUG :: BB.ENDPOINTS :: Init gamestate()
INFO - [G] 2026-09-13 19:14:58 :: DEBUG :: BB.ENDPOINTS :: Return gamestate()
INFO - [G] 2026-09-13 19:14:58 :: DEBUG :: BB.RESPONSE :: gamestate OK (1ms)
INFO - [G] 2026-09-13 19:14:58 :: DEBUG :: BB.SERVER :: Client connected
INFO - [G] 2026-09-13 19:14:58 :: DEBUG :: BB.REQUEST :: gamestate()
INFO - [G] 2026-09-13 19:14:58 :: DEBUG :: BB.ENDPOINTS :: Init gamestate()
INFO - [G] 2026-09-13 19:14:58 :: DEBUG :: BB.ENDPOINTS :: Return gamestate()
INFO - [G] 2026-09-13 19:14:58 :: DEBUG :: BB.RESPONSE :: gamestate OK (1ms)
INFO - [G] 2026-09-13 19:14:58 :: DEBUG :: BB.SERVER :: Client connected
INFO - [G] 2026-09-13 19:14:58 :: DEBUG :: BB.REQUEST :: gamestate()
INFO - [G] 2026-09-13 19:14:58 :: DEBUG :: BB.ENDPOINTS :: Init gamestate()
INFO - [G] 2026-09-13 19:14:58 :: DEBUG :: BB.ENDPOINTS :: Return gamestate()
INFO - [G] 2026-09-13 19:14:58 :: DEBUG :: BB.RESPONSE :: gamestate OK (1ms)
INFO - [G] 2026-09-13 19:14:59 :: DEBUG :: BB.SERVER :: Client connected
INFO - [G] 2026-09-13 19:14:59 :: DEBUG :: BB.REQUEST :: gamestate()
INFO - [G] 2026-09-13 19:14:59 :: DEBUG :: BB.ENDPOINTS :: Init gamestate()
INFO - [G] 2026-09-13 19:14:59 :: DEBUG :: BB.ENDPOINTS :: Return gamestate()
INFO - [G] 2026-09-13 19:14:59 :: DEBUG :: BB.RESPONSE :: gamestate OK (1ms)
INFO - [G] 2026-09-13 19:14:59 :: DEBUG :: BB.SERVER :: Client connected
INFO - [G] 2026-09-13 19:14:59 :: DEBUG :: BB.REQUEST :: gamestate()
INFO - [G] 2026-09-13 19:14:59 :: DEBUG :: BB.ENDPOINTS :: Init gamestate()
INFO - [G] 2026-09-13 19:14:59 :: DEBUG :: BB.ENDPOINTS :: Return gamestate()
INFO - [G] 2026-09-13 19:14:59 :: DEBUG :: BB.RESPONSE :: gamestate OK (1ms)
INFO - [G] 2026-09-13 19:14:59 :: DEBUG :: BB.SERVER :: Client connected
INFO - [G] 2026-09-13 19:14:59 :: DEBUG :: BB.REQUEST :: gamestate()
INFO - [G] 2026-09-13 19:14:59 :: DEBUG :: BB.ENDPOINTS :: Init gamestate()
INFO - [G] 2026-09-13 19:14:59 :: DEBUG :: BB.ENDPOINTS :: Return gamestate()
INFO - [G] 2026-09-13 19:14:59 :: DEBUG :: BB.RESPONSE :: gamestate OK (1ms)
INFO - [G] 2026-09-13 19:14:59 :: DEBUG :: BB.SERVER :: Client connected
INFO - [G] 2026-09-13 19:14:59 :: DEBUG :: BB.REQUEST :: gamestate()
INFO - [G] 2026-09-13 19:14:59 :: DEBUG :: BB.ENDPOINTS :: Init gamestate()
INFO - [G] 2026-09-13 19:14:59 :: DEBUG :: BB.ENDPOINTS :: Return gamestate()
INFO - [G] 2026-09-13 19:14:59 :: DEBUG :: BB.RESPONSE :: gamestate OK (1ms)
INFO - [G] 2026-09-13 19:14:59 :: DEBUG :: BB.SERVER :: Client connected
INFO - [G] 2026-09-13 19:14:59 :: DEBUG :: BB.REQUEST :: gamestate()
INFO - [G] 2026-09-13 19:14:59 :: DEBUG :: BB.ENDPOINTS :: Init gamestate()
INFO - [G] 2026-09-13 19:14:59 :: DEBUG :: BB.ENDPOINTS :: Return gamestate()
INFO - [G] 2026-09-13 19:14:59 :: DEBUG :: BB.RESPONSE :: gamestate OK (1ms)
INFO - [G] 2026-09-13 19:15:00 :: DEBUG :: BB.SERVER :: Client connected
INFO - [G] 2026-09-13 19:15:00 :: DEBUG :: BB.REQUEST :: gamestate()
INFO - [G] 2026-09-13 19:15:00 :: DEBUG :: BB.ENDPOINTS :: Init gamestate()
INFO - [G] 2026-09-13 19:15:00 :: DEBUG :: BB.ENDPOINTS :: Return gamestate()
INFO - [G] 2026-09-13 19:15:00 :: DEBUG :: BB.RESPONSE :: gamestate OK (1ms)
INFO - [G] 2026-09-13 19:15:00 :: DEBUG :: BB.SERVER :: Client connected
INFO - [G] 2026-09-13 19:15:00 :: DEBUG :: BB.REQUEST :: gamestate()
INFO - [G] 2026-09-13 19:15:00 :: DEBUG :: BB.ENDPOINTS :: Init gamestate()
INFO - [G] 2026-09-13 19:15:00 :: DEBUG :: BB.ENDPOINTS :: Return gamestate()
INFO - [G] 2026-09-13 19:15:00 :: DEBUG :: BB.RESPONSE :: gamestate OK (1ms)
INFO - [G] 2026-09-13 19:15:00 :: DEBUG :: BB.SERVER :: Client connected
INFO - [G] 2026-09-13 19:15:00 :: DEBUG :: BB.REQUEST :: gamestate()
INFO - [G] 2026-09-13 19:15:00 :: DEBUG :: BB.ENDPOINTS :: Init gamestate()
INFO - [G] 2026-09-13 19:15:00 :: DEBUG :: BB.ENDPOINTS :: Return gamestate()
INFO - [G] 2026-09-13 19:15:00 :: DEBUG :: BB.RESPONSE :: gamestate OK (1ms)
INFO - [G] 2026-09-13 19:15:00 :: DEBUG :: BB.SERVER :: Client connected
INFO - [G] 2026-09-13 19:15:00 :: DEBUG :: BB.REQUEST :: gamestate()
INFO - [G] 2026-09-13 19:15:00 :: DEBUG :: BB.ENDPOINTS :: Init gamestate()
INFO - [G] 2026-09-13 19:15:00 :: DEBUG :: BB.ENDPOINTS :: Return gamestate()
INFO - [G] 2026-09-13 19:15:00 :: DEBUG :: BB.RESPONSE :: gamestate OK (1ms)
INFO - [G] 2026-09-13 19:15:01 :: DEBUG :: BB.SERVER :: Client connected
INFO - [G] 2026-09-13 19:15:01 :: DEBUG :: BB.REQUEST :: gamestate()
INFO - [G] 2026-09-13 19:15:01 :: DEBUG :: BB.ENDPOINTS :: Init gamestate()
INFO - [G] 2026-09-13 19:15:01 :: DEBUG :: BB.ENDPOINTS :: Return gamestate()
INFO - [G] 2026-09-13 19:15:01 :: DEBUG :: BB.RESPONSE :: gamestate OK (1ms)
INFO - [G] 2026-09-13 19:15:01 :: DEBUG :: BB.SERVER :: Client connected
INFO - [G] 2026-09-13 19:15:01 :: DEBUG :: BB.REQUEST :: gamestate()
INFO - [G] 2026-09-13 19:15:01 :: DEBUG :: BB.ENDPOINTS :: Init gamestate()
INFO - [G] 2026-09-13 19:15:01 :: DEBUG :: BB.ENDPOINTS :: Return gamestate()
INFO - [G] 2026-09-13 19:15:01 :: DEBUG :: BB.RESPONSE :: gamestate OK (1ms)
INFO - [G] 2026-09-13 19:15:01 :: DEBUG :: BB.SERVER :: Client connected
INFO - [G] 2026-09-13 19:15:01 :: DEBUG :: BB.REQUEST :: gamestate()
INFO - [G] 2026-09-13 19:15:01 :: DEBUG :: BB.ENDPOINTS :: Init gamestate()
INFO - [G] 2026-09-13 19:15:01 :: DEBUG :: BB.ENDPOINTS :: Return gamestate()
INFO - [G] 2026-09-13 19:15:01 :: DEBUG :: BB.RESPONSE :: gamestate OK (1ms)
INFO - [G] 2026-09-13 19:15:01 :: DEBUG :: BB.SERVER :: Client connected
INFO - [G] 2026-09-13 19:15:01 :: DEBUG :: BB.REQUEST :: gamestate()
INFO - [G] 2026-09-13 19:15:01 :: DEBUG :: BB.ENDPOINTS :: Init gamestate()
INFO - [G] 2026-09-13 19:15:01 :: DEBUG :: BB.ENDPOINTS :: Return gamestate()
INFO - [G] 2026-09-13 19:15:01 :: DEBUG :: BB.RESPONSE :: gamestate OK (1ms)
INFO - [G] 2026-09-13 19:15:01 :: DEBUG :: BB.SERVER :: Client connected
INFO - [G] 2026-09-13 19:15:01 :: DEBUG :: BB.REQUEST :: gamestate()
INFO - [G] 2026-09-13 19:15:01 :: DEBUG :: BB.ENDPOINTS :: Init gamestate()
INFO - [G] 2026-09-13 19:15:01 :: DEBUG :: BB.ENDPOINTS :: Return gamestate()
INFO - [G] 2026-09-13 19:15:01 :: DEBUG :: BB.RESPONSE :: gamestate OK (1ms)
INFO - [G] 2026-09-13 19:15:02 :: DEBUG :: BB.SERVER :: Client connected
INFO - [G] 2026-09-13 19:15:02 :: DEBUG :: BB.REQUEST :: gamestate()
INFO - [G] 2026-09-13 19:15:02 :: DEBUG :: BB.ENDPOINTS :: Init gamestate()
INFO - [G] 2026-09-13 19:15:02 :: DEBUG :: BB.ENDPOINTS :: Return gamestate()
INFO - [G] 2026-09-13 19:15:02 :: DEBUG :: BB.RESPONSE :: gamestate OK (1ms)
INFO - [G] 2026-09-13 19:15:02 :: DEBUG :: BB.SERVER :: Client connected
INFO - [G] 2026-09-13 19:15:02 :: DEBUG :: BB.REQUEST :: gamestate()
INFO - [G] 2026-09-13 19:15:02 :: DEBUG :: BB.ENDPOINTS :: Init gamestate()
INFO - [G] 2026-09-13 19:15:02 :: DEBUG :: BB.ENDPOINTS :: Return gamestate()
INFO - [G] 2026-09-13 19:15:02 :: DEBUG :: BB.RESPONSE :: gamestate OK (1ms)
INFO - [G] 2026-09-13 19:15:02 :: DEBUG :: BB.SERVER :: Client connected
INFO - [G] 2026-09-13 19:15:02 :: DEBUG :: BB.REQUEST :: gamestate()
INFO - [G] 2026-09-13 19:15:02 :: DEBUG :: BB.ENDPOINTS :: Init gamestate()
INFO - [G] 2026-09-13 19:15:02 :: DEBUG :: BB.ENDPOINTS :: Return gamestate()
INFO - [G] 2026-09-13 19:15:02 :: DEBUG :: BB.RESPONSE :: gamestate OK (1ms)
INFO - [G] 2026-09-13 19:15:02 :: DEBUG :: BB.SERVER :: Client connected
INFO - [G] 2026-09-13 19:15:02 :: DEBUG :: BB.REQUEST :: gamestate()
INFO - [G] 2026-09-13 19:15:02 :: DEBUG :: BB.ENDPOINTS :: Init gamestate()
INFO - [G] 2026-09-13 19:15:02 :: DEBUG :: BB.ENDPOINTS :: Return gamestate()
INFO - [G] 2026-09-13 19:15:02 :: DEBUG :: BB.RESPONSE :: gamestate OK (1ms)
INFO - [G] 2026-09-13 19:15:03 :: DEBUG :: BB.SERVER :: Client connected
INFO - [G] 2026-09-13 19:15:03 :: DEBUG :: BB.REQUEST :: gamestate()
INFO - [G] 2026-09-13 19:15:03 :: DEBUG :: BB.ENDPOINTS :: Init gamestate()
INFO - [G] 2026-09-13 19:15:03 :: DEBUG :: BB.ENDPOINTS :: Return gamestate()
INFO - [G] 2026-09-13 19:15:03 :: DEBUG :: BB.RESPONSE :: gamestate OK (1ms)
INFO - [G] 2026-09-13 19:15:03 :: DEBUG :: BB.SERVER :: Client connected
INFO - [G] 2026-09-13 19:15:03 :: DEBUG :: BB.REQUEST :: gamestate()
INFO - [G] 2026-09-13 19:15:03 :: DEBUG :: BB.ENDPOINTS :: Init gamestate()
INFO - [G] 2026-09-13 19:15:03 :: DEBUG :: BB.ENDPOINTS :: Return gamestate()
INFO - [G] 2026-09-13 19:15:03 :: DEBUG :: BB.RESPONSE :: gamestate OK (1ms)
INFO - [G] 2026-09-13 19:15:03 :: DEBUG :: BB.SERVER :: Client connected
INFO - [G] 2026-09-13 19:15:03 :: DEBUG :: BB.REQUEST :: gamestate()
INFO - [G] 2026-09-13 19:15:03 :: DEBUG :: BB.ENDPOINTS :: Init gamestate()
INFO - [G] 2026-09-13 19:15:03 :: DEBUG :: BB.ENDPOINTS :: Return gamestate()
INFO - [G] 2026-09-13 19:15:03 :: DEBUG :: BB.RESPONSE :: gamestate OK (1ms)
INFO - [G] 2026-09-13 19:15:03 :: DEBUG :: BB.SERVER :: Client connected
INFO - [G] 2026-09-13 19:15:03 :: DEBUG :: BB.REQUEST :: gamestate()
INFO - [G] 2026-09-13 19:15:03 :: DEBUG :: BB.ENDPOINTS :: Init gamestate()
INFO - [G] 2026-09-13 19:15:03 :: DEBUG :: BB.ENDPOINTS :: Return gamestate()
INFO - [G] 2026-09-13 19:15:03 :: DEBUG :: BB.RESPONSE :: gamestate OK (1ms)
INFO - [G] 2026-09-13 19:15:03 :: DEBUG :: BB.SERVER :: Client connected
INFO - [G] 2026-09-13 19:15:03 :: DEBUG :: BB.REQUEST :: gamestate()
INFO - [G] 2026-09-13 19:15:03 :: DEBUG :: BB.ENDPOINTS :: Init gamestate()
INFO - [G] 2026-09-13 19:15:03 :: DEBUG :: BB.ENDPOINTS :: Return gamestate()
INFO - [G] 2026-09-13 19:15:03 :: DEBUG :: BB.RESPONSE :: gamestate OK (1ms)
INFO - [G] 2026-09-13 19:15:04 :: DEBUG :: BB.SERVER :: Client connected
INFO - [G] 2026-09-13 19:15:04 :: DEBUG :: BB.REQUEST :: gamestate()
INFO - [G] 2026-09-13 19:15:04 :: DEBUG :: BB.ENDPOINTS :: Init gamestate()
INFO - [G] 2026-09-13 19:15:04 :: DEBUG :: BB.ENDPOINTS :: Return gamestate()
INFO - [G] 2026-09-13 19:15:04 :: DEBUG :: BB.RESPONSE :: gamestate OK (1ms)
INFO - [G] 2026-09-13 19:15:04 :: DEBUG :: BB.SERVER :: Client connected
INFO - [G] 2026-09-13 19:15:04 :: DEBUG :: BB.REQUEST :: gamestate()
INFO - [G] 2026-09-13 19:15:04 :: DEBUG :: BB.ENDPOINTS :: Init gamestate()
INFO - [G] 2026-09-13 19:15:04 :: DEBUG :: BB.ENDPOINTS :: Return gamestate()
INFO - [G] 2026-09-13 19:15:04 :: DEBUG :: BB.RESPONSE :: gamestate OK (1ms)
INFO - [G] 2026-09-13 19:15:04 :: DEBUG :: BB.SERVER :: Client connected
INFO - [G] 2026-09-13 19:15:04 :: DEBUG :: BB.REQUEST :: gamestate()
INFO - [G] 2026-09-13 19:15:04 :: DEBUG :: BB.ENDPOINTS :: Init gamestate()
INFO - [G] 2026-09-13 19:15:04 :: DEBUG :: BB.ENDPOINTS :: Return gamestate()
INFO - [G] 2026-09-13 19:15:04 :: DEBUG :: BB.RESPONSE :: gamestate OK (1ms)
INFO - [G] 2026-09-13 19:15:04 :: DEBUG :: BB.SERVER :: Client connected
INFO - [G] 2026-09-13 19:15:04 :: DEBUG :: BB.REQUEST :: gamestate()
INFO - [G] 2026-09-13 19:15:04 :: DEBUG :: BB.ENDPOINTS :: Init gamestate()
INFO - [G] 2026-09-13 19:15:04 :: DEBUG :: BB.ENDPOINTS :: Return gamestate()
INFO - [G] 2026-09-13 19:15:04 :: DEBUG :: BB.RESPONSE :: gamestate OK (1ms)
INFO - [G] 2026-09-13 19:15:05 :: DEBUG :: BB.SERVER :: Client connected
INFO - [G] 2026-09-13 19:15:05 :: DEBUG :: BB.REQUEST :: gamestate()
INFO - [G] 2026-09-13 19:15:05 :: DEBUG :: BB.ENDPOINTS :: Init gamestate()
INFO - [G] 2026-09-13 19:15:05 :: DEBUG :: BB.ENDPOINTS :: Return gamestate()
INFO - [G] 2026-09-13 19:15:05 :: DEBUG :: BB.RESPONSE :: gamestate OK (1ms)
INFO - [G] 2026-09-13 19:15:05 :: DEBUG :: BB.SERVER :: Client connected
INFO - [G] 2026-09-13 19:15:05 :: DEBUG :: BB.REQUEST :: gamestate()
INFO - [G] 2026-09-13 19:15:05 :: DEBUG :: BB.ENDPOINTS :: Init gamestate()
INFO - [G] 2026-09-13 19:15:05 :: DEBUG :: BB.ENDPOINTS :: Return gamestate()
INFO - [G] 2026-09-13 19:15:05 :: DEBUG :: BB.RESPONSE :: gamestate OK (1ms)
INFO - [G] 2026-09-13 19:15:05 :: DEBUG :: BB.SERVER :: Client connected
INFO - [G] 2026-09-13 19:15:05 :: DEBUG :: BB.REQUEST :: gamestate()
INFO - [G] 2026-09-13 19:15:05 :: DEBUG :: BB.ENDPOINTS :: Init gamestate()
INFO - [G] 2026-09-13 19:15:05 :: DEBUG :: BB.ENDPOINTS :: Return gamestate()
INFO - [G] 2026-09-13 19:15:05 :: DEBUG :: BB.RESPONSE :: gamestate OK (1ms)
INFO - [G] 2026-09-13 19:15:05 :: DEBUG :: BB.SERVER :: Client connected
INFO - [G] 2026-09-13 19:15:05 :: DEBUG :: BB.REQUEST :: gamestate()
INFO - [G] 2026-09-13 19:15:05 :: DEBUG :: BB.ENDPOINTS :: Init gamestate()
INFO - [G] 2026-09-13 19:15:05 :: DEBUG :: BB.ENDPOINTS :: Return gamestate()
INFO - [G] 2026-09-13 19:15:05 :: DEBUG :: BB.RESPONSE :: gamestate OK (1ms)
INFO - [G] 2026-09-13 19:15:05 :: DEBUG :: BB.SERVER :: Client connected
INFO - [G] 2026-09-13 19:15:05 :: DEBUG :: BB.REQUEST :: gamestate()
INFO - [G] 2026-09-13 19:15:05 :: DEBUG :: BB.ENDPOINTS :: Init gamestate()
INFO - [G] 2026-09-13 19:15:05 :: DEBUG :: BB.ENDPOINTS :: Return gamestate()
INFO - [G] 2026-09-13 19:15:05 :: DEBUG :: BB.RESPONSE :: gamestate OK (1ms)
INFO - [G] 2026-09-13 19:15:06 :: DEBUG :: BB.SERVER :: Client connected
INFO - [G] 2026-09-13 19:15:06 :: DEBUG :: BB.REQUEST :: gamestate()
INFO - [G] 2026-09-13 19:15:06 :: DEBUG :: BB.ENDPOINTS :: Init gamestate()
INFO - [G] 2026-09-13 19:15:06 :: DEBUG :: BB.ENDPOINTS :: Return gamestate()
INFO - [G] 2026-09-13 19:15:06 :: DEBUG :: BB.RESPONSE :: gamestate OK (1ms)
INFO - [G] 2026-09-13 19:15:06 :: DEBUG :: BB.SERVER :: Client connected
INFO - [G] 2026-09-13 19:15:06 :: DEBUG :: BB.REQUEST :: gamestate()
INFO - [G] 2026-09-13 19:15:06 :: DEBUG :: BB.ENDPOINTS :: Init gamestate()
INFO - [G] 2026-09-13 19:15:06 :: DEBUG :: BB.ENDPOINTS :: Return gamestate()
INFO - [G] 2026-09-13 19:15:06 :: DEBUG :: BB.RESPONSE :: gamestate OK (1ms)
INFO - [G] 2026-09-13 19:15:06 :: DEBUG :: BB.SERVER :: Client connected
INFO - [G] 2026-09-13 19:15:06 :: DEBUG :: BB.REQUEST :: gamestate()
INFO - [G] 2026-09-13 19:15:06 :: DEBUG :: BB.ENDPOINTS :: Init gamestate()
INFO - [G] 2026-09-13 19:15:06 :: DEBUG :: BB.ENDPOINTS :: Return gamestate()
INFO - [G] 2026-09-13 19:15:06 :: DEBUG :: BB.RESPONSE :: gamestate OK (1ms)
INFO - [G] 2026-09-13 19:15:06 :: DEBUG :: BB.SERVER :: Client connected
INFO - [G] 2026-09-13 19:15:06 :: DEBUG :: BB.REQUEST :: gamestate()
INFO - [G] 2026-09-13 19:15:06 :: DEBUG :: BB.ENDPOINTS :: Init gamestate()
INFO - [G] 2026-09-13 19:15:06 :: DEBUG :: BB.ENDPOINTS :: Return gamestate()
INFO - [G] 2026-09-13 19:15:06 :: DEBUG :: BB.RESPONSE :: gamestate OK (1ms)
INFO - [G] 2026-09-13 19:15:07 :: DEBUG :: BB.SERVER :: Client connected
INFO - [G] 2026-09-13 19:15:07 :: DEBUG :: BB.REQUEST :: gamestate()
INFO - [G] 2026-09-13 19:15:07 :: DEBUG :: BB.ENDPOINTS :: Init gamestate()
INFO - [G] 2026-09-13 19:15:07 :: DEBUG :: BB.ENDPOINTS :: Return gamestate()
INFO - [G] 2026-09-13 19:15:07 :: DEBUG :: BB.RESPONSE :: gamestate OK (1ms)
INFO - [G] 2026-09-13 19:15:07 :: DEBUG :: BB.SERVER :: Client connected
INFO - [G] 2026-09-13 19:15:07 :: DEBUG :: BB.REQUEST :: gamestate()
INFO - [G] 2026-09-13 19:15:07 :: DEBUG :: BB.ENDPOINTS :: Init gamestate()
INFO - [G] 2026-09-13 19:15:07 :: DEBUG :: BB.ENDPOINTS :: Return gamestate()
INFO - [G] 2026-09-13 19:15:07 :: DEBUG :: BB.RESPONSE :: gamestate OK (1ms)
INFO - [G] 2026-09-13 19:15:07 :: DEBUG :: BB.SERVER :: Client connected
INFO - [G] 2026-09-13 19:15:07 :: DEBUG :: BB.REQUEST :: gamestate()
INFO - [G] 2026-09-13 19:15:07 :: DEBUG :: BB.ENDPOINTS :: Init gamestate()
INFO - [G] 2026-09-13 19:15:07 :: DEBUG :: BB.ENDPOINTS :: Return gamestate()
INFO - [G] 2026-09-13 19:15:07 :: DEBUG :: BB.RESPONSE :: gamestate OK (1ms)
INFO - [G] 2026-09-13 19:15:07 :: DEBUG :: BB.SERVER :: Client connected
INFO - [G] 2026-09-13 19:15:07 :: DEBUG :: BB.REQUEST :: gamestate()
INFO - [G] 2026-09-13 19:15:07 :: DEBUG :: BB.ENDPOINTS :: Init gamestate()
INFO - [G] 2026-09-13 19:15:07 :: DEBUG :: BB.ENDPOINTS :: Return gamestate()
INFO - [G] 2026-09-13 19:15:07 :: DEBUG :: BB.RESPONSE :: gamestate OK (1ms)
INFO - [G] 2026-09-13 19:15:07 :: DEBUG :: BB.SERVER :: Client connected
INFO - [G] 2026-09-13 19:15:07 :: DEBUG :: BB.REQUEST :: gamestate()
INFO - [G] 2026-09-13 19:15:07 :: DEBUG :: BB.ENDPOINTS :: Init gamestate()
INFO - [G] 2026-09-13 19:15:07 :: DEBUG :: BB.ENDPOINTS :: Return gamestate()
INFO - [G] 2026-09-13 19:15:07 :: DEBUG :: BB.RESPONSE :: gamestate OK (1ms)
INFO - [G] 2026-09-13 19:15:08 :: DEBUG :: BB.SERVER :: Client connected
INFO - [G] 2026-09-13 19:15:08 :: DEBUG :: BB.REQUEST :: gamestate()
INFO - [G] 2026-09-13 19:15:08 :: DEBUG :: BB.ENDPOINTS :: Init gamestate()
INFO - [G] 2026-09-13 19:15:08 :: DEBUG :: BB.ENDPOINTS :: Return gamestate()
INFO - [G] 2026-09-13 19:15:08 :: DEBUG :: BB.RESPONSE :: gamestate OK (1ms)
INFO - [G] 2026-09-13 19:15:08 :: DEBUG :: BB.SERVER :: Client connected
INFO - [G] 2026-09-13 19:15:08 :: DEBUG :: BB.REQUEST :: gamestate()
INFO - [G] 2026-09-13 19:15:08 :: DEBUG :: BB.ENDPOINTS :: Init gamestate()
INFO - [G] 2026-09-13 19:15:08 :: DEBUG :: BB.ENDPOINTS :: Return gamestate()
INFO - [G] 2026-09-13 19:15:08 :: DEBUG :: BB.RESPONSE :: gamestate OK (1ms)
INFO - [G] 2026-09-13 19:15:08 :: DEBUG :: BB.SERVER :: Client connected
INFO - [G] 2026-09-13 19:15:08 :: DEBUG :: BB.REQUEST :: gamestate()
INFO - [G] 2026-09-13 19:15:08 :: DEBUG :: BB.ENDPOINTS :: Init gamestate()
INFO - [G] 2026-09-13 19:15:08 :: DEBUG :: BB.ENDPOINTS :: Return gamestate()
INFO - [G] 2026-09-13 19:15:08 :: DEBUG :: BB.RESPONSE :: gamestate OK (1ms)
INFO - [G] 2026-09-13 19:15:08 :: DEBUG :: BB.SERVER :: Client connected
INFO - [G] 2026-09-13 19:15:08 :: DEBUG :: BB.REQUEST :: gamestate()
INFO - [G] 2026-09-13 19:15:08 :: DEBUG :: BB.ENDPOINTS :: Init gamestate()
INFO - [G] 2026-09-13 19:15:08 :: DEBUG :: BB.ENDPOINTS :: Return gamestate()
INFO - [G] 2026-09-13 19:15:08 :: DEBUG :: BB.RESPONSE :: gamestate OK (1ms)
INFO - [G] 2026-09-13 19:15:08 :: DEBUG :: BB.SERVER :: Client connected
INFO - [G] 2026-09-13 19:15:08 :: DEBUG :: BB.REQUEST :: gamestate()
INFO - [G] 2026-09-13 19:15:08 :: DEBUG :: BB.ENDPOINTS :: Init gamestate()
INFO - [G] 2026-09-13 19:15:08 :: DEBUG :: BB.ENDPOINTS :: Return gamestate()
INFO - [G] 2026-09-13 19:15:08 :: DEBUG :: BB.RESPONSE :: gamestate OK (1ms)
INFO - [G] 2026-09-13 19:15:09 :: DEBUG :: BB.SERVER :: Client connected
INFO - [G] 2026-09-13 19:15:09 :: DEBUG :: BB.REQUEST :: gamestate()
INFO - [G] 2026-09-13 19:15:09 :: DEBUG :: BB.ENDPOINTS :: Init gamestate()
INFO - [G] 2026-09-13 19:15:09 :: DEBUG :: BB.ENDPOINTS :: Return gamestate()
INFO - [G] 2026-09-13 19:15:09 :: DEBUG :: BB.RESPONSE :: gamestate OK (1ms)
INFO - [G] 2026-09-13 19:15:09 :: DEBUG :: BB.SERVER :: Client connected
INFO - [G] 2026-09-13 19:15:09 :: DEBUG :: BB.REQUEST :: gamestate()
INFO - [G] 2026-09-13 19:15:09 :: DEBUG :: BB.ENDPOINTS :: Init gamestate()
INFO - [G] 2026-09-13 19:15:09 :: DEBUG :: BB.ENDPOINTS :: Return gamestate()
INFO - [G] 2026-09-13 19:15:09 :: DEBUG :: BB.RESPONSE :: gamestate OK (1ms)
INFO - [G] 2026-09-13 19:15:09 :: DEBUG :: BB.SERVER :: Client connected
INFO - [G] 2026-09-13 19:15:09 :: DEBUG :: BB.REQUEST :: gamestate()
INFO - [G] 2026-09-13 19:15:09 :: DEBUG :: BB.ENDPOINTS :: Init gamestate()
INFO - [G] 2026-09-13 19:15:09 :: DEBUG :: BB.ENDPOINTS :: Return gamestate()
INFO - [G] 2026-09-13 19:15:09 :: DEBUG :: BB.RESPONSE :: gamestate OK (1ms)
INFO - [G] 2026-09-13 19:15:09 :: DEBUG :: BB.SERVER :: Client connected
INFO - [G] 2026-09-13 19:15:09 :: DEBUG :: BB.REQUEST :: gamestate()
INFO - [G] 2026-09-13 19:15:09 :: DEBUG :: BB.ENDPOINTS :: Init gamestate()
INFO - [G] 2026-09-13 19:15:09 :: DEBUG :: BB.ENDPOINTS :: Return gamestate()
INFO - [G] 2026-09-13 19:15:09 :: DEBUG :: BB.RESPONSE :: gamestate OK (1ms)
INFO - [G] 2026-09-13 19:15:16 :: DEBUG :: BB.SERVER :: Client connected
INFO - [G] 2026-09-13 19:15:16 :: DEBUG :: BB.REQUEST :: health()
INFO - [G] 2026-09-13 19:15:16 :: DEBUG :: BB.ENDPOINTS :: Init health()
INFO - [G] 2026-09-13 19:15:16 :: DEBUG :: BB.ENDPOINTS :: Return health()
INFO - [G] 2026-09-13 19:15:16 :: DEBUG :: BB.RESPONSE :: health OK (0ms)
INFO - [G] 2026-09-13 19:15:18 :: DEBUG :: BB.SERVER :: Client connected
INFO - [G] 2026-09-13 19:15:18 :: DEBUG :: BB.REQUEST :: menu()
INFO - [G] 2026-09-13 19:15:18 :: DEBUG :: BB.ENDPOINTS :: Init menu()
INFO - [G] 2026-09-13 19:15:22 :: DEBUG :: BB.ENDPOINTS :: Return menu()
INFO - [G] 2026-09-13 19:15:22 :: DEBUG :: BB.RESPONSE :: menu OK (3890ms)
INFO - [G] 2026-09-13 19:15:22 :: DEBUG :: BB.SERVER :: Client connected
INFO - [G] 2026-09-13 19:15:22 :: DEBUG :: BB.REQUEST :: start({deck="RED", stake="WHITE"})
INFO - [G] 2026-09-13 19:15:22 :: DEBUG :: BB.ENDPOINTS :: Init start()
INFO - [G] 2026-09-13 19:15:22 :: DEBUG :: BB.ENDPOINTS :: Setting deck to: Red Deck (from enum: RED)
INFO - [G] 2026-09-13 19:15:22 :: DEBUG :: BB.ENDPOINTS :: Starting run with stake=1 (WHITE), seed=none
INFO - [G] 2026-09-13 19:15:25 :: DEBUG :: BB.ENDPOINTS :: Return start()
INFO - [G] 2026-09-13 19:15:25 :: DEBUG :: BB.RESPONSE :: start OK (3034ms)
INFO - [G] 2026-09-13 19:15:25 :: DEBUG :: BB.SERVER :: Client connected
INFO - [G] 2026-09-13 19:15:25 :: DEBUG :: BB.REQUEST :: gamestate()
INFO - [G] 2026-09-13 19:15:25 :: DEBUG :: BB.ENDPOINTS :: Init gamestate()
INFO - [G] 2026-09-13 19:15:25 :: DEBUG :: BB.ENDPOINTS :: Return gamestate()
INFO - [G] 2026-09-13 19:15:25 :: DEBUG :: BB.RESPONSE :: gamestate OK (1ms)
INFO - [G] 2026-09-13 19:15:25 :: DEBUG :: BB.SERVER :: Client connected
INFO - [G] 2026-09-13 19:15:25 :: DEBUG :: BB.REQUEST :: select()
INFO - [G] 2026-09-13 19:15:25 :: DEBUG :: BB.ENDPOINTS :: Init select()
INFO - [G] 2026-09-13 19:15:25 :: DEBUG :: BB.ENDPOINTS :: Selecting Small (Small Blind), chips required: ?
INFO - [G] 2026-09-13 19:15:28 :: DEBUG :: BB.ENDPOINTS :: Return select()
INFO - [G] 2026-09-13 19:15:28 :: DEBUG :: BB.RESPONSE :: select OK (3166ms)
INFO - [G] 2026-09-13 19:15:28 :: DEBUG :: BB.SERVER :: Client connected
INFO - [G] 2026-09-13 19:15:28 :: DEBUG :: BB.REQUEST :: gamestate()
INFO - [G] 2026-09-13 19:15:28 :: DEBUG :: BB.ENDPOINTS :: Init gamestate()
INFO - [G] 2026-09-13 19:15:28 :: DEBUG :: BB.ENDPOINTS :: Return gamestate()
INFO - [G] 2026-09-13 19:15:28 :: DEBUG :: BB.RESPONSE :: gamestate OK (1ms)
INFO - [G] 2026-09-13 19:15:29 :: DEBUG :: BB.SERVER :: Client connected
INFO - [G] 2026-09-13 19:15:29 :: DEBUG :: BB.REQUEST :: discard({cards=[3,4,5,6,7]})
INFO - [G] 2026-09-13 19:15:29 :: DEBUG :: BB.ENDPOINTS :: Init discard()
INFO - [G] 2026-09-13 19:15:29 :: DEBUG :: BB.ENDPOINTS :: Discarding 5 cards: 9♦, 8♠, 7♥, 3♥, 2♥ (3 discards left)
INFO - [G] 2026-09-13 19:15:30 :: DEBUG :: BB.ENDPOINTS :: Return discard()
INFO - [G] 2026-09-13 19:15:30 :: DEBUG :: BB.RESPONSE :: discard OK (1978ms)
INFO - [G] 2026-09-13 19:15:32 :: DEBUG :: BB.SERVER :: Client connected
INFO - [G] 2026-09-13 19:15:32 :: DEBUG :: BB.REQUEST :: gamestate()
INFO - [G] 2026-09-13 19:15:32 :: DEBUG :: BB.ENDPOINTS :: Init gamestate()
INFO - [G] 2026-09-13 19:15:32 :: DEBUG :: BB.ENDPOINTS :: Return gamestate()
INFO - [G] 2026-09-13 19:15:32 :: DEBUG :: BB.RESPONSE :: gamestate OK (1ms)
INFO - [G] 2026-09-13 19:15:33 :: DEBUG :: BB.SERVER :: Client connected
INFO - [G] 2026-09-13 19:15:33 :: DEBUG :: BB.REQUEST :: play({cards=[0,1,2,3,4]})
INFO - [G] 2026-09-13 19:15:33 :: DEBUG :: BB.ENDPOINTS :: Init play()
INFO - [G] 2026-09-13 19:15:33 :: DEBUG :: BB.ENDPOINTS :: Playing 5 cards: A♠, A♥, A♦, J♠, J♣
INFO - [G] 2026-09-13 19:15:51 :: DEBUG :: BB.ENDPOINTS :: Return play() - cash out
INFO - [G] 2026-09-13 19:15:51 :: DEBUG :: BB.RESPONSE :: play OK (18543ms)
INFO - [G] 2026-09-13 19:15:51 :: DEBUG :: BB.SERVER :: Client connected
INFO - [G] 2026-09-13 19:15:51 :: DEBUG :: BB.REQUEST :: gamestate()
INFO - [G] 2026-09-13 19:15:51 :: DEBUG :: BB.ENDPOINTS :: Init gamestate()
INFO - [G] 2026-09-13 19:15:51 :: DEBUG :: BB.ENDPOINTS :: Return gamestate()
INFO - [G] 2026-09-13 19:15:51 :: DEBUG :: BB.RESPONSE :: gamestate OK (1ms)
INFO - [G] 2026-09-13 19:15:51 :: DEBUG :: BB.SERVER :: Client connected
INFO - [G] 2026-09-13 19:15:51 :: DEBUG :: BB.REQUEST :: gamestate()
INFO - [G] 2026-09-13 19:15:51 :: DEBUG :: BB.ENDPOINTS :: Init gamestate()
INFO - [G] 2026-09-13 19:15:51 :: DEBUG :: BB.ENDPOINTS :: Return gamestate()
INFO - [G] 2026-09-13 19:15:51 :: DEBUG :: BB.RESPONSE :: gamestate OK (1ms)
INFO - [G] 2026-09-13 19:15:52 :: DEBUG :: BB.SERVER :: Client connected
INFO - [G] 2026-09-13 19:15:52 :: DEBUG :: BB.REQUEST :: gamestate()
INFO - [G] 2026-09-13 19:15:52 :: DEBUG :: BB.ENDPOINTS :: Init gamestate()
INFO - [G] 2026-09-13 19:15:52 :: DEBUG :: BB.ENDPOINTS :: Return gamestate()
INFO - [G] 2026-09-13 19:15:52 :: DEBUG :: BB.RESPONSE :: gamestate OK (1ms)
INFO - [G] 2026-09-13 19:15:52 :: DEBUG :: BB.SERVER :: Client connected
INFO - [G] 2026-09-13 19:15:52 :: DEBUG :: BB.REQUEST :: gamestate()
INFO - [G] 2026-09-13 19:15:52 :: DEBUG :: BB.ENDPOINTS :: Init gamestate()
INFO - [G] 2026-09-13 19:15:52 :: DEBUG :: BB.ENDPOINTS :: Return gamestate()
INFO - [G] 2026-09-13 19:15:52 :: DEBUG :: BB.RESPONSE :: gamestate OK (1ms)
INFO - [G] 2026-09-13 19:15:52 :: DEBUG :: BB.SERVER :: Client connected
INFO - [G] 2026-09-13 19:15:52 :: DEBUG :: BB.REQUEST :: gamestate()
INFO - [G] 2026-09-13 19:15:52 :: DEBUG :: BB.ENDPOINTS :: Init gamestate()
INFO - [G] 2026-09-13 19:15:52 :: DEBUG :: BB.ENDPOINTS :: Return gamestate()
INFO - [G] 2026-09-13 19:15:52 :: DEBUG :: BB.RESPONSE :: gamestate OK (1ms)
INFO - [G] 2026-09-13 19:15:52 :: DEBUG :: BB.SERVER :: Client connected
INFO - [G] 2026-09-13 19:15:52 :: DEBUG :: BB.REQUEST :: gamestate()
INFO - [G] 2026-09-13 19:15:52 :: DEBUG :: BB.ENDPOINTS :: Init gamestate()
INFO - [G] 2026-09-13 19:15:52 :: DEBUG :: BB.ENDPOINTS :: Return gamestate()
INFO - [G] 2026-09-13 19:15:52 :: DEBUG :: BB.RESPONSE :: gamestate OK (1ms)
INFO - [G] 2026-09-13 19:15:53 :: DEBUG :: BB.SERVER :: Client connected
INFO - [G] 2026-09-13 19:15:53 :: DEBUG :: BB.REQUEST :: gamestate()
INFO - [G] 2026-09-13 19:15:53 :: DEBUG :: BB.ENDPOINTS :: Init gamestate()
INFO - [G] 2026-09-13 19:15:53 :: DEBUG :: BB.ENDPOINTS :: Return gamestate()
INFO - [G] 2026-09-13 19:15:53 :: DEBUG :: BB.RESPONSE :: gamestate OK (1ms)
INFO - [G] 2026-09-13 19:15:53 :: DEBUG :: BB.SERVER :: Client connected
INFO - [G] 2026-09-13 19:15:53 :: DEBUG :: BB.REQUEST :: gamestate()
INFO - [G] 2026-09-13 19:15:53 :: DEBUG :: BB.ENDPOINTS :: Init gamestate()
INFO - [G] 2026-09-13 19:15:53 :: DEBUG :: BB.ENDPOINTS :: Return gamestate()
INFO - [G] 2026-09-13 19:15:53 :: DEBUG :: BB.RESPONSE :: gamestate OK (1ms)
INFO - [G] 2026-09-13 19:15:53 :: DEBUG :: BB.SERVER :: Client connected
INFO - [G] 2026-09-13 19:15:53 :: DEBUG :: BB.REQUEST :: gamestate()
INFO - [G] 2026-09-13 19:15:53 :: DEBUG :: BB.ENDPOINTS :: Init gamestate()
INFO - [G] 2026-09-13 19:15:53 :: DEBUG :: BB.ENDPOINTS :: Return gamestate()
INFO - [G] 2026-09-13 19:15:53 :: DEBUG :: BB.RESPONSE :: gamestate OK (1ms)
INFO - [G] 2026-09-13 19:15:53 :: DEBUG :: BB.SERVER :: Client connected
INFO - [G] 2026-09-13 19:15:53 :: DEBUG :: BB.REQUEST :: gamestate()
INFO - [G] 2026-09-13 19:15:53 :: DEBUG :: BB.ENDPOINTS :: Init gamestate()
INFO - [G] 2026-09-13 19:15:53 :: DEBUG :: BB.ENDPOINTS :: Return gamestate()
INFO - [G] 2026-09-13 19:15:53 :: DEBUG :: BB.RESPONSE :: gamestate OK (1ms)
INFO - [G] 2026-09-13 19:15:53 :: DEBUG :: BB.SERVER :: Client connected
INFO - [G] 2026-09-13 19:15:53 :: DEBUG :: BB.REQUEST :: gamestate()
INFO - [G] 2026-09-13 19:15:53 :: DEBUG :: BB.ENDPOINTS :: Init gamestate()
INFO - [G] 2026-09-13 19:15:53 :: DEBUG :: BB.ENDPOINTS :: Return gamestate()
INFO - [G] 2026-09-13 19:15:53 :: DEBUG :: BB.RESPONSE :: gamestate OK (1ms)
INFO - [G] 2026-09-13 19:15:53 :: DEBUG :: BB.SERVER :: Client connected
INFO - [G] 2026-09-13 19:15:53 :: DEBUG :: BB.REQUEST :: cash_out()
INFO - [G] 2026-09-13 19:15:53 :: DEBUG :: BB.ENDPOINTS :: Init cash_out()
INFO - [G] 2026-09-13 19:15:55 :: DEBUG :: BB.ENDPOINTS :: Return cash_out() - reached SHOP state
INFO - [G] 2026-09-13 19:15:55 :: DEBUG :: BB.RESPONSE :: cash_out OK (1766ms)
INFO - [G] 2026-09-13 19:15:55 :: DEBUG :: BB.SERVER :: Client connected
INFO - [G] 2026-09-13 19:15:55 :: DEBUG :: BB.REQUEST :: gamestate()
INFO - [G] 2026-09-13 19:15:55 :: DEBUG :: BB.ENDPOINTS :: Init gamestate()
INFO - [G] 2026-09-13 19:15:55 :: DEBUG :: BB.ENDPOINTS :: Return gamestate()
INFO - [G] 2026-09-13 19:15:55 :: DEBUG :: BB.RESPONSE :: gamestate OK (1ms)
INFO - [G] 2026-09-13 19:15:55 :: DEBUG :: BB.SERVER :: Client connected
INFO - [G] 2026-09-13 19:15:55 :: DEBUG :: BB.REQUEST :: gamestate()
INFO - [G] 2026-09-13 19:15:55 :: DEBUG :: BB.ENDPOINTS :: Init gamestate()
INFO - [G] 2026-09-13 19:15:55 :: DEBUG :: BB.ENDPOINTS :: Return gamestate()
INFO - [G] 2026-09-13 19:15:55 :: DEBUG :: BB.RESPONSE :: gamestate OK (1ms)
INFO - [G] 2026-09-13 19:15:55 :: DEBUG :: BB.SERVER :: Client connected
INFO - [G] 2026-09-13 19:15:55 :: DEBUG :: BB.REQUEST :: next_round()
INFO - [G] 2026-09-13 19:15:55 :: DEBUG :: BB.ENDPOINTS :: Init next_round()
INFO - [G] 2026-09-13 19:15:56 :: DEBUG :: BB.ENDPOINTS :: Return next_round() - reached BLIND_SELECT state
INFO - [G] 2026-09-13 19:15:56 :: DEBUG :: BB.RESPONSE :: next_round OK (799ms)
INFO - [G] 2026-09-13 19:15:56 :: DEBUG :: BB.SERVER :: Client connected
INFO - [G] 2026-09-13 19:15:56 :: DEBUG :: BB.REQUEST :: gamestate()
INFO - [G] 2026-09-13 19:15:56 :: DEBUG :: BB.ENDPOINTS :: Init gamestate()
INFO - [G] 2026-09-13 19:15:56 :: DEBUG :: BB.ENDPOINTS :: Return gamestate()
INFO - [G] 2026-09-13 19:15:56 :: DEBUG :: BB.RESPONSE :: gamestate OK (1ms)
INFO - [G] 2026-09-13 19:15:56 :: DEBUG :: BB.SERVER :: Client connected
INFO - [G] 2026-09-13 19:15:56 :: DEBUG :: BB.REQUEST :: gamestate()
INFO - [G] 2026-09-13 19:15:56 :: DEBUG :: BB.ENDPOINTS :: Init gamestate()
INFO - [G] 2026-09-13 19:15:56 :: DEBUG :: BB.ENDPOINTS :: Return gamestate()
INFO - [G] 2026-09-13 19:15:56 :: DEBUG :: BB.RESPONSE :: gamestate OK (1ms)
INFO - [G] 2026-09-13 19:15:56 :: DEBUG :: BB.SERVER :: Client connected
INFO - [G] 2026-09-13 19:15:56 :: DEBUG :: BB.REQUEST :: select()
INFO - [G] 2026-09-13 19:15:56 :: DEBUG :: BB.ENDPOINTS :: Init select()
INFO - [G] 2026-09-13 19:15:56 :: DEBUG :: BB.ENDPOINTS :: Selecting Big (Big Blind), chips required: ?
INFO - [G] 2026-09-13 19:15:59 :: DEBUG :: BB.ENDPOINTS :: Return select()
INFO - [G] 2026-09-13 19:15:59 :: DEBUG :: BB.RESPONSE :: select OK (3144ms)
INFO - [G] 2026-09-13 19:15:59 :: DEBUG :: BB.SERVER :: Client connected
INFO - [G] 2026-09-13 19:15:59 :: DEBUG :: BB.REQUEST :: gamestate()
INFO - [G] 2026-09-13 19:15:59 :: DEBUG :: BB.ENDPOINTS :: Init gamestate()
INFO - [G] 2026-09-13 19:15:59 :: DEBUG :: BB.ENDPOINTS :: Return gamestate()
INFO - [G] 2026-09-13 19:15:59 :: DEBUG :: BB.RESPONSE :: gamestate OK (1ms)
INFO - [G] 2026-09-13 19:15:59 :: DEBUG :: BB.SERVER :: Client connected
INFO - [G] 2026-09-13 19:15:59 :: DEBUG :: BB.REQUEST :: gamestate()
INFO - [G] 2026-09-13 19:15:59 :: DEBUG :: BB.ENDPOINTS :: Init gamestate()
INFO - [G] 2026-09-13 19:15:59 :: DEBUG :: BB.ENDPOINTS :: Return gamestate()
INFO - [G] 2026-09-13 19:15:59 :: DEBUG :: BB.RESPONSE :: gamestate OK (1ms)
INFO - [G] 2026-09-13 19:15:59 :: DEBUG :: BB.SERVER :: Client connected
INFO - [G] 2026-09-13 19:15:59 :: DEBUG :: BB.REQUEST :: gamestate()
INFO - [G] 2026-09-13 19:15:59 :: DEBUG :: BB.ENDPOINTS :: Init gamestate()
INFO - [G] 2026-09-13 19:15:59 :: DEBUG :: BB.ENDPOINTS :: Return gamestate()
INFO - [G] 2026-09-13 19:15:59 :: DEBUG :: BB.RESPONSE :: gamestate OK (1ms)
INFO - [G] 2026-09-13 19:15:59 :: DEBUG :: BB.SERVER :: Client connected
INFO - [G] 2026-09-13 19:15:59 :: DEBUG :: BB.REQUEST :: play({cards=[2,3,4,5]})
INFO - [G] 2026-09-13 19:15:59 :: DEBUG :: BB.ENDPOINTS :: Init play()
INFO - [G] 2026-09-13 19:15:59 :: DEBUG :: BB.ENDPOINTS :: Playing 4 cards: 8♠, 8♦, 7♠, 7♥
INFO - [G] 2026-09-13 19:16:10 :: DEBUG :: BB.ENDPOINTS :: Return play() - same round
INFO - [G] 2026-09-13 19:16:10 :: DEBUG :: BB.RESPONSE :: play OK (10665ms)
INFO - [G] 2026-09-13 19:16:10 :: DEBUG :: BB.SERVER :: Client connected
INFO - [G] 2026-09-13 19:16:10 :: DEBUG :: BB.REQUEST :: gamestate()
INFO - [G] 2026-09-13 19:16:10 :: DEBUG :: BB.ENDPOINTS :: Init gamestate()
INFO - [G] 2026-09-13 19:16:10 :: DEBUG :: BB.ENDPOINTS :: Return gamestate()
INFO - [G] 2026-09-13 19:16:10 :: DEBUG :: BB.RESPONSE :: gamestate OK (1ms)
INFO - [G] 2026-09-13 19:16:10 :: DEBUG :: BB.SERVER :: Client connected
INFO - [G] 2026-09-13 19:16:10 :: DEBUG :: BB.REQUEST :: gamestate()
INFO - [G] 2026-09-13 19:16:10 :: DEBUG :: BB.ENDPOINTS :: Init gamestate()
INFO - [G] 2026-09-13 19:16:10 :: DEBUG :: BB.ENDPOINTS :: Return gamestate()
INFO - [G] 2026-09-13 19:16:10 :: DEBUG :: BB.RESPONSE :: gamestate OK (1ms)
INFO - [G] 2026-09-13 19:16:10 :: DEBUG :: BB.SERVER :: Client connected
INFO - [G] 2026-09-13 19:16:10 :: DEBUG :: BB.REQUEST :: gamestate()
INFO - [G] 2026-09-13 19:16:10 :: DEBUG :: BB.ENDPOINTS :: Init gamestate()
INFO - [G] 2026-09-13 19:16:10 :: DEBUG :: BB.ENDPOINTS :: Return gamestate()
INFO - [G] 2026-09-13 19:16:10 :: DEBUG :: BB.RESPONSE :: gamestate OK (1ms)
INFO - [G] 2026-09-13 19:16:10 :: DEBUG :: BB.SERVER :: Client connected
INFO - [G] 2026-09-13 19:16:10 :: DEBUG :: BB.REQUEST :: gamestate()
INFO - [G] 2026-09-13 19:16:10 :: DEBUG :: BB.ENDPOINTS :: Init gamestate()
INFO - [G] 2026-09-13 19:16:10 :: DEBUG :: BB.ENDPOINTS :: Return gamestate()
INFO - [G] 2026-09-13 19:16:10 :: DEBUG :: BB.RESPONSE :: gamestate OK (1ms)
INFO - [G] 2026-09-13 19:16:12 :: DEBUG :: BB.SERVER :: Client connected
INFO - [G] 2026-09-13 19:16:12 :: DEBUG :: BB.REQUEST :: gamestate()
INFO - [G] 2026-09-13 19:16:12 :: DEBUG :: BB.ENDPOINTS :: Init gamestate()
INFO - [G] 2026-09-13 19:16:12 :: DEBUG :: BB.ENDPOINTS :: Return gamestate()
INFO - [G] 2026-09-13 19:16:12 :: DEBUG :: BB.RESPONSE :: gamestate OK (1ms)
INFO - [G] 2026-09-13 19:16:12 :: DEBUG :: BB.SERVER :: Client connected
INFO - [G] 2026-09-13 19:16:12 :: DEBUG :: BB.REQUEST :: discard({cards=[0,4,5,6,7]})
INFO - [G] 2026-09-13 19:16:12 :: DEBUG :: BB.ENDPOINTS :: Init discard()
INFO - [G] 2026-09-13 19:16:12 :: DEBUG :: BB.ENDPOINTS :: Discarding 5 cards: A♣, J♣, 8♥, 6♠, 5♥ (3 discards left)
INFO - [G] 2026-09-13 19:16:14 :: DEBUG :: BB.ENDPOINTS :: Return discard()
INFO - [G] 2026-09-13 19:16:14 :: DEBUG :: BB.RESPONSE :: discard OK (1852ms)
INFO - [G] 2026-09-13 19:16:16 :: DEBUG :: BB.SERVER :: Client connected
INFO - [G] 2026-09-13 19:16:16 :: DEBUG :: BB.REQUEST :: gamestate()
INFO - [G] 2026-09-13 19:16:16 :: DEBUG :: BB.ENDPOINTS :: Init gamestate()
INFO - [G] 2026-09-13 19:16:16 :: DEBUG :: BB.ENDPOINTS :: Return gamestate()
INFO - [G] 2026-09-13 19:16:16 :: DEBUG :: BB.RESPONSE :: gamestate OK (1ms)
INFO - [G] 2026-09-13 19:16:16 :: DEBUG :: BB.SERVER :: Client connected
INFO - [G] 2026-09-13 19:16:16 :: DEBUG :: BB.REQUEST :: discard({cards=[0,4,5]})
INFO - [G] 2026-09-13 19:16:16 :: DEBUG :: BB.ENDPOINTS :: Init discard()
INFO - [G] 2026-09-13 19:16:16 :: DEBUG :: BB.ENDPOINTS :: Discarding 3 cards: A♥, 9♦, 3♣ (2 discards left)
INFO - [G] 2026-09-13 19:16:18 :: DEBUG :: BB.ENDPOINTS :: Return discard()
INFO - [G] 2026-09-13 19:16:18 :: DEBUG :: BB.RESPONSE :: discard OK (1290ms)
INFO - [G] 2026-09-13 19:16:20 :: DEBUG :: BB.SERVER :: Client connected
INFO - [G] 2026-09-13 19:16:20 :: DEBUG :: BB.REQUEST :: gamestate()
INFO - [G] 2026-09-13 19:16:20 :: DEBUG :: BB.ENDPOINTS :: Init gamestate()
INFO - [G] 2026-09-13 19:16:20 :: DEBUG :: BB.ENDPOINTS :: Return gamestate()
INFO - [G] 2026-09-13 19:16:20 :: DEBUG :: BB.RESPONSE :: gamestate OK (1ms)
INFO - [G] 2026-09-13 19:16:20 :: DEBUG :: BB.SERVER :: Client connected
INFO - [G] 2026-09-13 19:16:20 :: DEBUG :: BB.REQUEST :: discard({cards=[3,6,7]})
INFO - [G] 2026-09-13 19:16:20 :: DEBUG :: BB.ENDPOINTS :: Init discard()
INFO - [G] 2026-09-13 19:16:20 :: DEBUG :: BB.ENDPOINTS :: Discarding 3 cards: 10♥, 2♠, 2♦ (1 discards left)
INFO - [G] 2026-09-13 19:16:21 :: DEBUG :: BB.ENDPOINTS :: Return discard()
INFO - [G] 2026-09-13 19:16:21 :: DEBUG :: BB.RESPONSE :: discard OK (1291ms)
INFO - [G] 2026-09-13 19:16:23 :: DEBUG :: BB.SERVER :: Client connected
INFO - [G] 2026-09-13 19:16:23 :: DEBUG :: BB.REQUEST :: gamestate()
INFO - [G] 2026-09-13 19:16:23 :: DEBUG :: BB.ENDPOINTS :: Init gamestate()
INFO - [G] 2026-09-13 19:16:23 :: DEBUG :: BB.ENDPOINTS :: Return gamestate()
INFO - [G] 2026-09-13 19:16:23 :: DEBUG :: BB.RESPONSE :: gamestate OK (1ms)
INFO - [G] 2026-09-13 19:16:23 :: DEBUG :: BB.SERVER :: Client connected
INFO - [G] 2026-09-13 19:16:23 :: DEBUG :: BB.REQUEST :: discard({cards=[3,4,7]})
INFO - [G] 2026-09-13 19:16:23 :: DEBUG :: BB.ENDPOINTS :: Init discard()
INFO - [G] 2026-09-13 19:16:23 :: DEBUG :: BB.ENDPOINTS :: Discarding 3 cards: 6♥, 5♠, 3♦ (0 discards left)
INFO - [G] 2026-09-13 19:16:25 :: DEBUG :: BB.ENDPOINTS :: Return discard()
INFO - [G] 2026-09-13 19:16:25 :: DEBUG :: BB.RESPONSE :: discard OK (1296ms)
INFO - [G] 2026-09-13 19:16:27 :: DEBUG :: BB.SERVER :: Client connected
INFO - [G] 2026-09-13 19:16:27 :: DEBUG :: BB.REQUEST :: gamestate()
INFO - [G] 2026-09-13 19:16:27 :: DEBUG :: BB.ENDPOINTS :: Init gamestate()
INFO - [G] 2026-09-13 19:16:27 :: DEBUG :: BB.ENDPOINTS :: Return gamestate()
INFO - [G] 2026-09-13 19:16:27 :: DEBUG :: BB.RESPONSE :: gamestate OK (1ms)
INFO - [G] 2026-09-13 19:16:27 :: DEBUG :: BB.SERVER :: Client connected
INFO - [G] 2026-09-13 19:16:27 :: DEBUG :: BB.REQUEST :: play({cards=[0,1,2,5,6]})
INFO - [G] 2026-09-13 19:16:27 :: DEBUG :: BB.ENDPOINTS :: Init play()
INFO - [G] 2026-09-13 19:16:27 :: DEBUG :: BB.ENDPOINTS :: Playing 5 cards: Q♠, Q♣, Q♦, 4♠, 4♦
INFO - [G] 2026-09-13 19:16:39 :: DEBUG :: BB.ENDPOINTS :: Return play() - same round
INFO - [G] 2026-09-13 19:16:39 :: DEBUG :: BB.RESPONSE :: play OK (11830ms)
INFO - [G] 2026-09-13 19:16:41 :: DEBUG :: BB.SERVER :: Client connected
INFO - [G] 2026-09-13 19:16:41 :: DEBUG :: BB.REQUEST :: gamestate()
INFO - [G] 2026-09-13 19:16:41 :: DEBUG :: BB.ENDPOINTS :: Init gamestate()
INFO - [G] 2026-09-13 19:16:41 :: DEBUG :: BB.ENDPOINTS :: Return gamestate()
INFO - [G] 2026-09-13 19:16:41 :: DEBUG :: BB.RESPONSE :: gamestate OK (1ms)
INFO - [G] 2026-09-13 19:16:41 :: DEBUG :: BB.SERVER :: Client connected
INFO - [G] 2026-09-13 19:16:41 :: DEBUG :: BB.REQUEST :: play({cards=[4,5]})
INFO - [G] 2026-09-13 19:16:41 :: DEBUG :: BB.ENDPOINTS :: Init play()
INFO - [G] 2026-09-13 19:16:41 :: DEBUG :: BB.ENDPOINTS :: Playing 2 cards: 9♠, 9♣
INFO - [G] 2026-09-13 19:16:51 :: DEBUG :: BB.ENDPOINTS :: Return play() - cash out
INFO - [G] 2026-09-13 19:16:51 :: DEBUG :: BB.RESPONSE :: play OK (9991ms)
INFO - [G] 2026-09-13 19:16:53 :: DEBUG :: BB.SERVER :: Client connected
INFO - [G] 2026-09-13 19:16:53 :: DEBUG :: BB.REQUEST :: gamestate()
INFO - [G] 2026-09-13 19:16:53 :: DEBUG :: BB.ENDPOINTS :: Init gamestate()
INFO - [G] 2026-09-13 19:16:53 :: DEBUG :: BB.ENDPOINTS :: Return gamestate()
INFO - [G] 2026-09-13 19:16:53 :: DEBUG :: BB.RESPONSE :: gamestate OK (1ms)
INFO - [G] 2026-09-13 19:16:53 :: DEBUG :: BB.SERVER :: Client connected
INFO - [G] 2026-09-13 19:16:53 :: DEBUG :: BB.REQUEST :: cash_out()
INFO - [G] 2026-09-13 19:16:53 :: DEBUG :: BB.ENDPOINTS :: Init cash_out()
INFO - [G] 2026-09-13 19:16:59 :: DEBUG :: BB.ENDPOINTS :: Return cash_out() - reached SHOP state
INFO - [G] 2026-09-13 19:16:59 :: DEBUG :: BB.RESPONSE :: cash_out OK (6568ms)
INFO - [G] 2026-09-13 19:16:59 :: DEBUG :: BB.SERVER :: Client connected
INFO - [G] 2026-09-13 19:16:59 :: DEBUG :: BB.REQUEST :: gamestate()
INFO - [G] 2026-09-13 19:16:59 :: DEBUG :: BB.ENDPOINTS :: Init gamestate()
INFO - [G] 2026-09-13 19:16:59 :: DEBUG :: BB.ENDPOINTS :: Return gamestate()
INFO - [G] 2026-09-13 19:16:59 :: DEBUG :: BB.RESPONSE :: gamestate OK (2ms)
INFO - [G] 2026-09-13 19:16:59 :: DEBUG :: BB.SERVER :: Client connected
INFO - [G] 2026-09-13 19:16:59 :: DEBUG :: BB.REQUEST :: next_round()
INFO - [G] 2026-09-13 19:16:59 :: DEBUG :: BB.ENDPOINTS :: Init next_round()
INFO - [G] 2026-09-13 19:17:00 :: DEBUG :: BB.ENDPOINTS :: Return next_round() - reached BLIND_SELECT state
INFO - [G] 2026-09-13 19:17:00 :: DEBUG :: BB.RESPONSE :: next_round OK (837ms)
INFO - [G] 2026-09-13 19:17:00 :: DEBUG :: BB.SERVER :: Client connected
INFO - [G] 2026-09-13 19:17:00 :: DEBUG :: BB.REQUEST :: gamestate()
INFO - [G] 2026-09-13 19:17:00 :: DEBUG :: BB.ENDPOINTS :: Init gamestate()
INFO - [G] 2026-09-13 19:17:00 :: DEBUG :: BB.ENDPOINTS :: Return gamestate()
INFO - [G] 2026-09-13 19:17:00 :: DEBUG :: BB.RESPONSE :: gamestate OK (1ms)
INFO - [G] 2026-09-13 19:17:00 :: DEBUG :: BB.SERVER :: Client connected
INFO - [G] 2026-09-13 19:17:00 :: DEBUG :: BB.REQUEST :: select()
INFO - [G] 2026-09-13 19:17:00 :: DEBUG :: BB.ENDPOINTS :: Init select()
INFO - [G] 2026-09-13 19:17:00 :: DEBUG :: BB.ENDPOINTS :: Selecting Boss (The Pillar), chips required: ?
INFO - [G] 2026-09-13 19:17:03 :: DEBUG :: BB.ENDPOINTS :: Return select()
INFO - [G] 2026-09-13 19:17:03 :: DEBUG :: BB.RESPONSE :: select OK (3038ms)
INFO - [G] 2026-09-13 19:17:03 :: DEBUG :: BB.SERVER :: Client connected
INFO - [G] 2026-09-13 19:17:03 :: DEBUG :: BB.REQUEST :: gamestate()
INFO - [G] 2026-09-13 19:17:03 :: DEBUG :: BB.ENDPOINTS :: Init gamestate()
INFO - [G] 2026-09-13 19:17:03 :: DEBUG :: BB.ENDPOINTS :: Return gamestate()
INFO - [G] 2026-09-13 19:17:03 :: DEBUG :: BB.RESPONSE :: gamestate OK (1ms)
INFO - [G] 2026-09-13 19:17:03 :: DEBUG :: BB.SERVER :: Client connected
INFO - [G] 2026-09-13 19:17:03 :: DEBUG :: BB.REQUEST :: play({cards=[0]})
INFO - [G] 2026-09-13 19:17:03 :: DEBUG :: BB.ENDPOINTS :: Init play()
INFO - [G] 2026-09-13 19:17:03 :: DEBUG :: BB.ENDPOINTS :: Playing 1 cards: K♠
INFO - [G] 2026-09-13 19:17:09 :: DEBUG :: BB.ENDPOINTS :: Return play() - same round
INFO - [G] 2026-09-13 19:17:09 :: DEBUG :: BB.RESPONSE :: play OK (6059ms)
INFO - [G] 2026-09-13 19:17:12 :: DEBUG :: BB.SERVER :: Client connected
INFO - [G] 2026-09-13 19:17:12 :: DEBUG :: BB.REQUEST :: gamestate()
INFO - [G] 2026-09-13 19:17:12 :: DEBUG :: BB.ENDPOINTS :: Init gamestate()
INFO - [G] 2026-09-13 19:17:12 :: DEBUG :: BB.ENDPOINTS :: Return gamestate()
INFO - [G] 2026-09-13 19:17:12 :: DEBUG :: BB.RESPONSE :: gamestate OK (1ms)
INFO - [G] 2026-09-13 19:17:12 :: DEBUG :: BB.SERVER :: Client connected
INFO - [G] 2026-09-13 19:17:12 :: DEBUG :: BB.REQUEST :: play({cards=[0]})
INFO - [G] 2026-09-13 19:17:12 :: DEBUG :: BB.ENDPOINTS :: Init play()
INFO - [G] 2026-09-13 19:17:12 :: DEBUG :: BB.ENDPOINTS :: Playing 1 cards: Q♣
INFO - [G] 2026-09-13 19:17:18 :: DEBUG :: BB.ENDPOINTS :: Return play() - same round
INFO - [G] 2026-09-13 19:17:18 :: DEBUG :: BB.RESPONSE :: play OK (5907ms)
INFO - [G] 2026-09-13 19:17:20 :: DEBUG :: BB.SERVER :: Client connected
INFO - [G] 2026-09-13 19:17:20 :: DEBUG :: BB.REQUEST :: gamestate()
INFO - [G] 2026-09-13 19:17:20 :: DEBUG :: BB.ENDPOINTS :: Init gamestate()
INFO - [G] 2026-09-13 19:17:20 :: DEBUG :: BB.ENDPOINTS :: Return gamestate()
INFO - [G] 2026-09-13 19:17:20 :: DEBUG :: BB.RESPONSE :: gamestate OK (1ms)
INFO - [G] 2026-09-13 19:17:20 :: DEBUG :: BB.SERVER :: Client connected
INFO - [G] 2026-09-13 19:17:20 :: DEBUG :: BB.REQUEST :: discard({cards=[3,4,5,6,7]})
INFO - [G] 2026-09-13 19:17:20 :: DEBUG :: BB.ENDPOINTS :: Init discard()
INFO - [G] 2026-09-13 19:17:20 :: DEBUG :: BB.ENDPOINTS :: Discarding 5 cards: 7♣, 6♠, 5♣, 3♦, 2♠ (3 discards left)
INFO - [G] 2026-09-13 19:17:22 :: DEBUG :: BB.ENDPOINTS :: Return discard()
INFO - [G] 2026-09-13 19:17:22 :: DEBUG :: BB.RESPONSE :: discard OK (1781ms)
INFO - [G] 2026-09-13 19:17:24 :: DEBUG :: BB.SERVER :: Client connected
INFO - [G] 2026-09-13 19:17:24 :: DEBUG :: BB.REQUEST :: gamestate()
INFO - [G] 2026-09-13 19:17:24 :: DEBUG :: BB.ENDPOINTS :: Init gamestate()
INFO - [G] 2026-09-13 19:17:24 :: DEBUG :: BB.ENDPOINTS :: Return gamestate()
INFO - [G] 2026-09-13 19:17:24 :: DEBUG :: BB.RESPONSE :: gamestate OK (1ms)
INFO - [G] 2026-09-13 19:17:24 :: DEBUG :: BB.SERVER :: Client connected
INFO - [G] 2026-09-13 19:17:24 :: DEBUG :: BB.REQUEST :: play({cards=[2,3,4]})
INFO - [G] 2026-09-13 19:17:24 :: DEBUG :: BB.ENDPOINTS :: Init play()
INFO - [G] 2026-09-13 19:17:24 :: DEBUG :: BB.ENDPOINTS :: Playing 3 cards: 10♠, 10♥, 10♦
INFO - [G] 2026-09-13 19:17:32 :: DEBUG :: BB.ENDPOINTS :: Return play() - same round
INFO - [G] 2026-09-13 19:17:32 :: DEBUG :: BB.RESPONSE :: play OK (8604ms)
INFO - [G] 2026-09-13 19:17:32 :: DEBUG :: BB.SERVER :: Client connected
INFO - [G] 2026-09-13 19:17:32 :: DEBUG :: BB.REQUEST :: gamestate()
INFO - [G] 2026-09-13 19:17:32 :: DEBUG :: BB.ENDPOINTS :: Init gamestate()
INFO - [G] 2026-09-13 19:17:32 :: DEBUG :: BB.ENDPOINTS :: Return gamestate()
INFO - [G] 2026-09-13 19:17:32 :: DEBUG :: BB.RESPONSE :: gamestate OK (1ms)
INFO - [G] 2026-09-13 19:17:33 :: DEBUG :: BB.SERVER :: Client connected
INFO - [G] 2026-09-13 19:17:33 :: DEBUG :: BB.REQUEST :: gamestate()
INFO - [G] 2026-09-13 19:17:33 :: DEBUG :: BB.ENDPOINTS :: Init gamestate()
INFO - [G] 2026-09-13 19:17:33 :: DEBUG :: BB.ENDPOINTS :: Return gamestate()
INFO - [G] 2026-09-13 19:17:33 :: DEBUG :: BB.RESPONSE :: gamestate OK (1ms)
INFO - [G] 2026-09-13 19:17:33 :: DEBUG :: BB.SERVER :: Client connected
INFO - [G] 2026-09-13 19:17:33 :: DEBUG :: BB.REQUEST :: gamestate()
INFO - [G] 2026-09-13 19:17:33 :: DEBUG :: BB.ENDPOINTS :: Init gamestate()
INFO - [G] 2026-09-13 19:17:33 :: DEBUG :: BB.ENDPOINTS :: Return gamestate()
INFO - [G] 2026-09-13 19:17:33 :: DEBUG :: BB.RESPONSE :: gamestate OK (1ms)
INFO - [G] 2026-09-13 19:17:33 :: DEBUG :: BB.SERVER :: Client connected
INFO - [G] 2026-09-13 19:17:33 :: DEBUG :: BB.REQUEST :: gamestate()
INFO - [G] 2026-09-13 19:17:33 :: DEBUG :: BB.ENDPOINTS :: Init gamestate()
INFO - [G] 2026-09-13 19:17:33 :: DEBUG :: BB.ENDPOINTS :: Return gamestate()
INFO - [G] 2026-09-13 19:17:33 :: DEBUG :: BB.RESPONSE :: gamestate OK (1ms)
INFO - [G] 2026-09-13 19:17:34 :: DEBUG :: BB.SERVER :: Client connected
INFO - [G] 2026-09-13 19:17:34 :: DEBUG :: BB.REQUEST :: gamestate()
INFO - [G] 2026-09-13 19:17:34 :: DEBUG :: BB.ENDPOINTS :: Init gamestate()
INFO - [G] 2026-09-13 19:17:34 :: DEBUG :: BB.ENDPOINTS :: Return gamestate()
INFO - [G] 2026-09-13 19:17:34 :: DEBUG :: BB.RESPONSE :: gamestate OK (1ms)
INFO - [G] 2026-09-13 19:17:34 :: DEBUG :: BB.SERVER :: Client connected
INFO - [G] 2026-09-13 19:17:34 :: DEBUG :: BB.REQUEST :: gamestate()
INFO - [G] 2026-09-13 19:17:34 :: DEBUG :: BB.ENDPOINTS :: Init gamestate()
INFO - [G] 2026-09-13 19:17:34 :: DEBUG :: BB.ENDPOINTS :: Return gamestate()
INFO - [G] 2026-09-13 19:17:34 :: DEBUG :: BB.RESPONSE :: gamestate OK (1ms)
INFO - [G] 2026-09-13 19:17:34 :: DEBUG :: BB.SERVER :: Client connected
INFO - [G] 2026-09-13 19:17:34 :: DEBUG :: BB.REQUEST :: gamestate()
INFO - [G] 2026-09-13 19:17:34 :: DEBUG :: BB.ENDPOINTS :: Init gamestate()
INFO - [G] 2026-09-13 19:17:34 :: DEBUG :: BB.ENDPOINTS :: Return gamestate()
INFO - [G] 2026-09-13 19:17:34 :: DEBUG :: BB.RESPONSE :: gamestate OK (1ms)
INFO - [G] 2026-09-13 19:17:35 :: DEBUG :: BB.SERVER :: Client connected
INFO - [G] 2026-09-13 19:17:35 :: DEBUG :: BB.REQUEST :: discard({cards=[0,1,6,7]})
INFO - [G] 2026-09-13 19:17:35 :: DEBUG :: BB.ENDPOINTS :: Init discard()
INFO - [G] 2026-09-13 19:17:35 :: DEBUG :: BB.ENDPOINTS :: Discarding 4 cards: A♠, K♥, 4♦, 3♥ (2 discards left)
INFO - [G] 2026-09-13 19:17:36 :: DEBUG :: BB.ENDPOINTS :: Return discard()
INFO - [G] 2026-09-13 19:17:36 :: DEBUG :: BB.RESPONSE :: discard OK (1577ms)
INFO - [G] 2026-09-13 19:17:36 :: DEBUG :: BB.SERVER :: Client connected
INFO - [G] 2026-09-13 19:17:36 :: DEBUG :: BB.REQUEST :: gamestate()
INFO - [G] 2026-09-13 19:17:36 :: DEBUG :: BB.ENDPOINTS :: Init gamestate()
INFO - [G] 2026-09-13 19:17:36 :: DEBUG :: BB.ENDPOINTS :: Return gamestate()
INFO - [G] 2026-09-13 19:17:36 :: DEBUG :: BB.RESPONSE :: gamestate OK (1ms)
INFO - [G] 2026-09-13 19:17:36 :: DEBUG :: BB.SERVER :: Client connected
INFO - [G] 2026-09-13 19:17:36 :: DEBUG :: BB.REQUEST :: gamestate()
INFO - [G] 2026-09-13 19:17:36 :: DEBUG :: BB.ENDPOINTS :: Init gamestate()
INFO - [G] 2026-09-13 19:17:36 :: DEBUG :: BB.ENDPOINTS :: Return gamestate()
INFO - [G] 2026-09-13 19:17:36 :: DEBUG :: BB.RESPONSE :: gamestate OK (1ms)
INFO - [G] 2026-09-13 19:17:36 :: DEBUG :: BB.SERVER :: Client connected
INFO - [G] 2026-09-13 19:17:36 :: DEBUG :: BB.REQUEST :: gamestate()
INFO - [G] 2026-09-13 19:17:36 :: DEBUG :: BB.ENDPOINTS :: Init gamestate()
INFO - [G] 2026-09-13 19:17:36 :: DEBUG :: BB.ENDPOINTS :: Return gamestate()
INFO - [G] 2026-09-13 19:17:36 :: DEBUG :: BB.RESPONSE :: gamestate OK (1ms)
INFO - [G] 2026-09-13 19:17:36 :: DEBUG :: BB.SERVER :: Client connected
INFO - [G] 2026-09-13 19:17:36 :: DEBUG :: BB.REQUEST :: gamestate()
INFO - [G] 2026-09-13 19:17:36 :: DEBUG :: BB.ENDPOINTS :: Init gamestate()
INFO - [G] 2026-09-13 19:17:36 :: DEBUG :: BB.ENDPOINTS :: Return gamestate()
INFO - [G] 2026-09-13 19:17:36 :: DEBUG :: BB.RESPONSE :: gamestate OK (1ms)
INFO - [G] 2026-09-13 19:17:36 :: DEBUG :: BB.SERVER :: Client connected
INFO - [G] 2026-09-13 19:17:36 :: DEBUG :: BB.REQUEST :: gamestate()
INFO - [G] 2026-09-13 19:17:36 :: DEBUG :: BB.ENDPOINTS :: Init gamestate()
INFO - [G] 2026-09-13 19:17:36 :: DEBUG :: BB.ENDPOINTS :: Return gamestate()
INFO - [G] 2026-09-13 19:17:36 :: DEBUG :: BB.RESPONSE :: gamestate OK (1ms)
INFO - [G] 2026-09-13 19:17:36 :: DEBUG :: BB.SERVER :: Client connected
INFO - [G] 2026-09-13 19:17:36 :: DEBUG :: BB.REQUEST :: gamestate()
INFO - [G] 2026-09-13 19:17:36 :: DEBUG :: BB.ENDPOINTS :: Init gamestate()
INFO - [G] 2026-09-13 19:17:36 :: DEBUG :: BB.ENDPOINTS :: Return gamestate()
INFO - [G] 2026-09-13 19:17:36 :: DEBUG :: BB.RESPONSE :: gamestate OK (1ms)
INFO - [G] 2026-09-13 19:17:38 :: DEBUG :: BB.SERVER :: Client connected
INFO - [G] 2026-09-13 19:17:38 :: DEBUG :: BB.REQUEST :: gamestate()
INFO - [G] 2026-09-13 19:17:38 :: DEBUG :: BB.ENDPOINTS :: Init gamestate()
INFO - [G] 2026-09-13 19:17:38 :: DEBUG :: BB.ENDPOINTS :: Return gamestate()
INFO - [G] 2026-09-13 19:17:38 :: DEBUG :: BB.RESPONSE :: gamestate OK (1ms)
INFO - [G] 2026-09-13 19:17:38 :: DEBUG :: BB.SERVER :: Client connected
INFO - [G] 2026-09-13 19:17:38 :: DEBUG :: BB.REQUEST :: gamestate()
INFO - [G] 2026-09-13 19:17:38 :: DEBUG :: BB.ENDPOINTS :: Init gamestate()
INFO - [G] 2026-09-13 19:17:38 :: DEBUG :: BB.ENDPOINTS :: Return gamestate()
INFO - [G] 2026-09-13 19:17:38 :: DEBUG :: BB.RESPONSE :: gamestate OK (1ms)
INFO - [G] 2026-09-13 19:17:38 :: DEBUG :: BB.SERVER :: Client connected
INFO - [G] 2026-09-13 19:17:38 :: DEBUG :: BB.REQUEST :: gamestate()
INFO - [G] 2026-09-13 19:17:38 :: DEBUG :: BB.ENDPOINTS :: Init gamestate()
INFO - [G] 2026-09-13 19:17:38 :: DEBUG :: BB.ENDPOINTS :: Return gamestate()
INFO - [G] 2026-09-13 19:17:38 :: DEBUG :: BB.RESPONSE :: gamestate OK (1ms)
INFO - [G] 2026-09-13 19:17:38 :: DEBUG :: BB.SERVER :: Client connected
INFO - [G] 2026-09-13 19:17:38 :: DEBUG :: BB.REQUEST :: discard({cards=[0,4,5]})
INFO - [G] 2026-09-13 19:17:38 :: DEBUG :: BB.ENDPOINTS :: Init discard()
INFO - [G] 2026-09-13 19:17:38 :: DEBUG :: BB.ENDPOINTS :: Discarding 3 cards: Q♥, 8♣, 7♠ (1 discards left)
INFO - [G] 2026-09-13 19:17:40 :: DEBUG :: BB.ENDPOINTS :: Return discard()
INFO - [G] 2026-09-13 19:17:40 :: DEBUG :: BB.RESPONSE :: discard OK (1321ms)
INFO - [G] 2026-09-13 19:17:42 :: DEBUG :: BB.SERVER :: Client connected
INFO - [G] 2026-09-13 19:17:42 :: DEBUG :: BB.REQUEST :: gamestate()
INFO - [G] 2026-09-13 19:17:42 :: DEBUG :: BB.ENDPOINTS :: Init gamestate()
INFO - [G] 2026-09-13 19:17:42 :: DEBUG :: BB.ENDPOINTS :: Return gamestate()
INFO - [G] 2026-09-13 19:17:42 :: DEBUG :: BB.RESPONSE :: gamestate OK (1ms)
INFO - [G] 2026-09-13 19:17:42 :: DEBUG :: BB.SERVER :: Client connected
INFO - [G] 2026-09-13 19:17:42 :: DEBUG :: BB.REQUEST :: play({cards=[0,1,2,3,4]})
INFO - [G] 2026-09-13 19:17:42 :: DEBUG :: BB.ENDPOINTS :: Init play()
INFO - [G] 2026-09-13 19:17:42 :: DEBUG :: BB.ENDPOINTS :: Playing 5 cards: 9♠, 9♣, 9♦, 5♥, 5♦
INFO - [G] 2026-09-13 19:17:53 :: DEBUG :: BB.RESPONSE :: play OK (11167ms)
INFO - [G] 2026-09-13 19:17:55 :: DEBUG :: BB.SERVER :: Client connected
INFO - [G] 2026-09-13 19:17:55 :: DEBUG :: BB.REQUEST :: gamestate()
INFO - [G] 2026-09-13 19:17:55 :: DEBUG :: BB.ENDPOINTS :: Init gamestate()
INFO - [G] 2026-09-13 19:17:55 :: DEBUG :: BB.ENDPOINTS :: Return gamestate()
INFO - [G] 2026-09-13 19:17:55 :: DEBUG :: BB.RESPONSE :: gamestate OK (1ms)
INFO - [G] 2026-09-13 19:19:52 :: DEBUG :: BB.SERVER :: Client connected
INFO - [G] 2026-09-13 19:19:52 :: DEBUG :: BB.REQUEST :: health()
INFO - [G] 2026-09-13 19:19:52 :: DEBUG :: BB.ENDPOINTS :: Init health()
INFO - [G] 2026-09-13 19:19:52 :: DEBUG :: BB.ENDPOINTS :: Return health()
INFO - [G] 2026-09-13 19:19:52 :: DEBUG :: BB.RESPONSE :: health OK (0ms)
INFO - [G] 2026-09-13 19:19:53 :: DEBUG :: BB.SERVER :: Client connected
INFO - [G] 2026-09-13 19:19:53 :: DEBUG :: BB.REQUEST :: menu()
INFO - [G] 2026-09-13 19:19:53 :: DEBUG :: BB.ENDPOINTS :: Init menu()
INFO - [G] 2026-09-13 19:19:57 :: DEBUG :: BB.ENDPOINTS :: Return menu()
INFO - [G] 2026-09-13 19:19:57 :: DEBUG :: BB.RESPONSE :: menu OK (4030ms)
INFO - [G] 2026-09-13 19:19:57 :: DEBUG :: BB.SERVER :: Client connected
INFO - [G] 2026-09-13 19:19:57 :: DEBUG :: BB.REQUEST :: start({deck="RED", stake="WHITE"})
INFO - [G] 2026-09-13 19:19:57 :: DEBUG :: BB.ENDPOINTS :: Init start()
INFO - [G] 2026-09-13 19:19:57 :: DEBUG :: BB.ENDPOINTS :: Setting deck to: Red Deck (from enum: RED)
INFO - [G] 2026-09-13 19:19:57 :: DEBUG :: BB.ENDPOINTS :: Starting run with stake=1 (WHITE), seed=none
INFO - [G] 2026-09-13 19:20:00 :: DEBUG :: BB.ENDPOINTS :: Return start()
INFO - [G] 2026-09-13 19:20:00 :: DEBUG :: BB.RESPONSE :: start OK (3142ms)
INFO - [G] 2026-09-13 19:20:00 :: DEBUG :: BB.SERVER :: Client connected
INFO - [G] 2026-09-13 19:20:00 :: DEBUG :: BB.REQUEST :: gamestate()
INFO - [G] 2026-09-13 19:20:00 :: DEBUG :: BB.ENDPOINTS :: Init gamestate()
INFO - [G] 2026-09-13 19:20:00 :: DEBUG :: BB.ENDPOINTS :: Return gamestate()
INFO - [G] 2026-09-13 19:20:00 :: DEBUG :: BB.RESPONSE :: gamestate OK (1ms)
INFO - [G] 2026-09-13 19:20:00 :: DEBUG :: BB.SERVER :: Client connected
INFO - [G] 2026-09-13 19:20:00 :: DEBUG :: BB.REQUEST :: select()
INFO - [G] 2026-09-13 19:20:00 :: DEBUG :: BB.ENDPOINTS :: Init select()
INFO - [G] 2026-09-13 19:20:00 :: DEBUG :: BB.ENDPOINTS :: Selecting Small (Small Blind), chips required: ?
INFO - [G] 2026-09-13 19:20:04 :: DEBUG :: BB.ENDPOINTS :: Return select()
INFO - [G] 2026-09-13 19:20:04 :: DEBUG :: BB.RESPONSE :: select OK (3291ms)
INFO - [G] 2026-09-13 19:20:04 :: DEBUG :: BB.SERVER :: Client connected
INFO - [G] 2026-09-13 19:20:04 :: DEBUG :: BB.REQUEST :: gamestate()
INFO - [G] 2026-09-13 19:20:04 :: DEBUG :: BB.ENDPOINTS :: Init gamestate()
INFO - [G] 2026-09-13 19:20:04 :: DEBUG :: BB.ENDPOINTS :: Return gamestate()
INFO - [G] 2026-09-13 19:20:04 :: DEBUG :: BB.RESPONSE :: gamestate OK (1ms)
INFO - [G] 2026-09-13 19:20:04 :: DEBUG :: BB.SERVER :: Client connected
INFO - [G] 2026-09-13 19:20:04 :: DEBUG :: BB.REQUEST :: discard({cards=[3,4,5,6,7]})
INFO - [G] 2026-09-13 19:20:04 :: DEBUG :: BB.ENDPOINTS :: Init discard()
INFO - [G] 2026-09-13 19:20:04 :: DEBUG :: BB.ENDPOINTS :: Discarding 5 cards: 9♦, 8♠, 7♥, 3♥, 2♥ (3 discards left)
INFO - [G] 2026-09-13 19:20:06 :: DEBUG :: BB.ENDPOINTS :: Return discard()
INFO - [G] 2026-09-13 19:20:06 :: DEBUG :: BB.RESPONSE :: discard OK (2052ms)
INFO - [G] 2026-09-13 19:20:09 :: DEBUG :: BB.SERVER :: Client connected
INFO - [G] 2026-09-13 19:20:09 :: DEBUG :: BB.REQUEST :: gamestate()
INFO - [G] 2026-09-13 19:20:09 :: DEBUG :: BB.ENDPOINTS :: Init gamestate()
INFO - [G] 2026-09-13 19:20:09 :: DEBUG :: BB.ENDPOINTS :: Return gamestate()
INFO - [G] 2026-09-13 19:20:09 :: DEBUG :: BB.RESPONSE :: gamestate OK (1ms)
INFO - [G] 2026-09-13 19:20:09 :: DEBUG :: BB.SERVER :: Client connected
INFO - [G] 2026-09-13 19:20:09 :: DEBUG :: BB.REQUEST :: play({cards=[0,1,2,3,4]})
INFO - [G] 2026-09-13 19:20:09 :: DEBUG :: BB.ENDPOINTS :: Init play()
INFO - [G] 2026-09-13 19:20:09 :: DEBUG :: BB.ENDPOINTS :: Playing 5 cards: A♠, A♥, A♦, J♠, J♣
INFO - [G] 2026-09-13 19:20:28 :: DEBUG :: BB.ENDPOINTS :: Return play() - cash out
INFO - [G] 2026-09-13 19:20:28 :: DEBUG :: BB.RESPONSE :: play OK (19301ms)
INFO - [G] 2026-09-13 19:20:31 :: DEBUG :: BB.SERVER :: Client connected
INFO - [G] 2026-09-13 19:20:31 :: DEBUG :: BB.REQUEST :: gamestate()
INFO - [G] 2026-09-13 19:20:31 :: DEBUG :: BB.ENDPOINTS :: Init gamestate()
INFO - [G] 2026-09-13 19:20:31 :: DEBUG :: BB.ENDPOINTS :: Return gamestate()
INFO - [G] 2026-09-13 19:20:31 :: DEBUG :: BB.RESPONSE :: gamestate OK (1ms)
INFO - [G] 2026-09-13 19:20:31 :: DEBUG :: BB.SERVER :: Client connected
INFO - [G] 2026-09-13 19:20:31 :: DEBUG :: BB.REQUEST :: cash_out()
INFO - [G] 2026-09-13 19:20:31 :: DEBUG :: BB.ENDPOINTS :: Init cash_out()
INFO - [G] 2026-09-13 19:20:32 :: DEBUG :: BB.ENDPOINTS :: Return cash_out() - reached SHOP state
INFO - [G] 2026-09-13 19:20:32 :: DEBUG :: BB.RESPONSE :: cash_out OK (1832ms)
INFO - [G] 2026-09-13 19:20:32 :: DEBUG :: BB.SERVER :: Client connected
INFO - [G] 2026-09-13 19:20:32 :: DEBUG :: BB.REQUEST :: gamestate()
INFO - [G] 2026-09-13 19:20:32 :: DEBUG :: BB.ENDPOINTS :: Init gamestate()
INFO - [G] 2026-09-13 19:20:32 :: DEBUG :: BB.ENDPOINTS :: Return gamestate()
INFO - [G] 2026-09-13 19:20:32 :: DEBUG :: BB.RESPONSE :: gamestate OK (1ms)
INFO - [G] 2026-09-13 19:20:32 :: DEBUG :: BB.SERVER :: Client connected
INFO - [G] 2026-09-13 19:20:32 :: DEBUG :: BB.REQUEST :: next_round()
INFO - [G] 2026-09-13 19:20:32 :: DEBUG :: BB.ENDPOINTS :: Init next_round()
INFO - [G] 2026-09-13 19:20:33 :: DEBUG :: BB.ENDPOINTS :: Return next_round() - reached BLIND_SELECT state
INFO - [G] 2026-09-13 19:20:33 :: DEBUG :: BB.RESPONSE :: next_round OK (857ms)
INFO - [G] 2026-09-13 19:20:33 :: DEBUG :: BB.SERVER :: Client connected
INFO - [G] 2026-09-13 19:20:33 :: DEBUG :: BB.REQUEST :: gamestate()
INFO - [G] 2026-09-13 19:20:33 :: DEBUG :: BB.ENDPOINTS :: Init gamestate()
INFO - [G] 2026-09-13 19:20:33 :: DEBUG :: BB.ENDPOINTS :: Return gamestate()
INFO - [G] 2026-09-13 19:20:33 :: DEBUG :: BB.RESPONSE :: gamestate OK (1ms)
INFO - [G] 2026-09-13 19:20:33 :: DEBUG :: BB.SERVER :: Client connected
INFO - [G] 2026-09-13 19:20:33 :: DEBUG :: BB.REQUEST :: select()
INFO - [G] 2026-09-13 19:20:33 :: DEBUG :: BB.ENDPOINTS :: Init select()
INFO - [G] 2026-09-13 19:20:33 :: DEBUG :: BB.ENDPOINTS :: Selecting Big (Big Blind), chips required: ?
INFO - [G] 2026-09-13 19:20:37 :: DEBUG :: BB.ENDPOINTS :: Return select()
INFO - [G] 2026-09-13 19:20:37 :: DEBUG :: BB.RESPONSE :: select OK (3260ms)
INFO - [G] 2026-09-13 19:20:37 :: DEBUG :: BB.SERVER :: Client connected
INFO - [G] 2026-09-13 19:20:37 :: DEBUG :: BB.REQUEST :: gamestate()
INFO - [G] 2026-09-13 19:20:37 :: DEBUG :: BB.ENDPOINTS :: Init gamestate()
INFO - [G] 2026-09-13 19:20:37 :: DEBUG :: BB.ENDPOINTS :: Return gamestate()
INFO - [G] 2026-09-13 19:20:37 :: DEBUG :: BB.RESPONSE :: gamestate OK (1ms)
INFO - [G] 2026-09-13 19:20:37 :: DEBUG :: BB.SERVER :: Client connected
INFO - [G] 2026-09-13 19:20:37 :: DEBUG :: BB.REQUEST :: play({cards=[2,3,4,5]})
INFO - [G] 2026-09-13 19:20:37 :: DEBUG :: BB.ENDPOINTS :: Init play()
INFO - [G] 2026-09-13 19:20:37 :: DEBUG :: BB.ENDPOINTS :: Playing 4 cards: 8♠, 8♦, 7♠, 7♥
INFO - [G] 2026-09-13 19:20:48 :: DEBUG :: BB.ENDPOINTS :: Return play() - same round
INFO - [G] 2026-09-13 19:20:48 :: DEBUG :: BB.RESPONSE :: play OK (11112ms)
INFO - [G] 2026-09-13 19:20:50 :: DEBUG :: BB.SERVER :: Client connected
INFO - [G] 2026-09-13 19:20:50 :: DEBUG :: BB.REQUEST :: gamestate()
INFO - [G] 2026-09-13 19:20:50 :: DEBUG :: BB.ENDPOINTS :: Init gamestate()
INFO - [G] 2026-09-13 19:20:50 :: DEBUG :: BB.ENDPOINTS :: Return gamestate()
INFO - [G] 2026-09-13 19:20:50 :: DEBUG :: BB.RESPONSE :: gamestate OK (1ms)
INFO - [G] 2026-09-13 19:20:51 :: DEBUG :: BB.SERVER :: Client connected
INFO - [G] 2026-09-13 19:20:51 :: DEBUG :: BB.REQUEST :: discard({cards=[0,4,5,6,7]})
INFO - [G] 2026-09-13 19:20:51 :: DEBUG :: BB.ENDPOINTS :: Init discard()
INFO - [G] 2026-09-13 19:20:51 :: DEBUG :: BB.ENDPOINTS :: Discarding 5 cards: A♣, J♣, 8♥, 6♠, 5♥ (3 discards left)
INFO - [G] 2026-09-13 19:20:52 :: DEBUG :: BB.ENDPOINTS :: Return discard()
INFO - [G] 2026-09-13 19:20:52 :: DEBUG :: BB.RESPONSE :: discard OK (1870ms)
INFO - [G] 2026-09-13 19:20:55 :: DEBUG :: BB.SERVER :: Client connected
INFO - [G] 2026-09-13 19:20:55 :: DEBUG :: BB.REQUEST :: gamestate()
INFO - [G] 2026-09-13 19:20:55 :: DEBUG :: BB.ENDPOINTS :: Init gamestate()
INFO - [G] 2026-09-13 19:20:55 :: DEBUG :: BB.ENDPOINTS :: Return gamestate()
INFO - [G] 2026-09-13 19:20:55 :: DEBUG :: BB.RESPONSE :: gamestate OK (1ms)
INFO - [G] 2026-09-13 19:20:55 :: DEBUG :: BB.SERVER :: Client connected
INFO - [G] 2026-09-13 19:20:55 :: DEBUG :: BB.REQUEST :: discard({cards=[0,4,5]})
INFO - [G] 2026-09-13 19:20:55 :: DEBUG :: BB.ENDPOINTS :: Init discard()
INFO - [G] 2026-09-13 19:20:55 :: DEBUG :: BB.ENDPOINTS :: Discarding 3 cards: A♥, 9♦, 3♣ (2 discards left)
INFO - [G] 2026-09-13 19:20:56 :: DEBUG :: BB.ENDPOINTS :: Return discard()
INFO - [G] 2026-09-13 19:20:56 :: DEBUG :: BB.RESPONSE :: discard OK (1343ms)
INFO - [G] 2026-09-13 19:20:59 :: DEBUG :: BB.SERVER :: Client connected
INFO - [G] 2026-09-13 19:20:59 :: DEBUG :: BB.REQUEST :: gamestate()
INFO - [G] 2026-09-13 19:20:59 :: DEBUG :: BB.ENDPOINTS :: Init gamestate()
INFO - [G] 2026-09-13 19:20:59 :: DEBUG :: BB.ENDPOINTS :: Return gamestate()
INFO - [G] 2026-09-13 19:20:59 :: DEBUG :: BB.RESPONSE :: gamestate OK (1ms)
INFO - [G] 2026-09-13 19:20:59 :: DEBUG :: BB.SERVER :: Client connected
INFO - [G] 2026-09-13 19:20:59 :: DEBUG :: BB.REQUEST :: discard({cards=[3,6,7]})
INFO - [G] 2026-09-13 19:20:59 :: DEBUG :: BB.ENDPOINTS :: Init discard()
INFO - [G] 2026-09-13 19:20:59 :: DEBUG :: BB.ENDPOINTS :: Discarding 3 cards: 10♥, 2♠, 2♦ (1 discards left)
INFO - [G] 2026-09-13 19:21:01 :: DEBUG :: BB.ENDPOINTS :: Return discard()
INFO - [G] 2026-09-13 19:21:01 :: DEBUG :: BB.RESPONSE :: discard OK (1340ms)
INFO - [G] 2026-09-13 19:21:03 :: DEBUG :: BB.SERVER :: Client connected
INFO - [G] 2026-09-13 19:21:03 :: DEBUG :: BB.REQUEST :: gamestate()
INFO - [G] 2026-09-13 19:21:03 :: DEBUG :: BB.ENDPOINTS :: Init gamestate()
INFO - [G] 2026-09-13 19:21:03 :: DEBUG :: BB.ENDPOINTS :: Return gamestate()
INFO - [G] 2026-09-13 19:21:03 :: DEBUG :: BB.RESPONSE :: gamestate OK (1ms)
INFO - [G] 2026-09-13 19:21:03 :: DEBUG :: BB.SERVER :: Client connected
INFO - [G] 2026-09-13 19:21:03 :: DEBUG :: BB.REQUEST :: discard({cards=[3,4,7]})
INFO - [G] 2026-09-13 19:21:03 :: DEBUG :: BB.ENDPOINTS :: Init discard()
INFO - [G] 2026-09-13 19:21:03 :: DEBUG :: BB.ENDPOINTS :: Discarding 3 cards: 6♥, 5♠, 3♦ (0 discards left)
INFO - [G] 2026-09-13 19:21:05 :: DEBUG :: BB.ENDPOINTS :: Return discard()
INFO - [G] 2026-09-13 19:21:05 :: DEBUG :: BB.RESPONSE :: discard OK (1359ms)
INFO - [G] 2026-09-13 19:21:07 :: DEBUG :: BB.SERVER :: Client connected
INFO - [G] 2026-09-13 19:21:07 :: DEBUG :: BB.REQUEST :: gamestate()
INFO - [G] 2026-09-13 19:21:07 :: DEBUG :: BB.ENDPOINTS :: Init gamestate()
INFO - [G] 2026-09-13 19:21:07 :: DEBUG :: BB.ENDPOINTS :: Return gamestate()
INFO - [G] 2026-09-13 19:21:07 :: DEBUG :: BB.RESPONSE :: gamestate OK (1ms)
INFO - [G] 2026-09-13 19:21:07 :: DEBUG :: BB.SERVER :: Client connected
INFO - [G] 2026-09-13 19:21:07 :: DEBUG :: BB.REQUEST :: play({cards=[0,1,2,5,6]})
INFO - [G] 2026-09-13 19:21:07 :: DEBUG :: BB.ENDPOINTS :: Init play()
INFO - [G] 2026-09-13 19:21:07 :: DEBUG :: BB.ENDPOINTS :: Playing 5 cards: Q♠, Q♣, Q♦, 4♠, 4♦
INFO - [G] 2026-09-13 19:21:20 :: DEBUG :: BB.ENDPOINTS :: Return play() - same round
INFO - [G] 2026-09-13 19:21:20 :: DEBUG :: BB.RESPONSE :: play OK (12240ms)
INFO - [G] 2026-09-13 19:21:22 :: DEBUG :: BB.SERVER :: Client connected
INFO - [G] 2026-09-13 19:21:22 :: DEBUG :: BB.REQUEST :: gamestate()
INFO - [G] 2026-09-13 19:21:22 :: DEBUG :: BB.ENDPOINTS :: Init gamestate()
INFO - [G] 2026-09-13 19:21:22 :: DEBUG :: BB.ENDPOINTS :: Return gamestate()
INFO - [G] 2026-09-13 19:21:22 :: DEBUG :: BB.RESPONSE :: gamestate OK (1ms)
INFO - [G] 2026-09-13 19:21:22 :: DEBUG :: BB.SERVER :: Client connected
INFO - [G] 2026-09-13 19:21:22 :: DEBUG :: BB.REQUEST :: play({cards=[4,5]})
INFO - [G] 2026-09-13 19:21:22 :: DEBUG :: BB.ENDPOINTS :: Init play()
INFO - [G] 2026-09-13 19:21:22 :: DEBUG :: BB.ENDPOINTS :: Playing 2 cards: 9♠, 9♣
INFO - [G] 2026-09-13 19:21:33 :: DEBUG :: BB.ENDPOINTS :: Return play() - cash out
INFO - [G] 2026-09-13 19:21:33 :: DEBUG :: BB.RESPONSE :: play OK (10333ms)
INFO - [G] 2026-09-13 19:21:35 :: DEBUG :: BB.SERVER :: Client connected
INFO - [G] 2026-09-13 19:21:35 :: DEBUG :: BB.REQUEST :: gamestate()
INFO - [G] 2026-09-13 19:21:35 :: DEBUG :: BB.ENDPOINTS :: Init gamestate()
INFO - [G] 2026-09-13 19:21:35 :: DEBUG :: BB.ENDPOINTS :: Return gamestate()
INFO - [G] 2026-09-13 19:21:35 :: DEBUG :: BB.RESPONSE :: gamestate OK (1ms)
INFO - [G] 2026-09-13 19:21:35 :: DEBUG :: BB.SERVER :: Client connected
INFO - [G] 2026-09-13 19:21:35 :: DEBUG :: BB.REQUEST :: cash_out()
INFO - [G] 2026-09-13 19:21:35 :: DEBUG :: BB.ENDPOINTS :: Init cash_out()
INFO - [G] 2026-09-13 19:21:41 :: DEBUG :: BB.ENDPOINTS :: Return cash_out() - reached SHOP state
INFO - [G] 2026-09-13 19:21:41 :: DEBUG :: BB.RESPONSE :: cash_out OK (6414ms)
INFO - [G] 2026-09-13 19:21:41 :: DEBUG :: BB.SERVER :: Client connected
INFO - [G] 2026-09-13 19:21:41 :: DEBUG :: BB.REQUEST :: gamestate()
INFO - [G] 2026-09-13 19:21:41 :: DEBUG :: BB.ENDPOINTS :: Init gamestate()
INFO - [G] 2026-09-13 19:21:41 :: DEBUG :: BB.ENDPOINTS :: Return gamestate()
INFO - [G] 2026-09-13 19:21:41 :: DEBUG :: BB.RESPONSE :: gamestate OK (2ms)
INFO - [G] 2026-09-13 19:21:42 :: DEBUG :: BB.SERVER :: Client connected
INFO - [G] 2026-09-13 19:21:42 :: DEBUG :: BB.REQUEST :: next_round()
INFO - [G] 2026-09-13 19:21:42 :: DEBUG :: BB.ENDPOINTS :: Init next_round()
INFO - [G] 2026-09-13 19:21:42 :: DEBUG :: BB.ENDPOINTS :: Return next_round() - reached BLIND_SELECT state
INFO - [G] 2026-09-13 19:21:42 :: DEBUG :: BB.RESPONSE :: next_round OK (853ms)
INFO - [G] 2026-09-13 19:21:42 :: DEBUG :: BB.SERVER :: Client connected
INFO - [G] 2026-09-13 19:21:42 :: DEBUG :: BB.REQUEST :: gamestate()
INFO - [G] 2026-09-13 19:21:42 :: DEBUG :: BB.ENDPOINTS :: Init gamestate()
INFO - [G] 2026-09-13 19:21:42 :: DEBUG :: BB.ENDPOINTS :: Return gamestate()
INFO - [G] 2026-09-13 19:21:42 :: DEBUG :: BB.RESPONSE :: gamestate OK (1ms)
INFO - [G] 2026-09-13 19:21:42 :: DEBUG :: BB.SERVER :: Client connected
INFO - [G] 2026-09-13 19:21:42 :: DEBUG :: BB.REQUEST :: select()
INFO - [G] 2026-09-13 19:21:42 :: DEBUG :: BB.ENDPOINTS :: Init select()
INFO - [G] 2026-09-13 19:21:42 :: DEBUG :: BB.ENDPOINTS :: Selecting Boss (The Pillar), chips required: ?
INFO - [G] 2026-09-13 19:21:46 :: DEBUG :: BB.ENDPOINTS :: Return select()
INFO - [G] 2026-09-13 19:21:46 :: DEBUG :: BB.RESPONSE :: select OK (3173ms)
INFO - [G] 2026-09-13 19:21:46 :: DEBUG :: BB.SERVER :: Client connected
INFO - [G] 2026-09-13 19:21:46 :: DEBUG :: BB.REQUEST :: gamestate()
INFO - [G] 2026-09-13 19:21:46 :: DEBUG :: BB.ENDPOINTS :: Init gamestate()
INFO - [G] 2026-09-13 19:21:46 :: DEBUG :: BB.ENDPOINTS :: Return gamestate()
INFO - [G] 2026-09-13 19:21:46 :: DEBUG :: BB.RESPONSE :: gamestate OK (1ms)
INFO - [G] 2026-09-13 19:21:46 :: DEBUG :: BB.SERVER :: Client connected
INFO - [G] 2026-09-13 19:21:46 :: DEBUG :: BB.REQUEST :: play({cards=[0]})
INFO - [G] 2026-09-13 19:21:46 :: DEBUG :: BB.ENDPOINTS :: Init play()
INFO - [G] 2026-09-13 19:21:46 :: DEBUG :: BB.ENDPOINTS :: Playing 1 cards: K♠
INFO - [G] 2026-09-13 19:21:52 :: DEBUG :: BB.ENDPOINTS :: Return play() - same round
INFO - [G] 2026-09-13 19:21:52 :: DEBUG :: BB.RESPONSE :: play OK (6373ms)
INFO - [G] 2026-09-13 19:21:55 :: DEBUG :: BB.SERVER :: Client connected
INFO - [G] 2026-09-13 19:21:55 :: DEBUG :: BB.REQUEST :: gamestate()
INFO - [G] 2026-09-13 19:21:55 :: DEBUG :: BB.ENDPOINTS :: Init gamestate()
INFO - [G] 2026-09-13 19:21:55 :: DEBUG :: BB.ENDPOINTS :: Return gamestate()
INFO - [G] 2026-09-13 19:21:55 :: DEBUG :: BB.RESPONSE :: gamestate OK (1ms)
INFO - [G] 2026-09-13 19:21:55 :: DEBUG :: BB.SERVER :: Client connected
INFO - [G] 2026-09-13 19:21:55 :: DEBUG :: BB.REQUEST :: play({cards=[0]})
INFO - [G] 2026-09-13 19:21:55 :: DEBUG :: BB.ENDPOINTS :: Init play()
INFO - [G] 2026-09-13 19:21:55 :: DEBUG :: BB.ENDPOINTS :: Playing 1 cards: Q♣
INFO - [G] 2026-09-13 19:22:01 :: DEBUG :: BB.ENDPOINTS :: Return play() - same round
INFO - [G] 2026-09-13 19:22:01 :: DEBUG :: BB.RESPONSE :: play OK (6074ms)
INFO - [G] 2026-09-13 19:22:03 :: DEBUG :: BB.SERVER :: Client connected
INFO - [G] 2026-09-13 19:22:03 :: DEBUG :: BB.REQUEST :: gamestate()
INFO - [G] 2026-09-13 19:22:03 :: DEBUG :: BB.ENDPOINTS :: Init gamestate()
INFO - [G] 2026-09-13 19:22:03 :: DEBUG :: BB.ENDPOINTS :: Return gamestate()
INFO - [G] 2026-09-13 19:22:03 :: DEBUG :: BB.RESPONSE :: gamestate OK (1ms)
INFO - [G] 2026-09-13 19:22:04 :: DEBUG :: BB.SERVER :: Client connected
INFO - [G] 2026-09-13 19:22:04 :: DEBUG :: BB.REQUEST :: discard({cards=[3,4,5,6,7]})
INFO - [G] 2026-09-13 19:22:04 :: DEBUG :: BB.ENDPOINTS :: Init discard()
INFO - [G] 2026-09-13 19:22:04 :: DEBUG :: BB.ENDPOINTS :: Discarding 5 cards: 7♣, 6♠, 5♣, 3♦, 2♠ (3 discards left)
INFO - [G] 2026-09-13 19:22:05 :: DEBUG :: BB.ENDPOINTS :: Return discard()
INFO - [G] 2026-09-13 19:22:05 :: DEBUG :: BB.RESPONSE :: discard OK (1850ms)
INFO - [G] 2026-09-13 19:22:08 :: DEBUG :: BB.SERVER :: Client connected
INFO - [G] 2026-09-13 19:22:08 :: DEBUG :: BB.REQUEST :: gamestate()
INFO - [G] 2026-09-13 19:22:08 :: DEBUG :: BB.ENDPOINTS :: Init gamestate()
INFO - [G] 2026-09-13 19:22:08 :: DEBUG :: BB.ENDPOINTS :: Return gamestate()
INFO - [G] 2026-09-13 19:22:08 :: DEBUG :: BB.RESPONSE :: gamestate OK (1ms)
INFO - [G] 2026-09-13 19:22:08 :: DEBUG :: BB.SERVER :: Client connected
INFO - [G] 2026-09-13 19:22:08 :: DEBUG :: BB.REQUEST :: play({cards=[2,3,4]})
INFO - [G] 2026-09-13 19:22:08 :: DEBUG :: BB.ENDPOINTS :: Init play()
INFO - [G] 2026-09-13 19:22:08 :: DEBUG :: BB.ENDPOINTS :: Playing 3 cards: 10♠, 10♥, 10♦
INFO - [G] 2026-09-13 19:22:17 :: DEBUG :: BB.ENDPOINTS :: Return play() - same round
INFO - [G] 2026-09-13 19:22:17 :: DEBUG :: BB.RESPONSE :: play OK (9022ms)
INFO - [G] 2026-09-13 19:22:20 :: DEBUG :: BB.SERVER :: Client connected
INFO - [G] 2026-09-13 19:22:20 :: DEBUG :: BB.REQUEST :: gamestate()
INFO - [G] 2026-09-13 19:22:20 :: DEBUG :: BB.ENDPOINTS :: Init gamestate()
INFO - [G] 2026-09-13 19:22:20 :: DEBUG :: BB.ENDPOINTS :: Return gamestate()
INFO - [G] 2026-09-13 19:22:20 :: DEBUG :: BB.RESPONSE :: gamestate OK (1ms)
INFO - [G] 2026-09-13 19:22:20 :: DEBUG :: BB.SERVER :: Client connected
INFO - [G] 2026-09-13 19:22:20 :: DEBUG :: BB.REQUEST :: discard({cards=[0,1,6,7]})
INFO - [G] 2026-09-13 19:22:20 :: DEBUG :: BB.ENDPOINTS :: Init discard()
INFO - [G] 2026-09-13 19:22:20 :: DEBUG :: BB.ENDPOINTS :: Discarding 4 cards: A♠, K♥, 4♦, 3♥ (2 discards left)
INFO - [G] 2026-09-13 19:22:22 :: DEBUG :: BB.ENDPOINTS :: Return discard()
INFO - [G] 2026-09-13 19:22:22 :: DEBUG :: BB.RESPONSE :: discard OK (1578ms)
INFO - [G] 2026-09-13 19:22:24 :: DEBUG :: BB.SERVER :: Client connected
INFO - [G] 2026-09-13 19:22:24 :: DEBUG :: BB.REQUEST :: gamestate()
INFO - [G] 2026-09-13 19:22:24 :: DEBUG :: BB.ENDPOINTS :: Init gamestate()
INFO - [G] 2026-09-13 19:22:24 :: DEBUG :: BB.ENDPOINTS :: Return gamestate()
INFO - [G] 2026-09-13 19:22:24 :: DEBUG :: BB.RESPONSE :: gamestate OK (1ms)
INFO - [G] 2026-09-13 19:22:24 :: DEBUG :: BB.SERVER :: Client connected
INFO - [G] 2026-09-13 19:22:24 :: DEBUG :: BB.REQUEST :: discard({cards=[0,4,5]})
INFO - [G] 2026-09-13 19:22:24 :: DEBUG :: BB.ENDPOINTS :: Init discard()
INFO - [G] 2026-09-13 19:22:24 :: DEBUG :: BB.ENDPOINTS :: Discarding 3 cards: Q♥, 8♣, 7♠ (1 discards left)
INFO - [G] 2026-09-13 19:22:26 :: DEBUG :: BB.ENDPOINTS :: Return discard()
INFO - [G] 2026-09-13 19:22:26 :: DEBUG :: BB.RESPONSE :: discard OK (1321ms)
INFO - [G] 2026-09-13 19:22:28 :: DEBUG :: BB.SERVER :: Client connected
INFO - [G] 2026-09-13 19:22:28 :: DEBUG :: BB.REQUEST :: gamestate()
INFO - [G] 2026-09-13 19:22:28 :: DEBUG :: BB.ENDPOINTS :: Init gamestate()
INFO - [G] 2026-09-13 19:22:28 :: DEBUG :: BB.ENDPOINTS :: Return gamestate()
INFO - [G] 2026-09-13 19:22:28 :: DEBUG :: BB.RESPONSE :: gamestate OK (1ms)
INFO - [G] 2026-09-13 19:22:28 :: DEBUG :: BB.SERVER :: Client connected
INFO - [G] 2026-09-13 19:22:28 :: DEBUG :: BB.REQUEST :: play({cards=[0,1,2,3,4]})
INFO - [G] 2026-09-13 19:22:28 :: DEBUG :: BB.ENDPOINTS :: Init play()
INFO - [G] 2026-09-13 19:22:28 :: DEBUG :: BB.ENDPOINTS :: Playing 5 cards: 9♠, 9♣, 9♦, 5♥, 5♦
INFO - [G] 2026-09-13 19:22:39 :: DEBUG :: BB.RESPONSE :: play OK (11201ms)
INFO - [G] 2026-09-13 19:22:42 :: DEBUG :: BB.SERVER :: Client connected
INFO - [G] 2026-09-13 19:22:42 :: DEBUG :: BB.REQUEST :: gamestate()
INFO - [G] 2026-09-13 19:22:42 :: DEBUG :: BB.ENDPOINTS :: Init gamestate()
INFO - [G] 2026-09-13 19:22:42 :: DEBUG :: BB.ENDPOINTS :: Return gamestate()
INFO - [G] 2026-09-13 19:22:42 :: DEBUG :: BB.RESPONSE :: gamestate OK (1ms)
INFO - [G] 2026-09-13 19:23:36 :: DEBUG :: BB.SERVER :: Client connected
INFO - [G] 2026-09-13 19:23:36 :: DEBUG :: BB.REQUEST :: health()
INFO - [G] 2026-09-13 19:23:36 :: DEBUG :: BB.ENDPOINTS :: Init health()
INFO - [G] 2026-09-13 19:23:36 :: DEBUG :: BB.ENDPOINTS :: Return health()
INFO - [G] 2026-09-13 19:23:36 :: DEBUG :: BB.RESPONSE :: health OK (0ms)
INFO - [G] 2026-09-13 19:23:38 :: DEBUG :: BB.SERVER :: Client connected
INFO - [G] 2026-09-13 19:23:38 :: DEBUG :: BB.REQUEST :: menu()
INFO - [G] 2026-09-13 19:23:38 :: DEBUG :: BB.ENDPOINTS :: Init menu()
INFO - [G] 2026-09-13 19:23:42 :: DEBUG :: BB.ENDPOINTS :: Return menu()
INFO - [G] 2026-09-13 19:23:42 :: DEBUG :: BB.RESPONSE :: menu OK (3994ms)
INFO - [G] 2026-09-13 19:23:42 :: DEBUG :: BB.SERVER :: Client connected
INFO - [G] 2026-09-13 19:23:42 :: DEBUG :: BB.REQUEST :: start({deck="RED", stake="WHITE"})
INFO - [G] 2026-09-13 19:23:42 :: DEBUG :: BB.ENDPOINTS :: Init start()
INFO - [G] 2026-09-13 19:23:42 :: DEBUG :: BB.ENDPOINTS :: Setting deck to: Red Deck (from enum: RED)
INFO - [G] 2026-09-13 19:23:42 :: DEBUG :: BB.ENDPOINTS :: Starting run with stake=1 (WHITE), seed=none
INFO - [G] 2026-09-13 19:23:45 :: DEBUG :: BB.ENDPOINTS :: Return start()
INFO - [G] 2026-09-13 19:23:45 :: DEBUG :: BB.RESPONSE :: start OK (3189ms)
INFO - [G] 2026-09-13 19:23:45 :: DEBUG :: BB.SERVER :: Client connected
INFO - [G] 2026-09-13 19:23:45 :: DEBUG :: BB.REQUEST :: gamestate()
INFO - [G] 2026-09-13 19:23:45 :: DEBUG :: BB.ENDPOINTS :: Init gamestate()
INFO - [G] 2026-09-13 19:23:45 :: DEBUG :: BB.ENDPOINTS :: Return gamestate()
INFO - [G] 2026-09-13 19:23:45 :: DEBUG :: BB.RESPONSE :: gamestate OK (1ms)
INFO - [G] 2026-09-13 19:23:45 :: DEBUG :: BB.SERVER :: Client connected
INFO - [G] 2026-09-13 19:23:45 :: DEBUG :: BB.REQUEST :: select()
INFO - [G] 2026-09-13 19:23:45 :: DEBUG :: BB.ENDPOINTS :: Init select()
INFO - [G] 2026-09-13 19:23:45 :: DEBUG :: BB.ENDPOINTS :: Selecting Small (Small Blind), chips required: ?
INFO - [G] 2026-09-13 19:23:48 :: DEBUG :: BB.ENDPOINTS :: Return select()
INFO - [G] 2026-09-13 19:23:48 :: DEBUG :: BB.RESPONSE :: select OK (3304ms)
INFO - [G] 2026-09-13 19:23:48 :: DEBUG :: BB.SERVER :: Client connected
INFO - [G] 2026-09-13 19:23:48 :: DEBUG :: BB.REQUEST :: gamestate()
INFO - [G] 2026-09-13 19:23:48 :: DEBUG :: BB.ENDPOINTS :: Init gamestate()
INFO - [G] 2026-09-13 19:23:48 :: DEBUG :: BB.ENDPOINTS :: Return gamestate()
INFO - [G] 2026-09-13 19:23:48 :: DEBUG :: BB.RESPONSE :: gamestate OK (1ms)
INFO - [G] 2026-09-13 19:23:49 :: DEBUG :: BB.SERVER :: Client connected
INFO - [G] 2026-09-13 19:23:49 :: DEBUG :: BB.REQUEST :: discard({cards=[3,4,5,6,7]})
INFO - [G] 2026-09-13 19:23:49 :: DEBUG :: BB.ENDPOINTS :: Init discard()
INFO - [G] 2026-09-13 19:23:49 :: DEBUG :: BB.ENDPOINTS :: Discarding 5 cards: 9♦, 8♠, 7♥, 3♥, 2♥ (3 discards left)
INFO - [G] 2026-09-13 19:23:51 :: DEBUG :: BB.ENDPOINTS :: Return discard()
INFO - [G] 2026-09-13 19:23:51 :: DEBUG :: BB.RESPONSE :: discard OK (2054ms)
INFO - [G] 2026-09-13 19:23:54 :: DEBUG :: BB.SERVER :: Client connected
INFO - [G] 2026-09-13 19:23:54 :: DEBUG :: BB.REQUEST :: gamestate()
INFO - [G] 2026-09-13 19:23:54 :: DEBUG :: BB.ENDPOINTS :: Init gamestate()
INFO - [G] 2026-09-13 19:23:54 :: DEBUG :: BB.ENDPOINTS :: Return gamestate()
INFO - [G] 2026-09-13 19:23:54 :: DEBUG :: BB.RESPONSE :: gamestate OK (1ms)
INFO - [G] 2026-09-13 19:23:54 :: DEBUG :: BB.SERVER :: Client connected
INFO - [G] 2026-09-13 19:23:54 :: DEBUG :: BB.REQUEST :: play({cards=[0,1,2,3,4]})
INFO - [G] 2026-09-13 19:23:54 :: DEBUG :: BB.ENDPOINTS :: Init play()
INFO - [G] 2026-09-13 19:23:54 :: DEBUG :: BB.ENDPOINTS :: Playing 5 cards: A♠, A♥, A♦, J♠, J♣
INFO - [G] 2026-09-13 19:24:13 :: DEBUG :: BB.ENDPOINTS :: Return play() - cash out
INFO - [G] 2026-09-13 19:24:13 :: DEBUG :: BB.RESPONSE :: play OK (19334ms)
INFO - [G] 2026-09-13 19:24:16 :: DEBUG :: BB.SERVER :: Client connected
INFO - [G] 2026-09-13 19:24:16 :: DEBUG :: BB.REQUEST :: gamestate()
INFO - [G] 2026-09-13 19:24:16 :: DEBUG :: BB.ENDPOINTS :: Init gamestate()
INFO - [G] 2026-09-13 19:24:16 :: DEBUG :: BB.ENDPOINTS :: Return gamestate()
INFO - [G] 2026-09-13 19:24:16 :: DEBUG :: BB.RESPONSE :: gamestate OK (1ms)
INFO - [G] 2026-09-13 19:24:16 :: DEBUG :: BB.SERVER :: Client connected
INFO - [G] 2026-09-13 19:24:16 :: DEBUG :: BB.REQUEST :: cash_out()
INFO - [G] 2026-09-13 19:24:16 :: DEBUG :: BB.ENDPOINTS :: Init cash_out()
INFO - [G] 2026-09-13 19:24:18 :: DEBUG :: BB.ENDPOINTS :: Return cash_out() - reached SHOP state
INFO - [G] 2026-09-13 19:24:18 :: DEBUG :: BB.RESPONSE :: cash_out OK (1828ms)
INFO - [G] 2026-09-13 19:24:18 :: DEBUG :: BB.SERVER :: Client connected
INFO - [G] 2026-09-13 19:24:18 :: DEBUG :: BB.REQUEST :: gamestate()
INFO - [G] 2026-09-13 19:24:18 :: DEBUG :: BB.ENDPOINTS :: Init gamestate()
INFO - [G] 2026-09-13 19:24:18 :: DEBUG :: BB.ENDPOINTS :: Return gamestate()
INFO - [G] 2026-09-13 19:24:18 :: DEBUG :: BB.RESPONSE :: gamestate OK (1ms)
INFO - [G] 2026-09-13 19:24:18 :: DEBUG :: BB.SERVER :: Client connected
INFO - [G] 2026-09-13 19:24:18 :: DEBUG :: BB.REQUEST :: next_round()
INFO - [G] 2026-09-13 19:24:18 :: DEBUG :: BB.ENDPOINTS :: Init next_round()
INFO - [G] 2026-09-13 19:24:19 :: DEBUG :: BB.ENDPOINTS :: Return next_round() - reached BLIND_SELECT state
INFO - [G] 2026-09-13 19:24:19 :: DEBUG :: BB.RESPONSE :: next_round OK (870ms)
INFO - [G] 2026-09-13 19:24:19 :: DEBUG :: BB.SERVER :: Client connected
INFO - [G] 2026-09-13 19:24:19 :: DEBUG :: BB.REQUEST :: gamestate()
INFO - [G] 2026-09-13 19:24:19 :: DEBUG :: BB.ENDPOINTS :: Init gamestate()
INFO - [G] 2026-09-13 19:24:19 :: DEBUG :: BB.ENDPOINTS :: Return gamestate()
INFO - [G] 2026-09-13 19:24:19 :: DEBUG :: BB.RESPONSE :: gamestate OK (1ms)
INFO - [G] 2026-09-13 19:24:19 :: DEBUG :: BB.SERVER :: Client connected
INFO - [G] 2026-09-13 19:24:19 :: DEBUG :: BB.REQUEST :: select()
INFO - [G] 2026-09-13 19:24:19 :: DEBUG :: BB.ENDPOINTS :: Init select()
INFO - [G] 2026-09-13 19:24:19 :: DEBUG :: BB.ENDPOINTS :: Selecting Big (Big Blind), chips required: ?
INFO - [G] 2026-09-13 19:24:22 :: DEBUG :: BB.ENDPOINTS :: Return select()
INFO - [G] 2026-09-13 19:24:22 :: DEBUG :: BB.RESPONSE :: select OK (3280ms)
INFO - [G] 2026-09-13 19:24:22 :: DEBUG :: BB.SERVER :: Client connected
INFO - [G] 2026-09-13 19:24:22 :: DEBUG :: BB.REQUEST :: gamestate()
INFO - [G] 2026-09-13 19:24:22 :: DEBUG :: BB.ENDPOINTS :: Init gamestate()
INFO - [G] 2026-09-13 19:24:22 :: DEBUG :: BB.ENDPOINTS :: Return gamestate()
INFO - [G] 2026-09-13 19:24:22 :: DEBUG :: BB.RESPONSE :: gamestate OK (1ms)
INFO - [G] 2026-09-13 19:24:22 :: DEBUG :: BB.SERVER :: Client connected
INFO - [G] 2026-09-13 19:24:22 :: DEBUG :: BB.REQUEST :: play({cards=[2,3,4,5]})
INFO - [G] 2026-09-13 19:24:22 :: DEBUG :: BB.ENDPOINTS :: Init play()
INFO - [G] 2026-09-13 19:24:22 :: DEBUG :: BB.ENDPOINTS :: Playing 4 cards: 8♠, 8♦, 7♠, 7♥
INFO - [G] 2026-09-13 19:24:34 :: DEBUG :: BB.ENDPOINTS :: Return play() - same round
INFO - [G] 2026-09-13 19:24:34 :: DEBUG :: BB.RESPONSE :: play OK (11148ms)
INFO - [G] 2026-09-13 19:24:37 :: DEBUG :: BB.SERVER :: Client connected
INFO - [G] 2026-09-13 19:24:37 :: DEBUG :: BB.REQUEST :: gamestate()
INFO - [G] 2026-09-13 19:24:37 :: DEBUG :: BB.ENDPOINTS :: Init gamestate()
INFO - [G] 2026-09-13 19:24:37 :: DEBUG :: BB.ENDPOINTS :: Return gamestate()
INFO - [G] 2026-09-13 19:24:37 :: DEBUG :: BB.RESPONSE :: gamestate OK (1ms)
INFO - [G] 2026-09-13 19:24:37 :: DEBUG :: BB.SERVER :: Client connected
INFO - [G] 2026-09-13 19:24:37 :: DEBUG :: BB.REQUEST :: discard({cards=[0,4,5,6,7]})
INFO - [G] 2026-09-13 19:24:37 :: DEBUG :: BB.ENDPOINTS :: Init discard()
INFO - [G] 2026-09-13 19:24:37 :: DEBUG :: BB.ENDPOINTS :: Discarding 5 cards: A♣, J♣, 8♥, 6♠, 5♥ (3 discards left)
INFO - [G] 2026-09-13 19:24:39 :: DEBUG :: BB.ENDPOINTS :: Return discard()
INFO - [G] 2026-09-13 19:24:39 :: DEBUG :: BB.RESPONSE :: discard OK (1881ms)
INFO - [G] 2026-09-13 19:24:42 :: DEBUG :: BB.SERVER :: Client connected
INFO - [G] 2026-09-13 19:24:42 :: DEBUG :: BB.REQUEST :: gamestate()
INFO - [G] 2026-09-13 19:24:42 :: DEBUG :: BB.ENDPOINTS :: Init gamestate()
INFO - [G] 2026-09-13 19:24:42 :: DEBUG :: BB.ENDPOINTS :: Return gamestate()
INFO - [G] 2026-09-13 19:24:42 :: DEBUG :: BB.RESPONSE :: gamestate OK (1ms)
INFO - [G] 2026-09-13 19:24:42 :: DEBUG :: BB.SERVER :: Client connected
INFO - [G] 2026-09-13 19:24:42 :: DEBUG :: BB.REQUEST :: discard({cards=[0,4,5]})
INFO - [G] 2026-09-13 19:24:42 :: DEBUG :: BB.ENDPOINTS :: Init discard()
INFO - [G] 2026-09-13 19:24:42 :: DEBUG :: BB.ENDPOINTS :: Discarding 3 cards: A♥, 9♦, 3♣ (2 discards left)
INFO - [G] 2026-09-13 19:24:43 :: DEBUG :: BB.ENDPOINTS :: Return discard()
INFO - [G] 2026-09-13 19:24:43 :: DEBUG :: BB.RESPONSE :: discard OK (1357ms)
INFO - [G] 2026-09-13 19:24:46 :: DEBUG :: BB.SERVER :: Client connected
INFO - [G] 2026-09-13 19:24:46 :: DEBUG :: BB.REQUEST :: gamestate()
INFO - [G] 2026-09-13 19:24:46 :: DEBUG :: BB.ENDPOINTS :: Init gamestate()
INFO - [G] 2026-09-13 19:24:46 :: DEBUG :: BB.ENDPOINTS :: Return gamestate()
INFO - [G] 2026-09-13 19:24:46 :: DEBUG :: BB.RESPONSE :: gamestate OK (1ms)
INFO - [G] 2026-09-13 19:24:46 :: DEBUG :: BB.SERVER :: Client connected
INFO - [G] 2026-09-13 19:24:46 :: DEBUG :: BB.REQUEST :: discard({cards=[3,6,7]})
INFO - [G] 2026-09-13 19:24:46 :: DEBUG :: BB.ENDPOINTS :: Init discard()
INFO - [G] 2026-09-13 19:24:46 :: DEBUG :: BB.ENDPOINTS :: Discarding 3 cards: 10♥, 2♠, 2♦ (1 discards left)
INFO - [G] 2026-09-13 19:24:48 :: DEBUG :: BB.ENDPOINTS :: Return discard()
INFO - [G] 2026-09-13 19:24:48 :: DEBUG :: BB.RESPONSE :: discard OK (1342ms)
INFO - [G] 2026-09-13 19:24:51 :: DEBUG :: BB.SERVER :: Client connected
INFO - [G] 2026-09-13 19:24:51 :: DEBUG :: BB.REQUEST :: gamestate()
INFO - [G] 2026-09-13 19:24:51 :: DEBUG :: BB.ENDPOINTS :: Init gamestate()
INFO - [G] 2026-09-13 19:24:51 :: DEBUG :: BB.ENDPOINTS :: Return gamestate()
INFO - [G] 2026-09-13 19:24:51 :: DEBUG :: BB.RESPONSE :: gamestate OK (1ms)
INFO - [G] 2026-09-13 19:24:51 :: DEBUG :: BB.SERVER :: Client connected
INFO - [G] 2026-09-13 19:24:51 :: DEBUG :: BB.REQUEST :: discard({cards=[3,4,7]})
INFO - [G] 2026-09-13 19:24:51 :: DEBUG :: BB.ENDPOINTS :: Init discard()
INFO - [G] 2026-09-13 19:24:51 :: DEBUG :: BB.ENDPOINTS :: Discarding 3 cards: 6♥, 5♠, 3♦ (0 discards left)
INFO - [G] 2026-09-13 19:24:52 :: DEBUG :: BB.ENDPOINTS :: Return discard()
INFO - [G] 2026-09-13 19:24:52 :: DEBUG :: BB.RESPONSE :: discard OK (1350ms)
INFO - [G] 2026-09-13 19:24:55 :: DEBUG :: BB.SERVER :: Client connected
INFO - [G] 2026-09-13 19:24:55 :: DEBUG :: BB.REQUEST :: gamestate()
INFO - [G] 2026-09-13 19:24:55 :: DEBUG :: BB.ENDPOINTS :: Init gamestate()
INFO - [G] 2026-09-13 19:24:55 :: DEBUG :: BB.ENDPOINTS :: Return gamestate()
INFO - [G] 2026-09-13 19:24:55 :: DEBUG :: BB.RESPONSE :: gamestate OK (1ms)
INFO - [G] 2026-09-13 19:24:56 :: DEBUG :: BB.SERVER :: Client connected
INFO - [G] 2026-09-13 19:24:56 :: DEBUG :: BB.REQUEST :: play({cards=[0,1,2,5,6]})
INFO - [G] 2026-09-13 19:24:56 :: DEBUG :: BB.ENDPOINTS :: Init play()
INFO - [G] 2026-09-13 19:24:56 :: DEBUG :: BB.ENDPOINTS :: Playing 5 cards: Q♠, Q♣, Q♦, 4♠, 4♦
INFO - [G] 2026-09-13 19:25:08 :: DEBUG :: BB.ENDPOINTS :: Return play() - same round
INFO - [G] 2026-09-13 19:25:08 :: DEBUG :: BB.RESPONSE :: play OK (12298ms)
INFO - [G] 2026-09-13 19:25:10 :: DEBUG :: BB.SERVER :: Client connected
INFO - [G] 2026-09-13 19:25:10 :: DEBUG :: BB.REQUEST :: gamestate()
INFO - [G] 2026-09-13 19:25:10 :: DEBUG :: BB.ENDPOINTS :: Init gamestate()
INFO - [G] 2026-09-13 19:25:10 :: DEBUG :: BB.ENDPOINTS :: Return gamestate()
INFO - [G] 2026-09-13 19:25:10 :: DEBUG :: BB.RESPONSE :: gamestate OK (1ms)
INFO - [G] 2026-09-13 19:25:11 :: DEBUG :: BB.SERVER :: Client connected
INFO - [G] 2026-09-13 19:25:11 :: DEBUG :: BB.REQUEST :: gamestate()
INFO - [G] 2026-09-13 19:25:11 :: DEBUG :: BB.ENDPOINTS :: Init gamestate()
INFO - [G] 2026-09-13 19:25:11 :: DEBUG :: BB.ENDPOINTS :: Return gamestate()
INFO - [G] 2026-09-13 19:25:11 :: DEBUG :: BB.RESPONSE :: gamestate OK (1ms)
INFO - [G] 2026-09-13 19:25:11 :: DEBUG :: BB.SERVER :: Client connected
INFO - [G] 2026-09-13 19:25:11 :: DEBUG :: BB.REQUEST :: play({cards=[4,5]})
INFO - [G] 2026-09-13 19:25:11 :: DEBUG :: BB.ENDPOINTS :: Init play()
INFO - [G] 2026-09-13 19:25:11 :: DEBUG :: BB.ENDPOINTS :: Playing 2 cards: 9♠, 9♣
INFO - [G] 2026-09-13 19:25:21 :: DEBUG :: BB.ENDPOINTS :: Return play() - cash out
INFO - [G] 2026-09-13 19:25:21 :: DEBUG :: BB.RESPONSE :: play OK (10362ms)
INFO - [G] 2026-09-13 19:25:24 :: DEBUG :: BB.SERVER :: Client connected
INFO - [G] 2026-09-13 19:25:24 :: DEBUG :: BB.REQUEST :: gamestate()
INFO - [G] 2026-09-13 19:25:24 :: DEBUG :: BB.ENDPOINTS :: Init gamestate()
INFO - [G] 2026-09-13 19:25:24 :: DEBUG :: BB.ENDPOINTS :: Return gamestate()
INFO - [G] 2026-09-13 19:25:24 :: DEBUG :: BB.RESPONSE :: gamestate OK (1ms)
INFO - [G] 2026-09-13 19:25:24 :: DEBUG :: BB.SERVER :: Client connected
INFO - [G] 2026-09-13 19:25:24 :: DEBUG :: BB.REQUEST :: cash_out()
INFO - [G] 2026-09-13 19:25:24 :: DEBUG :: BB.ENDPOINTS :: Init cash_out()
INFO - [G] 2026-09-13 19:25:30 :: DEBUG :: BB.ENDPOINTS :: Return cash_out() - reached SHOP state
INFO - [G] 2026-09-13 19:25:30 :: DEBUG :: BB.RESPONSE :: cash_out OK (5900ms)
INFO - [G] 2026-09-13 19:25:30 :: DEBUG :: BB.SERVER :: Client connected
INFO - [G] 2026-09-13 19:25:30 :: DEBUG :: BB.REQUEST :: gamestate()
INFO - [G] 2026-09-13 19:25:30 :: DEBUG :: BB.ENDPOINTS :: Init gamestate()
INFO - [G] 2026-09-13 19:25:30 :: DEBUG :: BB.ENDPOINTS :: Return gamestate()
INFO - [G] 2026-09-13 19:25:30 :: DEBUG :: BB.RESPONSE :: gamestate OK (2ms)
INFO - [G] 2026-09-13 19:25:30 :: DEBUG :: BB.SERVER :: Client connected
INFO - [G] 2026-09-13 19:25:30 :: DEBUG :: BB.REQUEST :: next_round()
INFO - [G] 2026-09-13 19:25:30 :: DEBUG :: BB.ENDPOINTS :: Init next_round()
INFO - [G] 2026-09-13 19:25:31 :: DEBUG :: BB.ENDPOINTS :: Return next_round() - reached BLIND_SELECT state
INFO - [G] 2026-09-13 19:25:31 :: DEBUG :: BB.RESPONSE :: next_round OK (870ms)
INFO - [G] 2026-09-13 19:25:31 :: DEBUG :: BB.SERVER :: Client connected
INFO - [G] 2026-09-13 19:25:31 :: DEBUG :: BB.REQUEST :: gamestate()
INFO - [G] 2026-09-13 19:25:31 :: DEBUG :: BB.ENDPOINTS :: Init gamestate()
INFO - [G] 2026-09-13 19:25:31 :: DEBUG :: BB.ENDPOINTS :: Return gamestate()
INFO - [G] 2026-09-13 19:25:31 :: DEBUG :: BB.RESPONSE :: gamestate OK (1ms)
INFO - [G] 2026-09-13 19:25:31 :: DEBUG :: BB.SERVER :: Client connected
INFO - [G] 2026-09-13 19:25:31 :: DEBUG :: BB.REQUEST :: select()
INFO - [G] 2026-09-13 19:25:31 :: DEBUG :: BB.ENDPOINTS :: Init select()
INFO - [G] 2026-09-13 19:25:31 :: DEBUG :: BB.ENDPOINTS :: Selecting Boss (The Pillar), chips required: ?
INFO - [G] 2026-09-13 19:25:34 :: DEBUG :: BB.ENDPOINTS :: Return select()
INFO - [G] 2026-09-13 19:25:34 :: DEBUG :: BB.RESPONSE :: select OK (3137ms)
INFO - [G] 2026-09-13 19:25:34 :: DEBUG :: BB.SERVER :: Client connected
INFO - [G] 2026-09-13 19:25:34 :: DEBUG :: BB.REQUEST :: gamestate()
INFO - [G] 2026-09-13 19:25:34 :: DEBUG :: BB.ENDPOINTS :: Init gamestate()
INFO - [G] 2026-09-13 19:25:34 :: DEBUG :: BB.ENDPOINTS :: Return gamestate()
INFO - [G] 2026-09-13 19:25:34 :: DEBUG :: BB.RESPONSE :: gamestate OK (3ms)
INFO - [G] 2026-09-13 19:25:35 :: DEBUG :: BB.SERVER :: Client connected
INFO - [G] 2026-09-13 19:25:35 :: DEBUG :: BB.REQUEST :: play({cards=[0]})
INFO - [G] 2026-09-13 19:25:35 :: DEBUG :: BB.ENDPOINTS :: Init play()
INFO - [G] 2026-09-13 19:25:35 :: DEBUG :: BB.ENDPOINTS :: Playing 1 cards: K♠
INFO - [G] 2026-09-13 19:25:41 :: DEBUG :: BB.ENDPOINTS :: Return play() - same round
INFO - [G] 2026-09-13 19:25:41 :: DEBUG :: BB.RESPONSE :: play OK (6138ms)
INFO - [G] 2026-09-13 19:25:44 :: DEBUG :: BB.SERVER :: Client connected
INFO - [G] 2026-09-13 19:25:44 :: DEBUG :: BB.REQUEST :: gamestate()
INFO - [G] 2026-09-13 19:25:44 :: DEBUG :: BB.ENDPOINTS :: Init gamestate()
INFO - [G] 2026-09-13 19:25:44 :: DEBUG :: BB.ENDPOINTS :: Return gamestate()
INFO - [G] 2026-09-13 19:25:44 :: DEBUG :: BB.RESPONSE :: gamestate OK (1ms)
INFO - [G] 2026-09-13 19:25:45 :: DEBUG :: BB.SERVER :: Client connected
INFO - [G] 2026-09-13 19:25:45 :: DEBUG :: BB.REQUEST :: play({cards=[0]})
INFO - [G] 2026-09-13 19:25:45 :: DEBUG :: BB.ENDPOINTS :: Init play()
INFO - [G] 2026-09-13 19:25:45 :: DEBUG :: BB.ENDPOINTS :: Playing 1 cards: Q♣
INFO - [G] 2026-09-13 19:25:51 :: DEBUG :: BB.ENDPOINTS :: Return play() - same round
INFO - [G] 2026-09-13 19:25:51 :: DEBUG :: BB.RESPONSE :: play OK (6008ms)
INFO - [G] 2026-09-13 19:25:54 :: DEBUG :: BB.SERVER :: Client connected
INFO - [G] 2026-09-13 19:25:54 :: DEBUG :: BB.REQUEST :: gamestate()
INFO - [G] 2026-09-13 19:25:54 :: DEBUG :: BB.ENDPOINTS :: Init gamestate()
INFO - [G] 2026-09-13 19:25:54 :: DEBUG :: BB.ENDPOINTS :: Return gamestate()
INFO - [G] 2026-09-13 19:25:54 :: DEBUG :: BB.RESPONSE :: gamestate OK (1ms)
INFO - [G] 2026-09-13 19:25:54 :: DEBUG :: BB.SERVER :: Client connected
INFO - [G] 2026-09-13 19:25:54 :: DEBUG :: BB.REQUEST :: discard({cards=[3,4,5,6,7]})
INFO - [G] 2026-09-13 19:25:54 :: DEBUG :: BB.ENDPOINTS :: Init discard()
INFO - [G] 2026-09-13 19:25:54 :: DEBUG :: BB.ENDPOINTS :: Discarding 5 cards: 7♣, 6♠, 5♣, 3♦, 2♠ (3 discards left)
INFO - [G] 2026-09-13 19:25:56 :: DEBUG :: BB.ENDPOINTS :: Return discard()
INFO - [G] 2026-09-13 19:25:56 :: DEBUG :: BB.RESPONSE :: discard OK (1855ms)
INFO - [G] 2026-09-13 19:25:59 :: DEBUG :: BB.SERVER :: Client connected
INFO - [G] 2026-09-13 19:25:59 :: DEBUG :: BB.REQUEST :: gamestate()
INFO - [G] 2026-09-13 19:25:59 :: DEBUG :: BB.ENDPOINTS :: Init gamestate()
INFO - [G] 2026-09-13 19:25:59 :: DEBUG :: BB.ENDPOINTS :: Return gamestate()
INFO - [G] 2026-09-13 19:25:59 :: DEBUG :: BB.RESPONSE :: gamestate OK (1ms)
INFO - [G] 2026-09-13 19:25:59 :: DEBUG :: BB.SERVER :: Client connected
INFO - [G] 2026-09-13 19:25:59 :: DEBUG :: BB.REQUEST :: play({cards=[2,3,4]})
INFO - [G] 2026-09-13 19:25:59 :: DEBUG :: BB.ENDPOINTS :: Init play()
INFO - [G] 2026-09-13 19:25:59 :: DEBUG :: BB.ENDPOINTS :: Playing 3 cards: 10♠, 10♥, 10♦
INFO - [G] 2026-09-13 19:26:08 :: DEBUG :: BB.ENDPOINTS :: Return play() - same round
INFO - [G] 2026-09-13 19:26:08 :: DEBUG :: BB.RESPONSE :: play OK (9007ms)
INFO - [G] 2026-09-13 19:26:11 :: DEBUG :: BB.SERVER :: Client connected
INFO - [G] 2026-09-13 19:26:11 :: DEBUG :: BB.REQUEST :: gamestate()
INFO - [G] 2026-09-13 19:26:11 :: DEBUG :: BB.ENDPOINTS :: Init gamestate()
INFO - [G] 2026-09-13 19:26:11 :: DEBUG :: BB.ENDPOINTS :: Return gamestate()
INFO - [G] 2026-09-13 19:26:11 :: DEBUG :: BB.RESPONSE :: gamestate OK (1ms)
INFO - [G] 2026-09-13 19:26:11 :: DEBUG :: BB.SERVER :: Client connected
INFO - [G] 2026-09-13 19:26:11 :: DEBUG :: BB.REQUEST :: discard({cards=[0,1,6,7]})
INFO - [G] 2026-09-13 19:26:11 :: DEBUG :: BB.ENDPOINTS :: Init discard()
INFO - [G] 2026-09-13 19:26:11 :: DEBUG :: BB.ENDPOINTS :: Discarding 4 cards: A♠, K♥, 4♦, 3♥ (2 discards left)
INFO - [G] 2026-09-13 19:26:13 :: DEBUG :: BB.ENDPOINTS :: Return discard()
INFO - [G] 2026-09-13 19:26:13 :: DEBUG :: BB.RESPONSE :: discard OK (1581ms)
INFO - [G] 2026-09-13 19:26:16 :: DEBUG :: BB.SERVER :: Client connected
INFO - [G] 2026-09-13 19:26:16 :: DEBUG :: BB.REQUEST :: gamestate()
INFO - [G] 2026-09-13 19:26:16 :: DEBUG :: BB.ENDPOINTS :: Init gamestate()
INFO - [G] 2026-09-13 19:26:16 :: DEBUG :: BB.ENDPOINTS :: Return gamestate()
INFO - [G] 2026-09-13 19:26:16 :: DEBUG :: BB.RESPONSE :: gamestate OK (1ms)
INFO - [G] 2026-09-13 19:26:16 :: DEBUG :: BB.SERVER :: Client connected
INFO - [G] 2026-09-13 19:26:16 :: DEBUG :: BB.REQUEST :: discard({cards=[0,4,5]})
INFO - [G] 2026-09-13 19:26:16 :: DEBUG :: BB.ENDPOINTS :: Init discard()
INFO - [G] 2026-09-13 19:26:16 :: DEBUG :: BB.ENDPOINTS :: Discarding 3 cards: Q♥, 8♣, 7♠ (1 discards left)
INFO - [G] 2026-09-13 19:26:17 :: DEBUG :: BB.ENDPOINTS :: Return discard()
INFO - [G] 2026-09-13 19:26:17 :: DEBUG :: BB.RESPONSE :: discard OK (1333ms)
INFO - [G] 2026-09-13 19:26:20 :: DEBUG :: BB.SERVER :: Client connected
INFO - [G] 2026-09-13 19:26:20 :: DEBUG :: BB.REQUEST :: gamestate()
INFO - [G] 2026-09-13 19:26:20 :: DEBUG :: BB.ENDPOINTS :: Init gamestate()
INFO - [G] 2026-09-13 19:26:20 :: DEBUG :: BB.ENDPOINTS :: Return gamestate()
INFO - [G] 2026-09-13 19:26:20 :: DEBUG :: BB.RESPONSE :: gamestate OK (1ms)
INFO - [G] 2026-09-13 19:26:20 :: DEBUG :: BB.SERVER :: Client connected
INFO - [G] 2026-09-13 19:26:20 :: DEBUG :: BB.REQUEST :: play({cards=[0,1,2,3,4]})
INFO - [G] 2026-09-13 19:26:20 :: DEBUG :: BB.ENDPOINTS :: Init play()
INFO - [G] 2026-09-13 19:26:20 :: DEBUG :: BB.ENDPOINTS :: Playing 5 cards: 9♠, 9♣, 9♦, 5♥, 5♦
INFO - [G] 2026-09-13 19:26:32 :: DEBUG :: BB.RESPONSE :: play OK (11293ms)
INFO - [G] 2026-09-13 19:26:35 :: DEBUG :: BB.SERVER :: Client connected
INFO - [G] 2026-09-13 19:26:35 :: DEBUG :: BB.REQUEST :: gamestate()
INFO - [G] 2026-09-13 19:26:35 :: DEBUG :: BB.ENDPOINTS :: Init gamestate()
INFO - [G] 2026-09-13 19:26:35 :: DEBUG :: BB.ENDPOINTS :: Return gamestate()
INFO - [G] 2026-09-13 19:26:35 :: DEBUG :: BB.RESPONSE :: gamestate OK (1ms)
INFO - [G] 2026-09-13 19:27:44 :: DEBUG :: BB.SERVER :: Client connected
INFO - [G] 2026-09-13 19:27:44 :: DEBUG :: BB.REQUEST :: health()
INFO - [G] 2026-09-13 19:27:44 :: DEBUG :: BB.ENDPOINTS :: Init health()
INFO - [G] 2026-09-13 19:27:44 :: DEBUG :: BB.ENDPOINTS :: Return health()
INFO - [G] 2026-09-13 19:27:44 :: DEBUG :: BB.RESPONSE :: health OK (0ms)
INFO - [G] 2026-09-13 19:27:46 :: DEBUG :: BB.SERVER :: Client connected
INFO - [G] 2026-09-13 19:27:46 :: DEBUG :: BB.REQUEST :: menu()
INFO - [G] 2026-09-13 19:27:46 :: DEBUG :: BB.ENDPOINTS :: Init menu()
INFO - [G] 2026-09-13 19:27:50 :: DEBUG :: BB.ENDPOINTS :: Return menu()
INFO - [G] 2026-09-13 19:27:50 :: DEBUG :: BB.RESPONSE :: menu OK (4026ms)
INFO - [G] 2026-09-13 19:27:50 :: DEBUG :: BB.SERVER :: Client connected
INFO - [G] 2026-09-13 19:27:50 :: DEBUG :: BB.REQUEST :: start({deck="RED", stake="WHITE"})
INFO - [G] 2026-09-13 19:27:50 :: DEBUG :: BB.ENDPOINTS :: Init start()
INFO - [G] 2026-09-13 19:27:50 :: DEBUG :: BB.ENDPOINTS :: Setting deck to: Red Deck (from enum: RED)
INFO - [G] 2026-09-13 19:27:50 :: DEBUG :: BB.ENDPOINTS :: Starting run with stake=1 (WHITE), seed=none
INFO - [G] 2026-09-13 19:27:53 :: DEBUG :: BB.ENDPOINTS :: Return start()
INFO - [G] 2026-09-13 19:27:53 :: DEBUG :: BB.RESPONSE :: start OK (3211ms)
INFO - [G] 2026-09-13 19:27:53 :: DEBUG :: BB.SERVER :: Client connected
INFO - [G] 2026-09-13 19:27:53 :: DEBUG :: BB.REQUEST :: gamestate()
INFO - [G] 2026-09-13 19:27:53 :: DEBUG :: BB.ENDPOINTS :: Init gamestate()
INFO - [G] 2026-09-13 19:27:53 :: DEBUG :: BB.ENDPOINTS :: Return gamestate()
INFO - [G] 2026-09-13 19:27:53 :: DEBUG :: BB.RESPONSE :: gamestate OK (1ms)
INFO - [G] 2026-09-13 19:27:53 :: DEBUG :: BB.SERVER :: Client connected
INFO - [G] 2026-09-13 19:27:53 :: DEBUG :: BB.REQUEST :: select()
INFO - [G] 2026-09-13 19:27:53 :: DEBUG :: BB.ENDPOINTS :: Init select()
INFO - [G] 2026-09-13 19:27:53 :: DEBUG :: BB.ENDPOINTS :: Selecting Small (Small Blind), chips required: ?
INFO - [G] 2026-09-13 19:27:57 :: DEBUG :: BB.ENDPOINTS :: Return select()
INFO - [G] 2026-09-13 19:27:57 :: DEBUG :: BB.RESPONSE :: select OK (3350ms)
INFO - [G] 2026-09-13 19:27:57 :: DEBUG :: BB.SERVER :: Client connected
INFO - [G] 2026-09-13 19:27:57 :: DEBUG :: BB.REQUEST :: gamestate()
INFO - [G] 2026-09-13 19:27:57 :: DEBUG :: BB.ENDPOINTS :: Init gamestate()
INFO - [G] 2026-09-13 19:27:57 :: DEBUG :: BB.ENDPOINTS :: Return gamestate()
INFO - [G] 2026-09-13 19:27:57 :: DEBUG :: BB.RESPONSE :: gamestate OK (1ms)
INFO - [G] 2026-09-13 19:27:57 :: DEBUG :: BB.SERVER :: Client connected
INFO - [G] 2026-09-13 19:27:57 :: DEBUG :: BB.REQUEST :: discard({cards=[3,4,5,6,7]})
INFO - [G] 2026-09-13 19:27:57 :: DEBUG :: BB.ENDPOINTS :: Init discard()
INFO - [G] 2026-09-13 19:27:57 :: DEBUG :: BB.ENDPOINTS :: Discarding 5 cards: 9♦, 8♠, 7♥, 3♥, 2♥ (3 discards left)
INFO - [G] 2026-09-13 19:27:59 :: DEBUG :: BB.ENDPOINTS :: Return discard()
INFO - [G] 2026-09-13 19:27:59 :: DEBUG :: BB.RESPONSE :: discard OK (2059ms)
INFO - [G] 2026-09-13 19:28:02 :: DEBUG :: BB.SERVER :: Client connected
INFO - [G] 2026-09-13 19:28:02 :: DEBUG :: BB.REQUEST :: gamestate()
INFO - [G] 2026-09-13 19:28:02 :: DEBUG :: BB.ENDPOINTS :: Init gamestate()
INFO - [G] 2026-09-13 19:28:02 :: DEBUG :: BB.ENDPOINTS :: Return gamestate()
INFO - [G] 2026-09-13 19:28:02 :: DEBUG :: BB.RESPONSE :: gamestate OK (1ms)
INFO - [G] 2026-09-13 19:28:02 :: DEBUG :: BB.SERVER :: Client connected
INFO - [G] 2026-09-13 19:28:02 :: DEBUG :: BB.REQUEST :: play({cards=[0,1,2,3,4]})
INFO - [G] 2026-09-13 19:28:02 :: DEBUG :: BB.ENDPOINTS :: Init play()
INFO - [G] 2026-09-13 19:28:02 :: DEBUG :: BB.ENDPOINTS :: Playing 5 cards: A♠, A♥, A♦, J♠, J♣
INFO - [G] 2026-09-13 19:28:21 :: DEBUG :: BB.ENDPOINTS :: Return play() - cash out
INFO - [G] 2026-09-13 19:28:21 :: DEBUG :: BB.RESPONSE :: play OK (19313ms)
INFO - [G] 2026-09-13 19:28:24 :: DEBUG :: BB.SERVER :: Client connected
INFO - [G] 2026-09-13 19:28:24 :: DEBUG :: BB.REQUEST :: gamestate()
INFO - [G] 2026-09-13 19:28:24 :: DEBUG :: BB.ENDPOINTS :: Init gamestate()
INFO - [G] 2026-09-13 19:28:24 :: DEBUG :: BB.ENDPOINTS :: Return gamestate()
INFO - [G] 2026-09-13 19:28:24 :: DEBUG :: BB.RESPONSE :: gamestate OK (1ms)
INFO - [G] 2026-09-13 19:28:24 :: DEBUG :: BB.SERVER :: Client connected
INFO - [G] 2026-09-13 19:28:24 :: DEBUG :: BB.REQUEST :: cash_out()
INFO - [G] 2026-09-13 19:28:24 :: DEBUG :: BB.ENDPOINTS :: Init cash_out()
INFO - [G] 2026-09-13 19:28:26 :: DEBUG :: BB.ENDPOINTS :: Return cash_out() - reached SHOP state
INFO - [G] 2026-09-13 19:28:26 :: DEBUG :: BB.RESPONSE :: cash_out OK (1842ms)
INFO - [G] 2026-09-13 19:28:26 :: DEBUG :: BB.SERVER :: Client connected
INFO - [G] 2026-09-13 19:28:26 :: DEBUG :: BB.REQUEST :: gamestate()
INFO - [G] 2026-09-13 19:28:26 :: DEBUG :: BB.ENDPOINTS :: Init gamestate()
INFO - [G] 2026-09-13 19:28:26 :: DEBUG :: BB.ENDPOINTS :: Return gamestate()
INFO - [G] 2026-09-13 19:28:26 :: DEBUG :: BB.RESPONSE :: gamestate OK (2ms)
INFO - [G] 2026-09-13 19:28:26 :: DEBUG :: BB.SERVER :: Client connected
INFO - [G] 2026-09-13 19:28:26 :: DEBUG :: BB.REQUEST :: next_round()
INFO - [G] 2026-09-13 19:28:26 :: DEBUG :: BB.ENDPOINTS :: Init next_round()
INFO - [G] 2026-09-13 19:28:27 :: DEBUG :: BB.ENDPOINTS :: Return next_round() - reached BLIND_SELECT state
INFO - [G] 2026-09-13 19:28:27 :: DEBUG :: BB.RESPONSE :: next_round OK (868ms)
INFO - [G] 2026-09-13 19:28:27 :: DEBUG :: BB.SERVER :: Client connected
INFO - [G] 2026-09-13 19:28:27 :: DEBUG :: BB.REQUEST :: gamestate()
INFO - [G] 2026-09-13 19:28:27 :: DEBUG :: BB.ENDPOINTS :: Init gamestate()
INFO - [G] 2026-09-13 19:28:27 :: DEBUG :: BB.ENDPOINTS :: Return gamestate()
INFO - [G] 2026-09-13 19:28:27 :: DEBUG :: BB.RESPONSE :: gamestate OK (1ms)
INFO - [G] 2026-09-13 19:28:27 :: DEBUG :: BB.SERVER :: Client connected
INFO - [G] 2026-09-13 19:28:27 :: DEBUG :: BB.REQUEST :: select()
INFO - [G] 2026-09-13 19:28:27 :: DEBUG :: BB.ENDPOINTS :: Init select()
INFO - [G] 2026-09-13 19:28:27 :: DEBUG :: BB.ENDPOINTS :: Selecting Big (Big Blind), chips required: ?
INFO - [G] 2026-09-13 19:28:31 :: DEBUG :: BB.ENDPOINTS :: Return select()
INFO - [G] 2026-09-13 19:28:31 :: DEBUG :: BB.RESPONSE :: select OK (3313ms)
INFO - [G] 2026-09-13 19:28:31 :: DEBUG :: BB.SERVER :: Client connected
INFO - [G] 2026-09-13 19:28:31 :: DEBUG :: BB.REQUEST :: gamestate()
INFO - [G] 2026-09-13 19:28:31 :: DEBUG :: BB.ENDPOINTS :: Init gamestate()
INFO - [G] 2026-09-13 19:28:31 :: DEBUG :: BB.ENDPOINTS :: Return gamestate()
INFO - [G] 2026-09-13 19:28:31 :: DEBUG :: BB.RESPONSE :: gamestate OK (1ms)
INFO - [G] 2026-09-13 19:28:31 :: DEBUG :: BB.SERVER :: Client connected
INFO - [G] 2026-09-13 19:28:31 :: DEBUG :: BB.REQUEST :: play({cards=[2,3,4,5]})
INFO - [G] 2026-09-13 19:28:31 :: DEBUG :: BB.ENDPOINTS :: Init play()
INFO - [G] 2026-09-13 19:28:31 :: DEBUG :: BB.ENDPOINTS :: Playing 4 cards: 8♠, 8♦, 7♠, 7♥
INFO - [G] 2026-09-13 19:28:42 :: DEBUG :: BB.ENDPOINTS :: Return play() - same round
INFO - [G] 2026-09-13 19:28:42 :: DEBUG :: BB.RESPONSE :: play OK (11100ms)
INFO - [G] 2026-09-13 19:28:45 :: DEBUG :: BB.SERVER :: Client connected
INFO - [G] 2026-09-13 19:28:45 :: DEBUG :: BB.REQUEST :: gamestate()
INFO - [G] 2026-09-13 19:28:45 :: DEBUG :: BB.ENDPOINTS :: Init gamestate()
INFO - [G] 2026-09-13 19:28:45 :: DEBUG :: BB.ENDPOINTS :: Return gamestate()
INFO - [G] 2026-09-13 19:28:45 :: DEBUG :: BB.RESPONSE :: gamestate OK (1ms)
INFO - [G] 2026-09-13 19:28:45 :: DEBUG :: BB.SERVER :: Client connected
INFO - [G] 2026-09-13 19:28:45 :: DEBUG :: BB.REQUEST :: discard({cards=[0,4,5,6,7]})
INFO - [G] 2026-09-13 19:28:45 :: DEBUG :: BB.ENDPOINTS :: Init discard()
INFO - [G] 2026-09-13 19:28:45 :: DEBUG :: BB.ENDPOINTS :: Discarding 5 cards: A♣, J♣, 8♥, 6♠, 5♥ (3 discards left)
INFO - [G] 2026-09-13 19:28:47 :: DEBUG :: BB.ENDPOINTS :: Return discard()
INFO - [G] 2026-09-13 19:28:47 :: DEBUG :: BB.RESPONSE :: discard OK (1883ms)
INFO - [G] 2026-09-13 19:28:50 :: DEBUG :: BB.SERVER :: Client connected
INFO - [G] 2026-09-13 19:28:50 :: DEBUG :: BB.REQUEST :: gamestate()
INFO - [G] 2026-09-13 19:28:50 :: DEBUG :: BB.ENDPOINTS :: Init gamestate()
INFO - [G] 2026-09-13 19:28:50 :: DEBUG :: BB.ENDPOINTS :: Return gamestate()
INFO - [G] 2026-09-13 19:28:50 :: DEBUG :: BB.RESPONSE :: gamestate OK (1ms)
INFO - [G] 2026-09-13 19:28:50 :: DEBUG :: BB.SERVER :: Client connected
INFO - [G] 2026-09-13 19:28:50 :: DEBUG :: BB.REQUEST :: discard({cards=[0,4,5]})
INFO - [G] 2026-09-13 19:28:50 :: DEBUG :: BB.ENDPOINTS :: Init discard()
INFO - [G] 2026-09-13 19:28:50 :: DEBUG :: BB.ENDPOINTS :: Discarding 3 cards: A♥, 9♦, 3♣ (2 discards left)
INFO - [G] 2026-09-13 19:28:51 :: DEBUG :: BB.ENDPOINTS :: Return discard()
INFO - [G] 2026-09-13 19:28:51 :: DEBUG :: BB.RESPONSE :: discard OK (1349ms)
INFO - [G] 2026-09-13 19:28:54 :: DEBUG :: BB.SERVER :: Client connected
INFO - [G] 2026-09-13 19:28:54 :: DEBUG :: BB.REQUEST :: gamestate()
INFO - [G] 2026-09-13 19:28:54 :: DEBUG :: BB.ENDPOINTS :: Init gamestate()
INFO - [G] 2026-09-13 19:28:54 :: DEBUG :: BB.ENDPOINTS :: Return gamestate()
INFO - [G] 2026-09-13 19:28:54 :: DEBUG :: BB.RESPONSE :: gamestate OK (1ms)
INFO - [G] 2026-09-13 19:28:55 :: DEBUG :: BB.SERVER :: Client connected
INFO - [G] 2026-09-13 19:28:55 :: DEBUG :: BB.REQUEST :: discard({cards=[3,6,7]})
INFO - [G] 2026-09-13 19:28:55 :: DEBUG :: BB.ENDPOINTS :: Init discard()
INFO - [G] 2026-09-13 19:28:55 :: DEBUG :: BB.ENDPOINTS :: Discarding 3 cards: 10♥, 2♠, 2♦ (1 discards left)
INFO - [G] 2026-09-13 19:28:56 :: DEBUG :: BB.ENDPOINTS :: Return discard()
INFO - [G] 2026-09-13 19:28:56 :: DEBUG :: BB.RESPONSE :: discard OK (1349ms)
INFO - [G] 2026-09-13 19:28:59 :: DEBUG :: BB.SERVER :: Client connected
INFO - [G] 2026-09-13 19:28:59 :: DEBUG :: BB.REQUEST :: gamestate()
INFO - [G] 2026-09-13 19:28:59 :: DEBUG :: BB.ENDPOINTS :: Init gamestate()
INFO - [G] 2026-09-13 19:28:59 :: DEBUG :: BB.ENDPOINTS :: Return gamestate()
INFO - [G] 2026-09-13 19:28:59 :: DEBUG :: BB.RESPONSE :: gamestate OK (1ms)
INFO - [G] 2026-09-13 19:28:59 :: DEBUG :: BB.SERVER :: Client connected
INFO - [G] 2026-09-13 19:28:59 :: DEBUG :: BB.REQUEST :: discard({cards=[3,4,7]})
INFO - [G] 2026-09-13 19:28:59 :: DEBUG :: BB.ENDPOINTS :: Init discard()
INFO - [G] 2026-09-13 19:28:59 :: DEBUG :: BB.ENDPOINTS :: Discarding 3 cards: 6♥, 5♠, 3♦ (0 discards left)
INFO - [G] 2026-09-13 19:29:01 :: DEBUG :: BB.ENDPOINTS :: Return discard()
INFO - [G] 2026-09-13 19:29:01 :: DEBUG :: BB.RESPONSE :: discard OK (1332ms)
INFO - [G] 2026-09-13 19:29:04 :: DEBUG :: BB.SERVER :: Client connected
INFO - [G] 2026-09-13 19:29:04 :: DEBUG :: BB.REQUEST :: gamestate()
INFO - [G] 2026-09-13 19:29:04 :: DEBUG :: BB.ENDPOINTS :: Init gamestate()
INFO - [G] 2026-09-13 19:29:04 :: DEBUG :: BB.ENDPOINTS :: Return gamestate()
INFO - [G] 2026-09-13 19:29:04 :: DEBUG :: BB.RESPONSE :: gamestate OK (1ms)
INFO - [G] 2026-09-13 19:29:04 :: DEBUG :: BB.SERVER :: Client connected
INFO - [G] 2026-09-13 19:29:04 :: DEBUG :: BB.REQUEST :: play({cards=[0,1,2,5,6]})
INFO - [G] 2026-09-13 19:29:04 :: DEBUG :: BB.ENDPOINTS :: Init play()
INFO - [G] 2026-09-13 19:29:04 :: DEBUG :: BB.ENDPOINTS :: Playing 5 cards: Q♠, Q♣, Q♦, 4♠, 4♦
INFO - [G] 2026-09-13 19:29:16 :: DEBUG :: BB.ENDPOINTS :: Return play() - same round
INFO - [G] 2026-09-13 19:29:16 :: DEBUG :: BB.RESPONSE :: play OK (12305ms)
INFO - [G] 2026-09-13 19:29:19 :: DEBUG :: BB.SERVER :: Client connected
INFO - [G] 2026-09-13 19:29:19 :: DEBUG :: BB.REQUEST :: gamestate()
INFO - [G] 2026-09-13 19:29:19 :: DEBUG :: BB.ENDPOINTS :: Init gamestate()
INFO - [G] 2026-09-13 19:29:19 :: DEBUG :: BB.ENDPOINTS :: Return gamestate()
INFO - [G] 2026-09-13 19:29:19 :: DEBUG :: BB.RESPONSE :: gamestate OK (1ms)
INFO - [G] 2026-09-13 19:29:19 :: DEBUG :: BB.SERVER :: Client connected
INFO - [G] 2026-09-13 19:29:19 :: DEBUG :: BB.REQUEST :: play({cards=[4,5]})
INFO - [G] 2026-09-13 19:29:19 :: DEBUG :: BB.ENDPOINTS :: Init play()
INFO - [G] 2026-09-13 19:29:19 :: DEBUG :: BB.ENDPOINTS :: Playing 2 cards: 9♠, 9♣
INFO - [G] 2026-09-13 19:29:30 :: DEBUG :: BB.ENDPOINTS :: Return play() - cash out
INFO - [G] 2026-09-13 19:29:30 :: DEBUG :: BB.RESPONSE :: play OK (10408ms)
INFO - [G] 2026-09-13 19:29:33 :: DEBUG :: BB.SERVER :: Client connected
INFO - [G] 2026-09-13 19:29:33 :: DEBUG :: BB.REQUEST :: gamestate()
INFO - [G] 2026-09-13 19:29:33 :: DEBUG :: BB.ENDPOINTS :: Init gamestate()
INFO - [G] 2026-09-13 19:29:33 :: DEBUG :: BB.ENDPOINTS :: Return gamestate()
INFO - [G] 2026-09-13 19:29:33 :: DEBUG :: BB.RESPONSE :: gamestate OK (1ms)
INFO - [G] 2026-09-13 19:29:33 :: DEBUG :: BB.SERVER :: Client connected
INFO - [G] 2026-09-13 19:29:33 :: DEBUG :: BB.REQUEST :: cash_out()
INFO - [G] 2026-09-13 19:29:33 :: DEBUG :: BB.ENDPOINTS :: Init cash_out()
INFO - [G] 2026-09-13 19:29:39 :: DEBUG :: BB.ENDPOINTS :: Return cash_out() - reached SHOP state
INFO - [G] 2026-09-13 19:29:39 :: DEBUG :: BB.RESPONSE :: cash_out OK (5907ms)
INFO - [G] 2026-09-13 19:29:39 :: DEBUG :: BB.SERVER :: Client connected
INFO - [G] 2026-09-13 19:29:39 :: DEBUG :: BB.REQUEST :: gamestate()
INFO - [G] 2026-09-13 19:29:39 :: DEBUG :: BB.ENDPOINTS :: Init gamestate()
INFO - [G] 2026-09-13 19:29:39 :: DEBUG :: BB.ENDPOINTS :: Return gamestate()
INFO - [G] 2026-09-13 19:29:39 :: DEBUG :: BB.RESPONSE :: gamestate OK (1ms)
INFO - [G] 2026-09-13 19:29:39 :: DEBUG :: BB.SERVER :: Client connected
INFO - [G] 2026-09-13 19:29:39 :: DEBUG :: BB.REQUEST :: next_round()
INFO - [G] 2026-09-13 19:29:39 :: DEBUG :: BB.ENDPOINTS :: Init next_round()
INFO - [G] 2026-09-13 19:29:39 :: DEBUG :: BB.ENDPOINTS :: Return next_round() - reached BLIND_SELECT state
INFO - [G] 2026-09-13 19:29:39 :: DEBUG :: BB.RESPONSE :: next_round OK (842ms)
INFO - [G] 2026-09-13 19:29:39 :: DEBUG :: BB.SERVER :: Client connected
INFO - [G] 2026-09-13 19:29:39 :: DEBUG :: BB.REQUEST :: gamestate()
INFO - [G] 2026-09-13 19:29:39 :: DEBUG :: BB.ENDPOINTS :: Init gamestate()
INFO - [G] 2026-09-13 19:29:39 :: DEBUG :: BB.ENDPOINTS :: Return gamestate()
INFO - [G] 2026-09-13 19:29:39 :: DEBUG :: BB.RESPONSE :: gamestate OK (1ms)
INFO - [G] 2026-09-13 19:29:40 :: DEBUG :: BB.SERVER :: Client connected
INFO - [G] 2026-09-13 19:29:40 :: DEBUG :: BB.REQUEST :: select()
INFO - [G] 2026-09-13 19:29:40 :: DEBUG :: BB.ENDPOINTS :: Init select()
INFO - [G] 2026-09-13 19:29:40 :: DEBUG :: BB.ENDPOINTS :: Selecting Boss (The Pillar), chips required: ?
INFO - [G] 2026-09-13 19:29:43 :: DEBUG :: BB.ENDPOINTS :: Return select()
INFO - [G] 2026-09-13 19:29:43 :: DEBUG :: BB.RESPONSE :: select OK (3118ms)
INFO - [G] 2026-09-13 19:29:43 :: DEBUG :: BB.SERVER :: Client connected
INFO - [G] 2026-09-13 19:29:43 :: DEBUG :: BB.REQUEST :: gamestate()
INFO - [G] 2026-09-13 19:29:43 :: DEBUG :: BB.ENDPOINTS :: Init gamestate()
INFO - [G] 2026-09-13 19:29:43 :: DEBUG :: BB.ENDPOINTS :: Return gamestate()
INFO - [G] 2026-09-13 19:29:43 :: DEBUG :: BB.RESPONSE :: gamestate OK (1ms)
INFO - [G] 2026-09-13 19:29:43 :: DEBUG :: BB.SERVER :: Client connected
INFO - [G] 2026-09-13 19:29:43 :: DEBUG :: BB.REQUEST :: play({cards=[0]})
INFO - [G] 2026-09-13 19:29:43 :: DEBUG :: BB.ENDPOINTS :: Init play()
INFO - [G] 2026-09-13 19:29:43 :: DEBUG :: BB.ENDPOINTS :: Playing 1 cards: K♠
INFO - [G] 2026-09-13 19:29:49 :: DEBUG :: BB.ENDPOINTS :: Return play() - same round
INFO - [G] 2026-09-13 19:29:49 :: DEBUG :: BB.RESPONSE :: play OK (6254ms)
INFO - [G] 2026-09-13 19:29:52 :: DEBUG :: BB.SERVER :: Client connected
INFO - [G] 2026-09-13 19:29:52 :: DEBUG :: BB.REQUEST :: gamestate()
INFO - [G] 2026-09-13 19:29:52 :: DEBUG :: BB.ENDPOINTS :: Init gamestate()
INFO - [G] 2026-09-13 19:29:52 :: DEBUG :: BB.ENDPOINTS :: Return gamestate()
INFO - [G] 2026-09-13 19:29:52 :: DEBUG :: BB.RESPONSE :: gamestate OK (1ms)
INFO - [G] 2026-09-13 19:29:52 :: DEBUG :: BB.SERVER :: Client connected
INFO - [G] 2026-09-13 19:29:52 :: DEBUG :: BB.REQUEST :: play({cards=[0]})
INFO - [G] 2026-09-13 19:29:52 :: DEBUG :: BB.ENDPOINTS :: Init play()
INFO - [G] 2026-09-13 19:29:52 :: DEBUG :: BB.ENDPOINTS :: Playing 1 cards: Q♣
INFO - [G] 2026-09-13 19:29:58 :: DEBUG :: BB.ENDPOINTS :: Return play() - same round
INFO - [G] 2026-09-13 19:29:58 :: DEBUG :: BB.RESPONSE :: play OK (6050ms)
INFO - [G] 2026-09-13 19:30:01 :: DEBUG :: BB.SERVER :: Client connected
INFO - [G] 2026-09-13 19:30:01 :: DEBUG :: BB.REQUEST :: gamestate()
INFO - [G] 2026-09-13 19:30:01 :: DEBUG :: BB.ENDPOINTS :: Init gamestate()
INFO - [G] 2026-09-13 19:30:01 :: DEBUG :: BB.ENDPOINTS :: Return gamestate()
INFO - [G] 2026-09-13 19:30:01 :: DEBUG :: BB.RESPONSE :: gamestate OK (1ms)
INFO - [G] 2026-09-13 19:30:02 :: DEBUG :: BB.SERVER :: Client connected
INFO - [G] 2026-09-13 19:30:02 :: DEBUG :: BB.REQUEST :: discard({cards=[3,4,5,6,7]})
INFO - [G] 2026-09-13 19:30:02 :: DEBUG :: BB.ENDPOINTS :: Init discard()
INFO - [G] 2026-09-13 19:30:02 :: DEBUG :: BB.ENDPOINTS :: Discarding 5 cards: 7♣, 6♠, 5♣, 3♦, 2♠ (3 discards left)
INFO - [G] 2026-09-13 19:30:03 :: DEBUG :: BB.ENDPOINTS :: Return discard()
INFO - [G] 2026-09-13 19:30:03 :: DEBUG :: BB.RESPONSE :: discard OK (1865ms)
INFO - [G] 2026-09-13 19:30:07 :: DEBUG :: BB.SERVER :: Client connected
INFO - [G] 2026-09-13 19:30:07 :: DEBUG :: BB.REQUEST :: gamestate()
INFO - [G] 2026-09-13 19:30:07 :: DEBUG :: BB.ENDPOINTS :: Init gamestate()
INFO - [G] 2026-09-13 19:30:07 :: DEBUG :: BB.ENDPOINTS :: Return gamestate()
INFO - [G] 2026-09-13 19:30:07 :: DEBUG :: BB.RESPONSE :: gamestate OK (1ms)
INFO - [G] 2026-09-13 19:30:07 :: DEBUG :: BB.SERVER :: Client connected
INFO - [G] 2026-09-13 19:30:07 :: DEBUG :: BB.REQUEST :: play({cards=[2,3,4]})
INFO - [G] 2026-09-13 19:30:07 :: DEBUG :: BB.ENDPOINTS :: Init play()
INFO - [G] 2026-09-13 19:30:07 :: DEBUG :: BB.ENDPOINTS :: Playing 3 cards: 10♠, 10♥, 10♦
INFO - [G] 2026-09-13 19:30:16 :: DEBUG :: BB.ENDPOINTS :: Return play() - same round
INFO - [G] 2026-09-13 19:30:16 :: DEBUG :: BB.RESPONSE :: play OK (9051ms)
INFO - [G] 2026-09-13 19:30:19 :: DEBUG :: BB.SERVER :: Client connected
INFO - [G] 2026-09-13 19:30:19 :: DEBUG :: BB.REQUEST :: gamestate()
INFO - [G] 2026-09-13 19:30:19 :: DEBUG :: BB.ENDPOINTS :: Init gamestate()
INFO - [G] 2026-09-13 19:30:19 :: DEBUG :: BB.ENDPOINTS :: Return gamestate()
INFO - [G] 2026-09-13 19:30:19 :: DEBUG :: BB.RESPONSE :: gamestate OK (1ms)
INFO - [G] 2026-09-13 19:30:19 :: DEBUG :: BB.SERVER :: Client connected
INFO - [G] 2026-09-13 19:30:19 :: DEBUG :: BB.REQUEST :: discard({cards=[0,1,6,7]})
INFO - [G] 2026-09-13 19:30:19 :: DEBUG :: BB.ENDPOINTS :: Init discard()
INFO - [G] 2026-09-13 19:30:19 :: DEBUG :: BB.ENDPOINTS :: Discarding 4 cards: A♠, K♥, 4♦, 3♥ (2 discards left)
INFO - [G] 2026-09-13 19:30:21 :: DEBUG :: BB.ENDPOINTS :: Return discard()
INFO - [G] 2026-09-13 19:30:21 :: DEBUG :: BB.RESPONSE :: discard OK (1595ms)
INFO - [G] 2026-09-13 19:30:24 :: DEBUG :: BB.SERVER :: Client connected
INFO - [G] 2026-09-13 19:30:24 :: DEBUG :: BB.REQUEST :: gamestate()
INFO - [G] 2026-09-13 19:30:24 :: DEBUG :: BB.ENDPOINTS :: Init gamestate()
INFO - [G] 2026-09-13 19:30:24 :: DEBUG :: BB.ENDPOINTS :: Return gamestate()
INFO - [G] 2026-09-13 19:30:24 :: DEBUG :: BB.RESPONSE :: gamestate OK (1ms)
INFO - [G] 2026-09-13 19:30:24 :: DEBUG :: BB.SERVER :: Client connected
INFO - [G] 2026-09-13 19:30:24 :: DEBUG :: BB.REQUEST :: discard({cards=[0,4,5]})
INFO - [G] 2026-09-13 19:30:24 :: DEBUG :: BB.ENDPOINTS :: Init discard()
INFO - [G] 2026-09-13 19:30:24 :: DEBUG :: BB.ENDPOINTS :: Discarding 3 cards: Q♥, 8♣, 7♠ (1 discards left)
INFO - [G] 2026-09-13 19:30:25 :: DEBUG :: BB.ENDPOINTS :: Return discard()
INFO - [G] 2026-09-13 19:30:25 :: DEBUG :: BB.RESPONSE :: discard OK (1334ms)
INFO - [G] 2026-09-13 19:30:28 :: DEBUG :: BB.SERVER :: Client connected
INFO - [G] 2026-09-13 19:30:28 :: DEBUG :: BB.REQUEST :: gamestate()
INFO - [G] 2026-09-13 19:30:28 :: DEBUG :: BB.ENDPOINTS :: Init gamestate()
INFO - [G] 2026-09-13 19:30:28 :: DEBUG :: BB.ENDPOINTS :: Return gamestate()
INFO - [G] 2026-09-13 19:30:28 :: DEBUG :: BB.RESPONSE :: gamestate OK (1ms)
INFO - [G] 2026-09-13 19:30:28 :: DEBUG :: BB.SERVER :: Client connected
INFO - [G] 2026-09-13 19:30:28 :: DEBUG :: BB.REQUEST :: play({cards=[0,1,2,3,4]})
INFO - [G] 2026-09-13 19:30:28 :: DEBUG :: BB.ENDPOINTS :: Init play()
INFO - [G] 2026-09-13 19:30:28 :: DEBUG :: BB.ENDPOINTS :: Playing 5 cards: 9♠, 9♣, 9♦, 5♥, 5♦
INFO - [G] 2026-09-13 19:30:40 :: DEBUG :: BB.RESPONSE :: play OK (11245ms)
INFO - [G] 2026-09-13 19:30:43 :: DEBUG :: BB.SERVER :: Client connected
INFO - [G] 2026-09-13 19:30:43 :: DEBUG :: BB.REQUEST :: gamestate()
INFO - [G] 2026-09-13 19:30:43 :: DEBUG :: BB.ENDPOINTS :: Init gamestate()
INFO - [G] 2026-09-13 19:30:43 :: DEBUG :: BB.ENDPOINTS :: Return gamestate()
INFO - [G] 2026-09-13 19:30:43 :: DEBUG :: BB.RESPONSE :: gamestate OK (1ms)
INFO - [G] 2026-09-13 19:31:14 :: DEBUG :: BB.SERVER :: Client connected
INFO - [G] 2026-09-13 19:31:14 :: DEBUG :: BB.REQUEST :: health()
INFO - [G] 2026-09-13 19:31:14 :: DEBUG :: BB.ENDPOINTS :: Init health()
INFO - [G] 2026-09-13 19:31:14 :: DEBUG :: BB.ENDPOINTS :: Return health()
INFO - [G] 2026-09-13 19:31:14 :: DEBUG :: BB.RESPONSE :: health OK (0ms)
INFO - [G] 2026-09-13 19:31:15 :: DEBUG :: BB.SERVER :: Client connected
INFO - [G] 2026-09-13 19:31:15 :: DEBUG :: BB.REQUEST :: menu()
INFO - [G] 2026-09-13 19:31:15 :: DEBUG :: BB.ENDPOINTS :: Init menu()
INFO - [G] 2026-09-13 19:31:19 :: DEBUG :: BB.ENDPOINTS :: Return menu()
INFO - [G] 2026-09-13 19:31:19 :: DEBUG :: BB.RESPONSE :: menu OK (3986ms)
INFO - [G] 2026-09-13 19:31:19 :: DEBUG :: BB.SERVER :: Client connected
INFO - [G] 2026-09-13 19:31:19 :: DEBUG :: BB.REQUEST :: start({deck="RED", stake="WHITE"})
INFO - [G] 2026-09-13 19:31:19 :: DEBUG :: BB.ENDPOINTS :: Init start()
INFO - [G] 2026-09-13 19:31:19 :: DEBUG :: BB.ENDPOINTS :: Setting deck to: Red Deck (from enum: RED)
INFO - [G] 2026-09-13 19:31:19 :: DEBUG :: BB.ENDPOINTS :: Starting run with stake=1 (WHITE), seed=none
INFO - [G] 2026-09-13 19:31:22 :: DEBUG :: BB.ENDPOINTS :: Return start()
INFO - [G] 2026-09-13 19:31:22 :: DEBUG :: BB.RESPONSE :: start OK (3164ms)
INFO - [G] 2026-09-13 19:31:22 :: DEBUG :: BB.SERVER :: Client connected
INFO - [G] 2026-09-13 19:31:22 :: DEBUG :: BB.REQUEST :: gamestate()
INFO - [G] 2026-09-13 19:31:22 :: DEBUG :: BB.ENDPOINTS :: Init gamestate()
INFO - [G] 2026-09-13 19:31:22 :: DEBUG :: BB.ENDPOINTS :: Return gamestate()
INFO - [G] 2026-09-13 19:31:22 :: DEBUG :: BB.RESPONSE :: gamestate OK (1ms)
INFO - [G] 2026-09-13 19:31:22 :: DEBUG :: BB.SERVER :: Client connected
INFO - [G] 2026-09-13 19:31:22 :: DEBUG :: BB.REQUEST :: select()
INFO - [G] 2026-09-13 19:31:22 :: DEBUG :: BB.ENDPOINTS :: Init select()
INFO - [G] 2026-09-13 19:31:22 :: DEBUG :: BB.ENDPOINTS :: Selecting Small (Small Blind), chips required: ?
INFO - [G] 2026-09-13 19:31:26 :: DEBUG :: BB.ENDPOINTS :: Return select()
INFO - [G] 2026-09-13 19:31:26 :: DEBUG :: BB.RESPONSE :: select OK (3278ms)
INFO - [G] 2026-09-13 19:31:26 :: DEBUG :: BB.SERVER :: Client connected
INFO - [G] 2026-09-13 19:31:26 :: DEBUG :: BB.REQUEST :: gamestate()
INFO - [G] 2026-09-13 19:31:26 :: DEBUG :: BB.ENDPOINTS :: Init gamestate()
INFO - [G] 2026-09-13 19:31:26 :: DEBUG :: BB.ENDPOINTS :: Return gamestate()
INFO - [G] 2026-09-13 19:31:26 :: DEBUG :: BB.RESPONSE :: gamestate OK (1ms)
INFO - [G] 2026-09-13 19:31:26 :: DEBUG :: BB.SERVER :: Client connected
INFO - [G] 2026-09-13 19:31:26 :: DEBUG :: BB.REQUEST :: discard({cards=[3,4,5,6,7]})
INFO - [G] 2026-09-13 19:31:26 :: DEBUG :: BB.ENDPOINTS :: Init discard()
INFO - [G] 2026-09-13 19:31:26 :: DEBUG :: BB.ENDPOINTS :: Discarding 5 cards: 9♦, 8♠, 7♥, 3♥, 2♥ (3 discards left)
INFO - [G] 2026-09-13 19:31:28 :: DEBUG :: BB.ENDPOINTS :: Return discard()
INFO - [G] 2026-09-13 19:31:28 :: DEBUG :: BB.RESPONSE :: discard OK (2061ms)
INFO - [G] 2026-09-13 19:31:31 :: DEBUG :: BB.SERVER :: Client connected
INFO - [G] 2026-09-13 19:31:31 :: DEBUG :: BB.REQUEST :: gamestate()
INFO - [G] 2026-09-13 19:31:31 :: DEBUG :: BB.ENDPOINTS :: Init gamestate()
INFO - [G] 2026-09-13 19:31:31 :: DEBUG :: BB.ENDPOINTS :: Return gamestate()
INFO - [G] 2026-09-13 19:31:31 :: DEBUG :: BB.RESPONSE :: gamestate OK (1ms)
INFO - [G] 2026-09-13 19:31:31 :: DEBUG :: BB.SERVER :: Client connected
INFO - [G] 2026-09-13 19:31:31 :: DEBUG :: BB.REQUEST :: play({cards=[0,1,2,3,4]})
INFO - [G] 2026-09-13 19:31:31 :: DEBUG :: BB.ENDPOINTS :: Init play()
INFO - [G] 2026-09-13 19:31:31 :: DEBUG :: BB.ENDPOINTS :: Playing 5 cards: A♠, A♥, A♦, J♠, J♣
INFO - [G] 2026-09-13 19:31:50 :: DEBUG :: BB.ENDPOINTS :: Return play() - cash out
INFO - [G] 2026-09-13 19:31:50 :: DEBUG :: BB.RESPONSE :: play OK (19215ms)
INFO - [G] 2026-09-13 19:31:53 :: DEBUG :: BB.SERVER :: Client connected
INFO - [G] 2026-09-13 19:31:53 :: DEBUG :: BB.REQUEST :: gamestate()
INFO - [G] 2026-09-13 19:31:53 :: DEBUG :: BB.ENDPOINTS :: Init gamestate()
INFO - [G] 2026-09-13 19:31:53 :: DEBUG :: BB.ENDPOINTS :: Return gamestate()
INFO - [G] 2026-09-13 19:31:53 :: DEBUG :: BB.RESPONSE :: gamestate OK (1ms)
INFO - [G] 2026-09-13 19:31:53 :: DEBUG :: BB.SERVER :: Client connected
INFO - [G] 2026-09-13 19:31:53 :: DEBUG :: BB.REQUEST :: cash_out()
INFO - [G] 2026-09-13 19:31:53 :: DEBUG :: BB.ENDPOINTS :: Init cash_out()
INFO - [G] 2026-09-13 19:31:55 :: DEBUG :: BB.ENDPOINTS :: Return cash_out() - reached SHOP state
INFO - [G] 2026-09-13 19:31:55 :: DEBUG :: BB.RESPONSE :: cash_out OK (1827ms)
INFO - [G] 2026-09-13 19:31:55 :: DEBUG :: BB.SERVER :: Client connected
INFO - [G] 2026-09-13 19:31:55 :: DEBUG :: BB.REQUEST :: gamestate()
INFO - [G] 2026-09-13 19:31:55 :: DEBUG :: BB.ENDPOINTS :: Init gamestate()
INFO - [G] 2026-09-13 19:31:55 :: DEBUG :: BB.ENDPOINTS :: Return gamestate()
INFO - [G] 2026-09-13 19:31:55 :: DEBUG :: BB.RESPONSE :: gamestate OK (2ms)
INFO - [G] 2026-09-13 19:31:55 :: DEBUG :: BB.SERVER :: Client connected
INFO - [G] 2026-09-13 19:31:55 :: DEBUG :: BB.REQUEST :: next_round()
INFO - [G] 2026-09-13 19:31:55 :: DEBUG :: BB.ENDPOINTS :: Init next_round()
INFO - [G] 2026-09-13 19:31:56 :: DEBUG :: BB.ENDPOINTS :: Return next_round() - reached BLIND_SELECT state
INFO - [G] 2026-09-13 19:31:56 :: DEBUG :: BB.RESPONSE :: next_round OK (866ms)
INFO - [G] 2026-09-13 19:31:56 :: DEBUG :: BB.SERVER :: Client connected
INFO - [G] 2026-09-13 19:31:56 :: DEBUG :: BB.REQUEST :: gamestate()
INFO - [G] 2026-09-13 19:31:56 :: DEBUG :: BB.ENDPOINTS :: Init gamestate()
INFO - [G] 2026-09-13 19:31:56 :: DEBUG :: BB.ENDPOINTS :: Return gamestate()
INFO - [G] 2026-09-13 19:31:56 :: DEBUG :: BB.RESPONSE :: gamestate OK (1ms)
INFO - [G] 2026-09-13 19:31:56 :: DEBUG :: BB.SERVER :: Client connected
INFO - [G] 2026-09-13 19:31:56 :: DEBUG :: BB.REQUEST :: select()
INFO - [G] 2026-09-13 19:31:56 :: DEBUG :: BB.ENDPOINTS :: Init select()
INFO - [G] 2026-09-13 19:31:56 :: DEBUG :: BB.ENDPOINTS :: Selecting Big (Big Blind), chips required: ?
INFO - [G] 2026-09-13 19:31:59 :: DEBUG :: BB.ENDPOINTS :: Return select()
INFO - [G] 2026-09-13 19:31:59 :: DEBUG :: BB.RESPONSE :: select OK (3287ms)
INFO - [G] 2026-09-13 19:31:59 :: DEBUG :: BB.SERVER :: Client connected
INFO - [G] 2026-09-13 19:31:59 :: DEBUG :: BB.REQUEST :: gamestate()
INFO - [G] 2026-09-13 19:31:59 :: DEBUG :: BB.ENDPOINTS :: Init gamestate()
INFO - [G] 2026-09-13 19:31:59 :: DEBUG :: BB.ENDPOINTS :: Return gamestate()
INFO - [G] 2026-09-13 19:31:59 :: DEBUG :: BB.RESPONSE :: gamestate OK (1ms)
INFO - [G] 2026-09-13 19:32:00 :: DEBUG :: BB.SERVER :: Client connected
INFO - [G] 2026-09-13 19:32:00 :: DEBUG :: BB.REQUEST :: play({cards=[2,3,4,5]})
INFO - [G] 2026-09-13 19:32:00 :: DEBUG :: BB.ENDPOINTS :: Init play()
INFO - [G] 2026-09-13 19:32:00 :: DEBUG :: BB.ENDPOINTS :: Playing 4 cards: 8♠, 8♦, 7♠, 7♥
INFO - [G] 2026-09-13 19:32:11 :: DEBUG :: BB.ENDPOINTS :: Return play() - same round
INFO - [G] 2026-09-13 19:32:11 :: DEBUG :: BB.RESPONSE :: play OK (11092ms)
INFO - [G] 2026-09-13 19:32:14 :: DEBUG :: BB.SERVER :: Client connected
INFO - [G] 2026-09-13 19:32:14 :: DEBUG :: BB.REQUEST :: gamestate()
INFO - [G] 2026-09-13 19:32:14 :: DEBUG :: BB.ENDPOINTS :: Init gamestate()
INFO - [G] 2026-09-13 19:32:14 :: DEBUG :: BB.ENDPOINTS :: Return gamestate()
INFO - [G] 2026-09-13 19:32:14 :: DEBUG :: BB.RESPONSE :: gamestate OK (1ms)
INFO - [G] 2026-09-13 19:32:14 :: DEBUG :: BB.SERVER :: Client connected
INFO - [G] 2026-09-13 19:32:14 :: DEBUG :: BB.REQUEST :: discard({cards=[0,4,5,6,7]})
INFO - [G] 2026-09-13 19:32:14 :: DEBUG :: BB.ENDPOINTS :: Init discard()
INFO - [G] 2026-09-13 19:32:14 :: DEBUG :: BB.ENDPOINTS :: Discarding 5 cards: A♣, J♣, 8♥, 6♠, 5♥ (3 discards left)
INFO - [G] 2026-09-13 19:32:16 :: DEBUG :: BB.ENDPOINTS :: Return discard()
INFO - [G] 2026-09-13 19:32:16 :: DEBUG :: BB.RESPONSE :: discard OK (1882ms)
INFO - [G] 2026-09-13 19:32:19 :: DEBUG :: BB.SERVER :: Client connected
INFO - [G] 2026-09-13 19:32:19 :: DEBUG :: BB.REQUEST :: gamestate()
INFO - [G] 2026-09-13 19:32:19 :: DEBUG :: BB.ENDPOINTS :: Init gamestate()
INFO - [G] 2026-09-13 19:32:19 :: DEBUG :: BB.ENDPOINTS :: Return gamestate()
INFO - [G] 2026-09-13 19:32:19 :: DEBUG :: BB.RESPONSE :: gamestate OK (1ms)
INFO - [G] 2026-09-13 19:32:19 :: DEBUG :: BB.SERVER :: Client connected
INFO - [G] 2026-09-13 19:32:19 :: DEBUG :: BB.REQUEST :: discard({cards=[0,4,5]})
INFO - [G] 2026-09-13 19:32:19 :: DEBUG :: BB.ENDPOINTS :: Init discard()
INFO - [G] 2026-09-13 19:32:19 :: DEBUG :: BB.ENDPOINTS :: Discarding 3 cards: A♥, 9♦, 3♣ (2 discards left)
INFO - [G] 2026-09-13 19:32:20 :: DEBUG :: BB.ENDPOINTS :: Return discard()
INFO - [G] 2026-09-13 19:32:20 :: DEBUG :: BB.RESPONSE :: discard OK (1354ms)
INFO - [G] 2026-09-13 19:32:23 :: DEBUG :: BB.SERVER :: Client connected
INFO - [G] 2026-09-13 19:32:23 :: DEBUG :: BB.REQUEST :: gamestate()
INFO - [G] 2026-09-13 19:32:23 :: DEBUG :: BB.ENDPOINTS :: Init gamestate()
INFO - [G] 2026-09-13 19:32:23 :: DEBUG :: BB.ENDPOINTS :: Return gamestate()
INFO - [G] 2026-09-13 19:32:23 :: DEBUG :: BB.RESPONSE :: gamestate OK (1ms)
INFO - [G] 2026-09-13 19:32:23 :: DEBUG :: BB.SERVER :: Client connected
INFO - [G] 2026-09-13 19:32:23 :: DEBUG :: BB.REQUEST :: discard({cards=[3,6,7]})
INFO - [G] 2026-09-13 19:32:23 :: DEBUG :: BB.ENDPOINTS :: Init discard()
INFO - [G] 2026-09-13 19:32:23 :: DEBUG :: BB.ENDPOINTS :: Discarding 3 cards: 10♥, 2♠, 2♦ (1 discards left)
INFO - [G] 2026-09-13 19:32:25 :: DEBUG :: BB.ENDPOINTS :: Return discard()
INFO - [G] 2026-09-13 19:32:25 :: DEBUG :: BB.RESPONSE :: discard OK (1346ms)
INFO - [G] 2026-09-13 19:32:28 :: DEBUG :: BB.SERVER :: Client connected
INFO - [G] 2026-09-13 19:32:28 :: DEBUG :: BB.REQUEST :: gamestate()
INFO - [G] 2026-09-13 19:32:28 :: DEBUG :: BB.ENDPOINTS :: Init gamestate()
INFO - [G] 2026-09-13 19:32:28 :: DEBUG :: BB.ENDPOINTS :: Return gamestate()
INFO - [G] 2026-09-13 19:32:28 :: DEBUG :: BB.RESPONSE :: gamestate OK (1ms)
INFO - [G] 2026-09-13 19:32:28 :: DEBUG :: BB.SERVER :: Client connected
INFO - [G] 2026-09-13 19:32:28 :: DEBUG :: BB.REQUEST :: discard({cards=[3,4,7]})
INFO - [G] 2026-09-13 19:32:28 :: DEBUG :: BB.ENDPOINTS :: Init discard()
INFO - [G] 2026-09-13 19:32:28 :: DEBUG :: BB.ENDPOINTS :: Discarding 3 cards: 6♥, 5♠, 3♦ (0 discards left)
INFO - [G] 2026-09-13 19:32:29 :: DEBUG :: BB.ENDPOINTS :: Return discard()
INFO - [G] 2026-09-13 19:32:29 :: DEBUG :: BB.RESPONSE :: discard OK (1356ms)
INFO - [G] 2026-09-13 19:32:32 :: DEBUG :: BB.SERVER :: Client connected
INFO - [G] 2026-09-13 19:32:32 :: DEBUG :: BB.REQUEST :: gamestate()
INFO - [G] 2026-09-13 19:32:32 :: DEBUG :: BB.ENDPOINTS :: Init gamestate()
INFO - [G] 2026-09-13 19:32:32 :: DEBUG :: BB.ENDPOINTS :: Return gamestate()
INFO - [G] 2026-09-13 19:32:32 :: DEBUG :: BB.RESPONSE :: gamestate OK (1ms)
INFO - [G] 2026-09-13 19:32:33 :: DEBUG :: BB.SERVER :: Client connected
INFO - [G] 2026-09-13 19:32:33 :: DEBUG :: BB.REQUEST :: play({cards=[0,1,2,5,6]})
INFO - [G] 2026-09-13 19:32:33 :: DEBUG :: BB.ENDPOINTS :: Init play()
INFO - [G] 2026-09-13 19:32:33 :: DEBUG :: BB.ENDPOINTS :: Playing 5 cards: Q♠, Q♣, Q♦, 4♠, 4♦
INFO - [G] 2026-09-13 19:32:45 :: DEBUG :: BB.ENDPOINTS :: Return play() - same round
INFO - [G] 2026-09-13 19:32:45 :: DEBUG :: BB.RESPONSE :: play OK (12298ms)
INFO - [G] 2026-09-13 19:32:48 :: DEBUG :: BB.SERVER :: Client connected
INFO - [G] 2026-09-13 19:32:48 :: DEBUG :: BB.REQUEST :: gamestate()
INFO - [G] 2026-09-13 19:32:48 :: DEBUG :: BB.ENDPOINTS :: Init gamestate()
INFO - [G] 2026-09-13 19:32:48 :: DEBUG :: BB.ENDPOINTS :: Return gamestate()
INFO - [G] 2026-09-13 19:32:48 :: DEBUG :: BB.RESPONSE :: gamestate OK (1ms)
INFO - [G] 2026-09-13 19:32:48 :: DEBUG :: BB.SERVER :: Client connected
INFO - [G] 2026-09-13 19:32:48 :: DEBUG :: BB.REQUEST :: play({cards=[4,5]})
INFO - [G] 2026-09-13 19:32:48 :: DEBUG :: BB.ENDPOINTS :: Init play()
INFO - [G] 2026-09-13 19:32:48 :: DEBUG :: BB.ENDPOINTS :: Playing 2 cards: 9♠, 9♣
INFO - [G] 2026-09-13 19:32:58 :: DEBUG :: BB.ENDPOINTS :: Return play() - cash out
INFO - [G] 2026-09-13 19:32:58 :: DEBUG :: BB.RESPONSE :: play OK (10365ms)
INFO - [G] 2026-09-13 19:33:01 :: DEBUG :: BB.SERVER :: Client connected
INFO - [G] 2026-09-13 19:33:01 :: DEBUG :: BB.REQUEST :: gamestate()
INFO - [G] 2026-09-13 19:33:01 :: DEBUG :: BB.ENDPOINTS :: Init gamestate()
INFO - [G] 2026-09-13 19:33:01 :: DEBUG :: BB.ENDPOINTS :: Return gamestate()
INFO - [G] 2026-09-13 19:33:01 :: DEBUG :: BB.RESPONSE :: gamestate OK (1ms)
INFO - [G] 2026-09-13 19:33:01 :: DEBUG :: BB.SERVER :: Client connected
INFO - [G] 2026-09-13 19:33:01 :: DEBUG :: BB.REQUEST :: cash_out()
INFO - [G] 2026-09-13 19:33:01 :: DEBUG :: BB.ENDPOINTS :: Init cash_out()
INFO - [G] 2026-09-13 19:33:07 :: DEBUG :: BB.ENDPOINTS :: Return cash_out() - reached SHOP state
INFO - [G] 2026-09-13 19:33:07 :: DEBUG :: BB.RESPONSE :: cash_out OK (5867ms)
INFO - [G] 2026-09-13 19:33:07 :: DEBUG :: BB.SERVER :: Client connected
INFO - [G] 2026-09-13 19:33:07 :: DEBUG :: BB.REQUEST :: gamestate()
INFO - [G] 2026-09-13 19:33:07 :: DEBUG :: BB.ENDPOINTS :: Init gamestate()
INFO - [G] 2026-09-13 19:33:07 :: DEBUG :: BB.ENDPOINTS :: Return gamestate()
INFO - [G] 2026-09-13 19:33:07 :: DEBUG :: BB.RESPONSE :: gamestate OK (1ms)
INFO - [G] 2026-09-13 19:33:07 :: DEBUG :: BB.SERVER :: Client connected
INFO - [G] 2026-09-13 19:33:07 :: DEBUG :: BB.REQUEST :: next_round()
INFO - [G] 2026-09-13 19:33:07 :: DEBUG :: BB.ENDPOINTS :: Init next_round()
INFO - [G] 2026-09-13 19:33:08 :: DEBUG :: BB.ENDPOINTS :: Return next_round() - reached BLIND_SELECT state
INFO - [G] 2026-09-13 19:33:08 :: DEBUG :: BB.RESPONSE :: next_round OK (869ms)
INFO - [G] 2026-09-13 19:33:08 :: DEBUG :: BB.SERVER :: Client connected
INFO - [G] 2026-09-13 19:33:08 :: DEBUG :: BB.REQUEST :: gamestate()
INFO - [G] 2026-09-13 19:33:08 :: DEBUG :: BB.ENDPOINTS :: Init gamestate()
INFO - [G] 2026-09-13 19:33:08 :: DEBUG :: BB.ENDPOINTS :: Return gamestate()
INFO - [G] 2026-09-13 19:33:08 :: DEBUG :: BB.RESPONSE :: gamestate OK (1ms)
INFO - [G] 2026-09-13 19:33:08 :: DEBUG :: BB.SERVER :: Client connected
INFO - [G] 2026-09-13 19:33:08 :: DEBUG :: BB.REQUEST :: select()
INFO - [G] 2026-09-13 19:33:08 :: DEBUG :: BB.ENDPOINTS :: Init select()
INFO - [G] 2026-09-13 19:33:08 :: DEBUG :: BB.ENDPOINTS :: Selecting Boss (The Pillar), chips required: ?
INFO - [G] 2026-09-13 19:33:11 :: DEBUG :: BB.ENDPOINTS :: Return select()
INFO - [G] 2026-09-13 19:33:11 :: DEBUG :: BB.RESPONSE :: select OK (3175ms)
INFO - [G] 2026-09-13 19:33:11 :: DEBUG :: BB.SERVER :: Client connected
INFO - [G] 2026-09-13 19:33:11 :: DEBUG :: BB.REQUEST :: gamestate()
INFO - [G] 2026-09-13 19:33:11 :: DEBUG :: BB.ENDPOINTS :: Init gamestate()
INFO - [G] 2026-09-13 19:33:11 :: DEBUG :: BB.ENDPOINTS :: Return gamestate()
INFO - [G] 2026-09-13 19:33:11 :: DEBUG :: BB.RESPONSE :: gamestate OK (1ms)
INFO - [G] 2026-09-13 19:33:12 :: DEBUG :: BB.SERVER :: Client connected
INFO - [G] 2026-09-13 19:33:12 :: DEBUG :: BB.REQUEST :: play({cards=[0]})
INFO - [G] 2026-09-13 19:33:12 :: DEBUG :: BB.ENDPOINTS :: Init play()
INFO - [G] 2026-09-13 19:33:12 :: DEBUG :: BB.ENDPOINTS :: Playing 1 cards: K♠
INFO - [G] 2026-09-13 19:33:18 :: DEBUG :: BB.ENDPOINTS :: Return play() - same round
INFO - [G] 2026-09-13 19:33:18 :: DEBUG :: BB.RESPONSE :: play OK (6303ms)
INFO - [G] 2026-09-13 19:33:21 :: DEBUG :: BB.SERVER :: Client connected
INFO - [G] 2026-09-13 19:33:21 :: DEBUG :: BB.REQUEST :: gamestate()
INFO - [G] 2026-09-13 19:33:21 :: DEBUG :: BB.ENDPOINTS :: Init gamestate()
INFO - [G] 2026-09-13 19:33:21 :: DEBUG :: BB.ENDPOINTS :: Return gamestate()
INFO - [G] 2026-09-13 19:33:21 :: DEBUG :: BB.RESPONSE :: gamestate OK (1ms)
INFO - [G] 2026-09-13 19:33:21 :: DEBUG :: BB.SERVER :: Client connected
INFO - [G] 2026-09-13 19:33:21 :: DEBUG :: BB.REQUEST :: play({cards=[0]})
INFO - [G] 2026-09-13 19:33:21 :: DEBUG :: BB.ENDPOINTS :: Init play()
INFO - [G] 2026-09-13 19:33:21 :: DEBUG :: BB.ENDPOINTS :: Playing 1 cards: Q♣
INFO - [G] 2026-09-13 19:33:27 :: DEBUG :: BB.ENDPOINTS :: Return play() - same round
INFO - [G] 2026-09-13 19:33:27 :: DEBUG :: BB.RESPONSE :: play OK (6026ms)
